AreaCode,RegionName,Quarter,AveragePrice,12m%Change,DetachedPrice,Detached12m%Change,SemiDetachedPrice,SemiDetached12m%Change,TerracedPrice,Terraced12m%Change,FlatPrice,Flat12m%Change,Average_Income,Rate,CPI_Index,SalesVolume,Long_Term_Issued,Short_Term_Issued,Crime_Property,Crime_Violent,Crime_PublicOrder,Grant of Asylum
E09000003,Barnet,2015Q2,499056,11.63333333,1236523,11.1,651202.3333,12.03333333,490921.6667,11.56666667,338702,11.5,32993.52667,0.5,100.0666667,1149,124947,668316,3881,1201,909,3248.01
E09000003,Barnet,2015Q3,506857.6667,7.3,1256821.667,7.233333333,664586,7.833333333,501417.3333,7.333333333,342445,7.1,33133.83333,0.5,100.1666667,1326,240512.01,539514.99,3930,1208,1047,3229.98
E09000003,Barnet,2015Q4,527968.6667,10.6,1317281,10.9,693940.6667,11.3,521158.6667,10.96666667,356232.3333,10.1,33226.75333,0.5,100.3,1498,95876.01,339126.99,4218,1272,1126,3192.99
E09000003,Barnet,2016Q1,542860.3333,9.233333333,1352242.667,9.633333333,715827.6667,10.43333333,535136.6667,9.7,366007.3333,8.4,33319.67,0.5,99.83333333,1643,89624.01,356235.99,3940,1187,1057,2772
E09000003,Barnet,2016Q2,562498.3333,12.73333333,1385371.667,12.06666667,733635,12.66666667,555035,13.06666667,381799.3333,12.73333333,33411.91667,0.5,100.4,1119,147306.99,652428.99,4048,1325,1231,2474.01
E09000003,Barnet,2016Q3,566613,11.8,1384460,10.16666667,738738,11.16666667,558914.3333,11.5,385186.6667,12.5,34094.28,0.333333333,100.8666667,1217,245307,527103,4000,1262,1229,2117.01
E09000003,Barnet,2016Q4,559501.6667,6,1374808.667,4.366666667,730087.3333,5.233333333,547540.3333,5.1,380979,6.966666667,35072.98,0.25,101.5,1120,94007.01,366960,4009,1299,1087,2580.99
E09000003,Barnet,2017Q1,573781.6667,5.7,1407830,4.1,743224.3333,3.833333333,559126.6667,4.466666667,392677.3333,7.3,36048.11667,0.25,102,975,96450.99,417771.99,4125,1329,1102,2469
E09000003,Barnet,2017Q2,572795.6667,1.866666667,1400224,1.066666667,737807.6667,0.6,555536.6667,0.133333333,393783.6667,3.2,37012.58,0.25,103.1666667,1056,159168.99,725610,4174,1358,1148,2187
E09000003,Barnet,2017Q3,562931,-0.666666667,1366805.333,-1.266666667,727886,-1.466666667,548352,-1.9,386184.3333,0.266666667,37056.72667,0.25,103.7,1021,257796.99,563834.01,4064,1364,1125,2041.98
E09000003,Barnet,2017Q4,574327.6667,2.666666667,1409685,2.533333333,747900.6667,2.466666667,560831,2.433333333,391893.3333,2.866666667,36631.04,0.416666667,104.5666667,976,98865.99,388368,4462,1406,1091,1866
E09000003,Barnet,2018Q1,566308,-1.3,1382070.333,-1.8,737559,-0.733333333,553547.6667,-0.966666667,386602,-1.566666667,36206.90333,0.5,104.7666667,834,97074.99,416469,4456,1216,1103,2325.99
E09000003,Barnet,2018Q2,565461,-1.3,1381499,-1.3,742288,0.633333333,557480.6667,0.333333333,383644.3333,-2.533333333,35787.41,0.5,105.6666667,987,172416.99,764279.01,4404,1468,1213,2382
E09000003,Barnet,2018Q3,562905,-0.033333333,1395489.333,2.133333333,741920.6667,1.933333333,554766.6667,1.166666667,380479,-1.5,35753.13,0.666666667,106.3,1095,284828.01,624605.01,4335,1371,1170,2611.98
E09000003,Barnet,2018Q4,567672.6667,-1.133333333,1417510.667,0.566666667,749916.6667,0.266666667,559659,-0.2,382884.6667,-2.266666667,35915.62,0.75,106.9333333,1000,108036,434286,4904,1348,1237,2776.98
E09000003,Barnet,2019Q1,554697,-2.033333333,1383252.333,0.066666667,732578,-0.666666667,546011.3333,-1.333333333,374512,-3.1,36077.51667,0.75,106.7,842,112719,453599.01,5061,1410,1324,3853.98
E09000003,Barnet,2019Q2,540560,-4.366666667,1341581.667,-2.9,713140.3333,-3.9,536125.6667,-3.833333333,364427.6667,-5,36237.64,0.75,107.8,1059,193596.99,792681.99,5163,1416,1274,3580.02
E09000003,Barnet,2019Q3,556393.6667,-1.2,1376812.667,-1.333333333,736050.6667,-0.8,554090,-0.133333333,374158.6667,-1.666666667,36311.83,0.75,108.2666667,1017,321639.99,689672.01,4961,1511,1396,3656.01
E09000003,Barnet,2019Q4,560109.6667,-1.333333333,1401342.667,-1.133333333,746155.6667,-0.5,557883.3333,-0.333333333,374436,-2.2,36341.64,0.75,108.4333333,888,130221.99,477507.99,5065,1499,1283,3990
E09000003,Barnet,2020Q1,551982.6667,-0.466666667,1390991.667,0.566666667,738109.6667,0.766666667,551596.6667,1.033333333,367515.3333,-1.833333333,36371.44333,0.533333333,108.4666667,828,108819,364535.01,4765,1518,1226,4024.02
E09000003,Barnet,2020Q2,558706.6667,3.366666667,1432500.667,6.8,747491,4.8,559291.3333,4.333333333,370795.3333,1.733333333,36401.03,0.1,108.5333333,378,9206.01,6153.99,2903,1348,1504,1573.02
E09000003,Barnet,2020Q3,558378.6667,0.366666667,1421006,3.2,752767.3333,2.266666667,563577.3333,1.7,368917,-1.4,36295.35,0.1,108.9333333,864,188156.01,63846.99,4036,1451,1582,1110
E09000003,Barnet,2020Q4,561631.6667,0.266666667,1444304.333,3.066666667,764909.6667,2.5,573033.3333,2.7,367742,-1.766666667,36121.56,0.1,109.0666667,1171,154866.99,66060,4157,1396,1474,2266.02
E09000003,Barnet,2021Q1,572270.3333,3.666666667,1451800,4.366666667,772196.3333,4.633333333,581051.6667,5.333333333,377627,2.733333333,35948.40333,0.1,109.1666667,1486,132414,37779.99,3413,1271,1548,3291
E09000003,Barnet,2021Q2,576483.6667,3.2,1451014.333,1.3,770982.6667,3.133333333,583866.3333,4.4,382687.6667,3.233333333,35777.14,0.1,110.7333333,1859,155789.01,49665,3683,1594,1788,3336
E09000003,Barnet,2021Q3,598267.6667,7.166666667,1552681.333,9.266666667,805054,6.933333333,604275.3333,7.233333333,393267,6.6,36038.03667,0.1,111.9333333,969,397026.99,105240.99,3707,1545,1542,3003.99
E09000003,Barnet,2021Q4,610891,8.766666667,1616256.333,11.93333333,834412.3333,9.066666667,615801.3333,7.433333333,396434.6667,7.8,36517.47,0.15,114.4,888,212738.01,209291.01,3844,1545,1511,3322.02
E09000003,Barnet,2022Q1,617421.3333,7.866666667,1630676,12.3,846012.6667,9.533333333,624493,7.5,399388.6667,5.8,36995.15333,0.5,115.9333333,1072,231531.99,244452,3969,1437,1495,3880.98
E09000003,Barnet,2022Q2,627488,8.833333333,1656344,14.16666667,860619,11.63333333,636620,9.033333333,405134.3333,5.9,37467.61,1,120.8666667,1159,320414.01,366537,3898,1660,1456,3633
E09000003,Barnet,2022Q3,638356.6667,6.733333333,1682472,8.433333333,879713.6667,9.3,654121.3333,8.266666667,409130.6667,4.066666667,38328.08,1.75,123.1333333,1142,580814.01,433932.99,3944,1587,1432,4697.01
E09000003,Barnet,2022Q4,643299,5.266666667,1701062,5.3,888856.3333,6.533333333,660631,7.266666667,410859.3333,3.666666667,39380.11333,2.916666667,126.7,1113,294774.99,351239.01,4124,1519,1479,5063.01
E09000003,Barnet,2023Q1,636284,3.066666667,1680028.333,3.033333333,879005,3.866666667,648681,3.833333333,407999,2.133333333,40428.31667,3.916666667,127.7333333,710,297594.99,399660.99,4120,1530,1576,4217.01
E09000003,Barnet,2023Q2,617810,-1.533333333,1639532.667,-1,850356.3333,-1.2,626854.3333,-1.5,397512.3333,-1.866666667,41465.04667,4.583333333,131.0666667,646,295668,630632.01,3961,1686,1546,6334.02
E09000003,Barnet,2023Q3,623978,-2.233333333,1660415,-1.333333333,860571.3333,-2.166666667,639662,-2.2,398873.3333,-2.5,42323.83,5.166666667,131.4,758,573971.01,532428,4019,1725,1543,22484.01
E09000003,Barnet,2023Q4,617300.6667,-4.033333333,1628374.333,-4.266666667,851840.3333,-4.166666667,631265.3333,-4.433333333,395706,-3.666666667,43085.47,5.25,131.9666667,737,265236.99,392259.99,4296,1607,1648,28443
E09000003,Barnet,2024Q1,604590,-5,1583364.667,-5.766666667,832948.3333,-5.266666667,618324,-4.666666667,388603.3333,-4.766666667,43847.10333,5.25,132.2666667,716,229845.99,454544.01,4178,1474,1314,10417.02
E09000003,Barnet,2024Q2,615034.3333,-0.466666667,1608678.667,-1.866666667,842880,-0.866666667,627927.3333,0.166666667,397083.6667,-0.1,44603.2,5.25,133.8333333,809,204254.01,728825.01,4124,1472,1284,5466
E09000003,Barnet,2024Q3,628655.3333,0.733333333,1642598.333,-1.066666667,865473,0.566666667,648515.3333,1.366666667,402896.6667,1,45239.54,5.083333333,134.1,937,388326.99,555722.01,4055,1539,1417,8415.99
E09000003,Barnet,2024Q4,625943.3333,1.4,1649010,1.233333333,863630.6667,1.366666667,645272.6667,2.233333333,399923.6667,1.066666667,45812.89667,4.833333333,135.2333333,992,145505.01,420449.01,4149,1457,1495,16455
E09000003,Barnet,2025Q1,610279.3333,0.933333333,1600322,1.066666667,841877,1.066666667,632245.6667,2.233333333,389525,0.266666667,46384.17,4.583333333,135.9666667,1273,151643.01,452067.99,3846,1468,1447,16068
E09000003,Barnet,2025Q2,613893,-0.166666667,1639877,1.966666667,859346,1.933333333,637303.6667,1.5,386248,-2.733333333,46949.18667,4.333333333,138.5,566,185370,790707.99,3258,1530,1763,12370.02
E09000003,Barnet,2025Q3,617820,-1.733333333,1630283.333,-0.766666667,871158.6667,0.666666667,648134.6667,-0.033333333,386060,-4.2,47141,4.083333333,139.2,665,376097.01,568923.99,3623,1579,1662,13254.99
E09000003,Barnet,2025Q4,600888,-4.033333333,1575584.667,-4.466666667,844884.3333,-2.166666667,632526,-2,376155.3333,-5.933333333,47141,3.916666667,139.8,546,116405.01,429636,3696,1621,1575,13194
E08000025,Birmingham,2015Q2,141685.6667,4.666666667,267672.3333,5.166666667,158965,5,129152.3333,4.366666667,101013,4.466666667,25046.06,0.5,100.0666667,3057,124947,668316,12205,4450,2603,3248.01
E08000025,Birmingham,2015Q3,147009.6667,5.133333333,277298,5.5,165215.3333,5.5,134278.6667,4.733333333,104188,5,25206.5,0.5,100.1666667,3695,240512.01,539514.99,12020,4494,2699,3229.98
E08000025,Birmingham,2015Q4,149189.6667,5.733333333,283500.3333,6.433333333,167892,6.1,136170,5.533333333,105222.6667,5.1,25443.18,0.5,100.3,3704,95876.01,339126.99,12926,4637,2681,3192.99
E08000025,Birmingham,2016Q1,151002.3333,7.666666667,286568,8.1,170398.3333,8.4,137542,7.633333333,106562,6.166666667,25679.86,0.5,99.83333333,3960,89624.01,356235.99,12879,4732,2980,2772
E08000025,Birmingham,2016Q2,154283.3333,8.9,291018.6667,8.7,173756,9.3,140777.3333,9,109209.6667,8.1,25914.82,0.5,100.4,2802,147306.99,652428.99,12723,4972,3063,2474.01
E08000025,Birmingham,2016Q3,159353,8.4,300021.6667,8.2,179173,8.466666667,145518.3333,8.366666667,113023,8.5,26118.34,0.333333333,100.8666667,3510,245307,527103,14198,5209,3094,2117.01
E08000025,Birmingham,2016Q4,160177.6667,7.4,304526.3333,7.433333333,180518.3333,7.533333333,145325.3333,6.733333333,114068.3333,8.366666667,26305.19,0.25,101.5,3380,94007.01,366960,15677,5156,2844,2580.99
E08000025,Birmingham,2017Q1,162641.3333,7.7,309823,8.133333333,183061,7.433333333,147280.6667,7.066666667,116297.3333,9.133333333,26491.36,0.25,102,2994,96450.99,417771.99,15399,5067,2974,2469
E08000025,Birmingham,2017Q2,164202.3333,6.433333333,310397.6667,6.666666667,184563,6.233333333,148624,5.6,118126.3333,8.2,26675.49,0.25,103.1666667,2970,159168.99,725610,15660,5846,3498,2187
E08000025,Birmingham,2017Q3,171248.3333,7.466666667,321949,7.3,192475.3333,7.433333333,155346.6667,6.766666667,123055.3333,8.866666667,26924.34,0.25,103.7,3801,257796.99,563834.01,15671,5874,3466,2041.98
E08000025,Birmingham,2017Q4,172246.3333,7.533333333,326095,7.1,194191.6667,7.566666667,156257,7.5,122834.3333,7.7,27204.36333,0.416666667,104.5666667,3560,98865.99,388368,15643,6377,3547,1866
E08000025,Birmingham,2018Q1,172848.6667,6.266666667,327594,5.733333333,195351.3333,6.7,156909.6667,6.533333333,122601.3333,5.433333333,27483.37,0.5,104.7666667,3189,97074.99,416469,15647,6104,3782,2325.99
E08000025,Birmingham,2018Q2,174960.6667,6.566666667,331573.3333,6.8,198185.6667,7.366666667,159348.6667,7.233333333,122910.3333,4.033333333,27759.32,0.5,105.6666667,3021,172416.99,764279.01,15404,6745,4464,2382
E08000025,Birmingham,2018Q3,178993,4.5,340103.6667,5.666666667,202821,5.4,162985.6667,4.933333333,125548.3333,2.033333333,27794.17333,0.666666667,106.3,3542,284828.01,624605.01,15884,7112,4554,2611.98
E08000025,Birmingham,2018Q4,182478,5.933333333,348189,6.8,207137.3333,6.666666667,165964,6.233333333,127621,3.9,27705.77333,0.75,106.9333333,3882,108036,434286,17063,7407,4811,2776.98
E08000025,Birmingham,2019Q1,182373.6667,5.5,348876.6667,6.466666667,207325.6667,6.133333333,165577,5.5,127449,3.933333333,27617.69,0.75,106.7,3104,112719,453599.01,15806,7765,5311,3853.98
E08000025,Birmingham,2019Q2,181610,3.833333333,345833.6667,4.3,206649,4.266666667,165461.6667,3.8,126269,2.733333333,27530.57667,0.75,107.8,3032,193596.99,792681.99,14332,8148,5668,3580.02
E08000025,Birmingham,2019Q3,183117,2.333333333,347868,2.266666667,208022.3333,2.566666667,167336.3333,2.7,127134.3333,1.233333333,27807.66667,0.75,108.2666667,3231,321639.99,689672.01,13922,8540,6172,3656.01
E08000025,Birmingham,2019Q4,183134.3333,0.366666667,349164.3333,0.266666667,208885.6667,0.866666667,167497,0.933333333,126111,-1.166666667,28268.50333,0.75,108.4333333,3435,130221.99,477507.99,14161,8678,6172,3990
E08000025,Birmingham,2020Q1,182503.3333,0.066666667,349267,0.1,208939.6667,0.8,167054.3333,0.9,124727.6667,-2.133333333,28729.34333,0.533333333,108.4666667,2617,108819,364535.01,13617,9031,6321,4024.02
E08000025,Birmingham,2020Q2,182176,0.3,350188.6667,1.266666667,208790.6667,1.033333333,166920.3333,0.9,123945,-1.866666667,29186.82667,0.1,108.5333333,1672,9206.01,6153.99,9145,8276,7466,1573.02
E08000025,Birmingham,2020Q3,187630.3333,2.466666667,359948.6667,3.466666667,215488.6667,3.566666667,172397,3.033333333,126897,-0.2,29264.62333,0.1,108.9333333,2360,188156.01,63846.99,12010,10237,8714,1110
E08000025,Birmingham,2020Q4,189840.6667,3.666666667,366892.3333,5.066666667,218213.3333,4.466666667,175361,4.7,126881.3333,0.6,29149.85333,0.1,109.0666667,3145,154866.99,66060,12906,10819,10427,2266.02
E08000025,Birmingham,2021Q1,198957.6667,9,376745.3333,7.866666667,227552.3333,8.933333333,184138,10.26666667,134659,7.966666667,29035.5,0.1,109.1666667,3713,132414,37779.99,11565,10683,11978,3291
E08000025,Birmingham,2021Q2,204712,12.36666667,383377.3333,9.466666667,232867.3333,11.56666667,189772.3333,13.7,139910.6667,12.9,28922.39667,0.1,110.7333333,3865,155789.01,49665,12366,12039,12024,3336
E08000025,Birmingham,2021Q3,207145,10.43333333,391661.3333,8.8,236530.3333,9.766666667,192004.3333,11.4,140192,10.46666667,29210.06,0.1,111.9333333,3443,397026.99,105240.99,13000,12778,12530,3003.99
E08000025,Birmingham,2021Q4,206509.3333,8.8,397254,8.266666667,237723,8.966666667,191276,9.1,137103.3333,8.033333333,29700.03667,0.15,114.4,2708,212738.01,209291.01,14727,12816,12125,3322.02
E08000025,Birmingham,2022Q1,214944.6667,8.066666667,413043,9.633333333,248191.3333,9.066666667,199453.6667,8.333333333,141806,5.333333333,30188.23,0.5,115.9333333,3106,231531.99,244452,14753,11954,11381,3880.98
E08000025,Birmingham,2022Q2,221153.3333,8.066666667,423608,10.5,255537.3333,9.733333333,205779.3333,8.433333333,145245,3.833333333,30671.08,1,120.8666667,2828,320414.01,366537,15101,12816,12170,3633
E08000025,Birmingham,2022Q3,226999.3333,9.6,432334.3333,10.4,262439.3333,10.96666667,212418.3333,10.63333333,147574.3333,5.3,31086.35333,1.75,123.1333333,3160,580814.01,433932.99,16236,12842,12036,4697.01
E08000025,Birmingham,2022Q4,232751.6667,12.7,445235,12.06666667,269208,13.23333333,217768.3333,13.86666667,150703.3333,9.9,31464.07,2.916666667,126.7,3111,294774.99,351239.01,15822,12171,10461,5063.01
E08000025,Birmingham,2023Q1,230561,7.3,442948,7.266666667,267253,7.733333333,214583,7.633333333,149785.3333,5.666666667,31840.41333,3.916666667,127.7333333,2260,297594.99,399660.99,15757,11512,10578,4217.01
E08000025,Birmingham,2023Q2,222676.6667,0.7,429585.6667,1.4,258238.3333,1.066666667,206340.6667,0.266666667,145327,0.066666667,32212.63667,4.583333333,131.0666667,2033,295668,630632.01,15151,12199,9887,6334.02
E08000025,Birmingham,2023Q3,226241,-0.333333333,433404.3333,0.233333333,262154,-0.1,210970.3333,-0.666666667,146593.3333,-0.666666667,32608.33333,5.166666667,131.4,2125,573971.01,532428,14905,11896,8665,22484.01
E08000025,Birmingham,2023Q4,225518.3333,-3.1,430991.3333,-3.2,261227.3333,-2.966666667,210266.3333,-3.466666667,146420.3333,-2.8,33013.07,5.25,131.9666667,2211,265236.99,392259.99,15375,11600,8264,28443
E08000025,Birmingham,2024Q1,221847,-3.766666667,423243,-4.433333333,256990.6667,-3.833333333,206722,-3.633333333,144309,-3.633333333,33417.80333,5.25,132.2666667,1962,229845.99,454544.01,14434,10652,8147,10417.02
E08000025,Birmingham,2024Q2,223437,0.333333333,423146.3333,-1.466666667,258208.6667,0,208341,0.966666667,146305,0.7,33819.6,5.25,133.8333333,2146,204254.01,728825.01,14950,11909,8455,5466
E08000025,Birmingham,2024Q3,228513.3333,1.033333333,432294.3333,-0.266666667,264123.3333,0.733333333,214308.6667,1.566666667,148081,1.033333333,34294.93,5.083333333,134.1,2559,388326.99,555722.01,15611,11580,8429,8415.99
E08000025,Birmingham,2024Q4,233326.3333,3.466666667,444619,3.166666667,270088.6667,3.433333333,218579,3.933333333,150572.3333,2.833333333,34805.75333,4.833333333,135.2333333,2782,145505.01,420449.01,14281,11129,7667,16455
E08000025,Birmingham,2025Q1,231361.3333,4.3,439371.6667,3.833333333,268357.6667,4.466666667,217167.3333,5.066666667,148570,2.966666667,35314.71667,4.583333333,135.9666667,3062,151643.01,452067.99,13328,10885,8037,16068
E08000025,Birmingham,2025Q2,230367.3333,3.133333333,439575,3.866666667,268160,3.866666667,216180.6667,3.8,146687,0.266666667,35818.10667,4.333333333,138.5,1620,185370,790707.99,13911,11688,8679,12370.02
E08000025,Birmingham,2025Q3,229661.3333,0.5,436408.3333,0.966666667,268286.6667,1.6,216586,1.066666667,144177.3333,-2.633333333,35989,4.083333333,139.2,1956,376097.01,568923.99,14581,11674,8902,13254.99
E08000025,Birmingham,2025Q4,233005.6667,-0.133333333,439061.6667,-1.266666667,272732.3333,1,220156.6667,0.733333333,145886.3333,-3.133333333,35989,3.916666667,139.8,1740,116405.01,429636,14039,11064,8233,13194
E08000001,Bolton,2015Q2,111093.3333,4.1,208723,4.8,119235.3333,4.366666667,89921.33333,3.6,72958.33333,3.833333333,23700.83,0.5,100.0666667,886,124947,668316,3322,1384,841,3248.01
E08000001,Bolton,2015Q3,112984.3333,4.2,211955.6667,4.9,121361,4.633333333,91575,3.566666667,73668.33333,4,23955,0.5,100.1666667,1025,240512.01,539514.99,3463,1332,1022,3229.98
E08000001,Bolton,2015Q4,113729,3.966666667,214936.3333,4.933333333,122173,4.266666667,91923.66667,3.333333333,73865.66667,3.166666667,24213.47,0.5,100.3,1054,95876.01,339126.99,3593,1292,898,3192.99
E08000001,Bolton,2016Q1,113200,3.5,213526.3333,4.133333333,121808.6667,3.933333333,91466.33333,3.233333333,73483,2.066666667,24471.94,0.5,99.83333333,1110,89624.01,356235.99,3345,1221,847,2772
E08000001,Bolton,2016Q2,115881.3333,4.3,217290.6667,4.133333333,124461,4.4,93941.33333,4.466666667,75604.33333,3.633333333,24728.53,0.5,100.4,899,147306.99,652428.99,3353,1414,962,2474.01
E08000001,Bolton,2016Q3,117309.3333,3.8,219775.6667,3.7,125876.3333,3.733333333,95194.33333,3.966666667,76581,3.933333333,24739.62667,0.333333333,100.8666667,1104,245307,527103,3534,1369,1019,2117.01
E08000001,Bolton,2016Q4,117646.6667,3.433333333,222645.3333,3.6,126590,3.6,94732.66667,3.033333333,77220.33333,4.533333333,24626.36,0.25,101.5,1025,94007.01,366960,3797,1699,1340,2580.99
E08000001,Bolton,2017Q1,120043,6.066666667,227739.6667,6.666666667,129095.3333,6,96468.33333,5.466666667,79411,8.066666667,24513.51,0.25,102,921,96450.99,417771.99,4102,1626,1475,2469
E08000001,Bolton,2017Q2,121315.6667,4.7,228830,5.333333333,130501,4.9,97573,3.866666667,81025,7.166666667,24401.89,0.25,103.1666667,1010,159168.99,725610,4253,2095,2072,2187
E08000001,Bolton,2017Q3,123686.3333,5.466666667,232206.6667,5.666666667,133065.3333,5.733333333,99687.66667,4.733333333,82611.66667,7.9,24471.46,0.25,103.7,1135,257796.99,563834.01,4613,2439,2867,2041.98
E08000001,Bolton,2017Q4,126590.3333,7.6,238800.6667,7.3,136415.3333,7.766666667,101826.3333,7.5,83790,8.5,24632.94333,0.416666667,104.5666667,1112,98865.99,388368,4199,2165,2564,1866
E08000001,Bolton,2018Q1,125428,4.466666667,236800.3333,3.966666667,135536.3333,5,100732.6667,4.433333333,82624.33333,4.033333333,24793.84,0.5,104.7666667,879,97074.99,416469,4370,2060,2187,2325.99
E08000001,Bolton,2018Q2,126121.3333,3.966666667,237507.6667,3.766666667,136222.6667,4.366666667,101658.6667,4.2,82194.33333,1.433333333,24952.97667,0.5,105.6666667,963,172416.99,764279.01,4531,2397,2690,2382
E08000001,Bolton,2018Q3,129500.6667,4.733333333,244641.6667,5.4,139956.3333,5.2,104227.3333,4.566666667,84139.33333,1.866666667,25265.54,0.666666667,106.3,1067,284828.01,624605.01,4266,2139,2457,2611.98
E08000001,Bolton,2018Q4,128963.3333,1.9,244542.3333,2.433333333,139465.6667,2.233333333,103612,1.766666667,83510.33333,-0.333333333,25654.05667,0.75,106.9333333,1081,108036,434286,4070,2088,2175,2776.98
E08000001,Bolton,2019Q1,130363,3.933333333,247686,4.6,141322.6667,4.266666667,104462.6667,3.7,84244.66667,1.933333333,26041.16,0.75,106.7,878,112719,453599.01,3934,2123,2386,3853.98
E08000001,Bolton,2019Q2,129864.3333,2.966666667,245442.6667,3.366666667,140941.3333,3.433333333,104342,2.633333333,83368.33333,1.433333333,26424.02333,0.75,107.8,928,193596.99,792681.99,4004,2307,2435,3580.02
E08000001,Bolton,2019Q3,133250.6667,2.9,251262.6667,2.7,144320.3333,3.133333333,107367,3,85514.66667,1.633333333,26639.33333,0.75,108.2666667,1080,321639.99,689672.01,2574,1192,1091,3656.01
E08000001,Bolton,2019Q4,134928.6667,4.6,254933,4.233333333,146521.6667,5.066666667,108471,4.7,86176,3.2,26767.56667,0.75,108.4333333,1041,130221.99,477507.99,3918,1776,1648,3990
E08000001,Bolton,2020Q1,135091.6667,3.633333333,255890.6667,3.3,146902.6667,3.933333333,108466,3.833333333,85745.33333,1.8,26895.8,0.533333333,108.4666667,860,108819,364535.01,3937,1968,1731,4024.02
E08000001,Bolton,2020Q2,135559,4.433333333,257435,4.9,147512.3333,4.7,108837.6667,4.333333333,85192,2.2,27023.1,0.1,108.5333333,503,9206.01,6153.99,2688,1837,2010,1573.02
E08000001,Bolton,2020Q3,137485.3333,3.2,260931.6667,3.833333333,149811.3333,3.833333333,110286.6667,2.733333333,86391.66667,1.033333333,27058.31333,0.1,108.9333333,906,188156.01,63846.99,3254,2197,2223,1110
E08000001,Bolton,2020Q4,144483.3333,7.066666667,275815.6667,8.2,156909,7.1,116109.6667,7.033333333,89934.66667,4.333333333,27046.76,0.1,109.0666667,1193,154866.99,66060,2719,1755,2187,2266.02
E08000001,Bolton,2021Q1,148488.6667,9.933333333,279051.3333,9.066666667,160752,9.4,120131,10.73333333,94276.66667,9.966666667,27035.24667,0.1,109.1666667,1252,132414,37779.99,2700,2067,2942,3291
E08000001,Bolton,2021Q2,154766,14.13333333,288326,12,166861.3333,13.1,125946,15.73333333,99131.33333,16.36666667,27023.86667,0.1,110.7333333,1197,155789.01,49665,3175,2676,3271,3336
E08000001,Bolton,2021Q3,160639.6667,16.83333333,299744,14.86666667,173149,15.56666667,130874.6667,18.7,101855,17.86666667,27205.00667,0.1,111.9333333,1247,397026.99,105240.99,3547,2587,3266,3003.99
E08000001,Bolton,2021Q4,164110.3333,13.56666667,310054.3333,12.4,177239.6667,12.96666667,132985,14.56666667,102830.3333,14.36666667,27483.02,0.15,114.4,986,212738.01,209291.01,3424,2531,3095,3322.02
E08000001,Bolton,2022Q1,165699.6667,11.56666667,312365.6667,11.93333333,179283.3333,11.53333333,134310.3333,11.83333333,103258,9.533333333,27760.02333,0.5,115.9333333,934,231531.99,244452,3257,2437,2978,3880.98
E08000001,Bolton,2022Q2,170968.6667,10.46666667,321446.6667,11.5,185094.3333,10.93333333,138806,10.23333333,106133.6667,7.066666667,28033.99,1,120.8666667,896,320414.01,366537,3493,2673,3582,3633
E08000001,Bolton,2022Q3,179599.3333,11.8,335794.6667,12.03333333,194519.3333,12.33333333,146464,11.9,110387.6667,8.333333333,28781.45333,1.75,123.1333333,1156,580814.01,433932.99,3101,2524,3591,4697.01
E08000001,Bolton,2022Q4,185468.3333,13,347743,12.13333333,200744.6667,13.23333333,151251.3333,13.73333333,113432,10.3,29764.92333,2.916666667,126.7,1108,294774.99,351239.01,3076,2349,3210,5063.01
E08000001,Bolton,2023Q1,180035,8.7,339474.3333,8.666666667,195461.6667,9.066666667,146009,8.733333333,110175.6667,6.733333333,30744.82,3.916666667,127.7333333,712,297594.99,399660.99,3087,2247,3271,4217.01
E08000001,Bolton,2023Q2,177986,4.133333333,337503.3333,5,193633.6667,4.6,143677.6667,3.533333333,109003.6667,2.7,31713.98667,4.583333333,131.0666667,598,295668,630632.01,2991,2488,3460,6334.02
E08000001,Bolton,2023Q3,181322,0.966666667,341211,1.633333333,197011.6667,1.266666667,147203.6667,0.5,110228.3333,-0.1,32285.5,5.166666667,131.4,819,573971.01,532428,3145,2333,3045,22484.01
E08000001,Bolton,2023Q4,183674.3333,-0.966666667,344782.6667,-0.866666667,199418,-0.633333333,149305.6667,-1.3,111802.6667,-1.433333333,32649.91333,5.25,131.9666667,789,265236.99,392259.99,3073,2356,2631,28443
E08000001,Bolton,2024Q1,185031.3333,2.8,346989.6667,2.233333333,200937.6667,2.8,150363.6667,3,112924,2.5,33014.32667,5.25,132.2666667,667,229845.99,454544.01,2715,2365,2742,10417.02
E08000001,Bolton,2024Q2,185625.6667,4.3,345677.6667,2.433333333,201318,3.966666667,151173.6667,5.2,114202,4.766666667,33376.08667,5.25,133.8333333,722,204254.01,728825.01,2905,2558,2928,5466
E08000001,Bolton,2024Q3,190586.6667,5.133333333,354054.3333,3.766666667,206620,4.9,155895,5.9,115794,5.066666667,33612.98,5.083333333,134.1,895,388326.99,555722.01,2891,2446,2891,8415.99
E08000001,Bolton,2024Q4,192666.6667,4.9,360084,4.433333333,209010.6667,4.8,157396.3333,5.433333333,116166.6667,3.933333333,33785.76333,4.833333333,135.2333333,1003,145505.01,420449.01,2538,2268,2666,16455
E08000001,Bolton,2025Q1,193088.3333,4.366666667,360886.6667,4,209910,4.466666667,157808,4.966666667,115644.3333,2.433333333,33957.92667,4.583333333,135.9666667,944,151643.01,452067.99,2333,2312,2674,16068
E08000001,Bolton,2025Q2,194229,4.633333333,364481,5.433333333,211876.6667,5.233333333,158267.6667,4.733333333,115268,0.966666667,34128.19667,4.333333333,138.5,595,185370,790707.99,2565,2557,2976,12370.02
E08000001,Bolton,2025Q3,196494,3.1,367267.3333,3.766666667,214677.6667,3.9,160789.3333,3.133333333,114920,-0.733333333,34186,4.083333333,139.2,701,376097.01,568923.99,2440,2444,3043,13254.99
E08000001,Bolton,2025Q4,199637.6667,3.633333333,371361.6667,3.133333333,218557,4.566666667,163775.6667,4.066666667,115879.6667,-0.233333333,34186,3.916666667,139.8,759,116405.01,429636,2162,2296,2702,13194
E06000058,Bournemouth Christchurch and Poole,2015Q2,235250,6.9,398992.3333,7.6,254427.6667,6.933333333,218909.6667,6.6,161577.6667,6.366666667,26963.22667,0.5,100.0666667,2073,124947,668316,3860,1306,666,3248.01
E06000058,Bournemouth Christchurch and Poole,2015Q3,240349.6667,6.1,408198.6667,6.6,260584,6.133333333,224027.6667,5.533333333,164666,5.8,26899.83,0.5,100.1666667,2501,240512.01,539514.99,3955,1411,741,3229.98
E06000058,Bournemouth Christchurch and Poole,2015Q4,243508.3333,6.433333333,416395.3333,7.433333333,263799,6.533333333,226651.6667,6.133333333,165950,5.533333333,26753.82,0.5,100.3,2331,95876.01,339126.99,4210,1469,728,3192.99
E06000058,Bournemouth Christchurch and Poole,2016Q1,246200.6667,5.266666667,421270.6667,6.466666667,267894,6.066666667,229692.3333,5.7,167330.3333,3.8,26607.80333,0.5,99.83333333,2416,89624.01,356235.99,3599,1493,788,2772
E06000058,Bournemouth Christchurch and Poole,2016Q2,252312,7.233333333,429978.6667,7.733333333,273387.6667,7.466666667,235534,7.6,172314.6667,6.633333333,26462.85,0.5,100.4,1599,147306.99,652428.99,3723,1649,868,2474.01
E06000058,Bournemouth Christchurch and Poole,2016Q3,254610.6667,5.933333333,432482.6667,5.966666667,275625.6667,5.8,236754.3333,5.666666667,174624.3333,6.033333333,26388.6,0.333333333,100.8666667,2166,245307,527103,4026,1781,958,2117.01
E06000058,Bournemouth Christchurch and Poole,2016Q4,258252.3333,6.066666667,440799,5.866666667,279341.6667,5.9,238631.6667,5.3,176744.3333,6.533333333,26350.42,0.25,101.5,2078,94007.01,366960,3980,1647,846,2580.99
E06000058,Bournemouth Christchurch and Poole,2017Q1,262434.3333,6.6,448036.6667,6.366666667,283050,5.666666667,242266.6667,5.466666667,179732,7.433333333,26312.38667,0.25,102,1784,96450.99,417771.99,4015,1700,851,2469
E06000058,Bournemouth Christchurch and Poole,2017Q2,264529.6667,4.833333333,449581,4.533333333,285340.3333,4.4,243614.3333,3.433333333,181892.3333,5.566666667,26274.77,0.25,103.1666667,1860,159168.99,725610,4129,1953,922,2187
E06000058,Bournemouth Christchurch and Poole,2017Q3,271260,6.533333333,459768,6.3,293449.3333,6.466666667,250701.3333,5.9,186581.6667,6.833333333,26262,0.25,103.7,2231,257796.99,563834.01,4279,2127,975,2041.98
E06000058,Bournemouth Christchurch and Poole,2017Q4,270721.6667,4.833333333,461503.3333,4.7,293361.6667,5.033333333,250202.6667,4.866666667,185281.6667,4.866666667,26262,0.416666667,104.5666667,2043,98865.99,388368,4328,2048,947,1866
E06000058,Bournemouth Christchurch and Poole,2018Q1,271274,3.4,462638,3.266666667,294924.3333,4.2,251055.6667,3.633333333,185345,3.133333333,26262,0.5,104.7666667,1635,97074.99,416469,3808,1842,1005,2325.99
E06000058,Bournemouth Christchurch and Poole,2018Q2,277046.3333,4.733333333,474287,5.5,302602.3333,6.066666667,257456.3333,5.7,188238.3333,3.5,26262,0.5,105.6666667,1741,172416.99,764279.01,4095,2277,1517,2382
E06000058,Bournemouth Christchurch and Poole,2018Q3,280623.3333,3.433333333,481141.3333,4.633333333,306605.3333,4.5,260466.6667,3.933333333,190482.6667,2.1,26262,0.666666667,106.3,2104,284828.01,624605.01,4453,2534,1536,2611.98
E06000058,Bournemouth Christchurch and Poole,2018Q4,280850.6667,3.7,483439,4.733333333,307199,4.7,260677.3333,4.2,189981.6667,2.533333333,26262,0.75,106.9333333,1966,108036,434286,4109,2324,1363,2776.98
E06000058,Bournemouth Christchurch and Poole,2019Q1,280847.3333,3.566666667,483463.3333,4.533333333,305675,3.633333333,255616,1.833333333,190802,2.933333333,26262,0.75,106.7,1514,112719,453599.01,3925,2249,1393,3853.98
E06000058,Bournemouth Christchurch and Poole,2019Q2,276785.6667,-0.1,475706.3333,0.266666667,299786.6667,-0.933333333,248098.3333,-3.666666667,188493,0.133333333,26262,0.75,107.8,1663,193596.99,792681.99,4104,2326,1389,3580.02
E06000058,Bournemouth Christchurch and Poole,2019Q3,277141.3333,-1.233333333,475446.6667,-1.2,300027,-2.133333333,249155,-4.366666667,188966.3333,-0.8,26262,0.75,108.2666667,1890,321639.99,689672.01,4250,2636,1666,3656.01
E06000058,Bournemouth Christchurch and Poole,2019Q4,275504.3333,-1.9,474446.6667,-1.9,299628,-2.466666667,247835,-4.933333333,186916.3333,-1.633333333,26262,0.75,108.4333333,1878,130221.99,477507.99,4090,2408,1485,3990
E06000058,Bournemouth Christchurch and Poole,2020Q1,275822,-1.766666667,476781.3333,-1.4,301087.3333,-1.5,248497,-2.8,186188.6667,-2.433333333,26262,0.533333333,108.4666667,1565,108819,364535.01,3942,2248,1301,4024.02
E06000058,Bournemouth Christchurch and Poole,2020Q2,274347.3333,-0.833333333,476060,0.1,300270.6667,0.166666667,247759.3333,-0.166666667,184138.3333,-2.333333333,26262,0.1,108.5333333,867,9206.01,6153.99,2912,2072,1542,1573.02
E06000058,Bournemouth Christchurch and Poole,2020Q3,286139.3333,3.233333333,495991.6667,4.333333333,313672,4.566666667,258858.6667,3.866666667,192028.3333,1.633333333,26262,0.1,108.9333333,1535,188156.01,63846.99,3683,2566,1866,1110
E06000058,Bournemouth Christchurch and Poole,2020Q4,290143.3333,5.3,507054,6.866666667,317656.3333,6.033333333,263235,6.2,193215.6667,3.366666667,26262,0.1,109.0666667,2244,154866.99,66060,3447,2056,1460,2266.02
E06000058,Bournemouth Christchurch and Poole,2021Q1,291529,5.7,502217.6667,5.333333333,317548.6667,5.466666667,264521.6667,6.433333333,197110.3333,5.866666667,26262,0.1,109.1666667,2730,132414,37779.99,2800,1836,1420,3291
E06000058,Bournemouth Christchurch and Poole,2021Q2,295258,7.633333333,504450.6667,5.966666667,320435,6.7,268209,8.266666667,201363.3333,9.333333333,26262,0.1,110.7333333,2868,155789.01,49665,3492,2471,1722,3336
E06000058,Bournemouth Christchurch and Poole,2021Q3,298919,4.5,514275.6667,3.666666667,325988.3333,3.966666667,271444.3333,4.866666667,202164.6667,5.3,26262,0.1,111.9333333,2295,397026.99,105240.99,3580,2495,1788,3003.99
E06000058,Bournemouth Christchurch and Poole,2021Q4,305550.3333,5.3,533695.3333,5.233333333,334257,5.233333333,275913.3333,4.8,203817,5.5,26262,0.15,114.4,1615,212738.01,209291.01,3214,2483,1598,3322.02
E06000058,Bournemouth Christchurch and Poole,2022Q1,315729,8.333333333,552497,10.03333333,347120.3333,9.3,285800,8.033333333,209684,6.366666667,26262,0.5,115.9333333,1711,231531.99,244452,3313,2257,1546,3880.98
E06000058,Bournemouth Christchurch and Poole,2022Q2,324221.6667,9.8,566908,12.4,357510.3333,11.6,295185,10.06666667,214885.6667,6.733333333,26262,1,120.8666667,1667,320414.01,366537,3818,2612,1665,3633
E06000058,Bournemouth Christchurch and Poole,2022Q3,336069,12.4,586989.6667,14.13333333,372646.3333,14.33333333,308713.3333,13.7,221880,9.766666667,26262,1.75,123.1333333,1918,580814.01,433932.99,3649,2412,1608,4697.01
E06000058,Bournemouth Christchurch and Poole,2022Q4,344175.3333,12.66666667,604135.3333,13.2,381662.3333,14.2,316150.6667,14.56666667,226011.6667,10.9,26262,2.916666667,126.7,1903,294774.99,351239.01,3440,2237,1590,5063.01
E06000058,Bournemouth Christchurch and Poole,2023Q1,338322.3333,7.166666667,595002.6667,7.7,375991.3333,8.3,309119.6667,8.166666667,221815.3333,5.8,26262,3.916666667,127.7333333,1217,297594.99,399660.99,3500,2316,1716,4217.01
E06000058,Bournemouth Christchurch and Poole,2023Q2,327642.3333,1.066666667,576587.6667,1.733333333,363480,1.666666667,297633.3333,0.833333333,214942.3333,0.033333333,26262,4.583333333,131.0666667,1109,295668,630632.01,3467,2451,1782,6334.02
E06000058,Bournemouth Christchurch and Poole,2023Q3,324993,-3.3,571019.6667,-2.7,362122.3333,-2.8,298277.6667,-3.333333333,212687.3333,-4.1,26262,5.166666667,131.4,1454,573971.01,532428,3829,2325,1675,22484.01
E06000058,Bournemouth Christchurch and Poole,2023Q4,321845.6667,-6.5,564545.6667,-6.566666667,358687.3333,-6,295120,-6.633333333,210915.3333,-6.7,26262,5.25,131.9666667,1358,265236.99,392259.99,3204,2174,1482,28443
E06000058,Bournemouth Christchurch and Poole,2024Q1,314729.3333,-6.966666667,551023.6667,-7.366666667,350855,-6.633333333,288683,-6.6,206527.6667,-6.833333333,26262,5.25,132.2666667,1164,229845.99,454544.01,3555,2315,1546,10417.02
E06000058,Bournemouth Christchurch and Poole,2024Q2,322243.6667,-1.633333333,559854,-2.933333333,358661.3333,-1.3,295965.6667,-0.566666667,212884.3333,-0.933333333,26262,5.25,133.8333333,1328,204254.01,728825.01,3583,2357,1675,5466
E06000058,Bournemouth Christchurch and Poole,2024Q3,321295.6667,-1.133333333,560480.3333,-1.833333333,359217.6667,-0.8,297835.3333,-0.133333333,210645,-0.933333333,26262,5.083333333,134.1,1609,388326.99,555722.01,3916,2336,1700,8415.99
E06000058,Bournemouth Christchurch and Poole,2024Q4,324141.3333,0.7,569378,0.9,362619.6667,1.1,299628,1.533333333,211396.6667,0.233333333,26262,4.833333333,135.2333333,1621,145505.01,420449.01,3159,2152,1586,16455
E06000058,Bournemouth Christchurch and Poole,2025Q1,315582.6667,0.3,555032,0.733333333,354773.3333,1.133333333,292930.6667,1.466666667,205052.3333,-0.7,26262,4.583333333,135.9666667,1810,151643.01,452067.99,3033,2032,1470,16068
E06000058,Bournemouth Christchurch and Poole,2025Q2,322249.3333,0.033333333,568389,1.5,364221,1.533333333,299678.6667,1.266666667,208286.6667,-2.166666667,26262,4.333333333,138.5,785,185370,790707.99,3305,2298,1528,12370.02
E06000058,Bournemouth Christchurch and Poole,2025Q3,318950.6667,-0.733333333,564097.3333,0.666666667,363179,1.1,298369,0.166666667,204612.3333,-2.866666667,26262,4.083333333,139.2,1284,376097.01,568923.99,3336,2238,1542,13254.99
E06000058,Bournemouth Christchurch and Poole,2025Q4,311310.3333,-3.966666667,550278,-3.333333333,355996.6667,-1.833333333,292364.3333,-2.4,199226.3333,-5.766666667,26262,3.916666667,139.8,1182,116405.01,429636,3059,1911,1368,13194
E08000032,Bradford,2015Q2,113014.6667,0.933333333,204231.6667,1.533333333,122226.3333,1.2,94127,0.433333333,77997.66667,0.8,23444.43333,0.5,100.0666667,1852,124947,668316,7836,2704,1360,3248.01
E08000032,Bradford,2015Q3,119954,4.833333333,216342.6667,5.166666667,129846,5.033333333,100075,4.166666667,82081.33333,5.733333333,23584,0.5,100.1666667,1853,240512.01,539514.99,8143,2862,1634,3229.98
E08000032,Bradford,2015Q4,119891.6667,6.633333333,217516.6667,7.2,129817,6.8,99850,6,81712.66667,7,23765.83,0.5,100.3,2000,95876.01,339126.99,9131,2905,1796,3192.99
E08000032,Bradford,2016Q1,119033.3333,6.7,215838.3333,7.166666667,129218.6667,7.266666667,98993.33333,6.533333333,80884,4.3,23947.66,0.5,99.83333333,1798,89624.01,356235.99,8151,2810,1848,2772
E08000032,Bradford,2016Q2,119618.6667,5.866666667,215850,5.7,129608.3333,6.033333333,99819.66667,6.066666667,81328.33333,4.266666667,24128.17,0.5,100.4,1590,147306.99,652428.99,8048,3351,2116,2474.01
E08000032,Bradford,2016Q3,124661,3.933333333,224479,3.766666667,134881.6667,3.9,104131,4.066666667,85190.66667,3.766666667,24307.15667,0.333333333,100.8666667,1885,245307,527103,8612,3523,2403,2117.01
E08000032,Bradford,2016Q4,124904.3333,4.2,226999.6667,4.366666667,135457.3333,4.333333333,103659.6667,3.833333333,85771,5,24484.71333,0.25,101.5,1887,94007.01,366960,9284,3657,2853,2580.99
E08000032,Bradford,2017Q1,122959.3333,3.3,224058,3.833333333,133216.3333,3.1,101875,2.933333333,85075.33333,5.2,24661.62667,0.25,102,1632,96450.99,417771.99,8933,3871,3093,2469
E08000032,Bradford,2017Q2,124967.3333,4.5,226574.6667,4.966666667,135497.6667,4.533333333,103521.3333,3.733333333,87067,7.066666667,24836.59667,0.25,103.1666667,1822,159168.99,725610,9157,4375,3298,2187
E08000032,Bradford,2017Q3,128950,3.433333333,232730.3333,3.666666667,139908.3333,3.733333333,106986.3333,2.7,89771,5.333333333,24936.28,0.25,103.7,2091,257796.99,563834.01,8901,4478,3646,2041.98
E08000032,Bradford,2017Q4,128629.6667,2.966666667,233407,2.833333333,139851.6667,3.233333333,106494,2.733333333,88787,3.5,24996.8,0.416666667,104.5666667,2137,98865.99,388368,9235,4735,3863,1866
E08000032,Bradford,2018Q1,124289,1.1,225805.3333,0.8,135325.3333,1.6,102745.3333,0.833333333,85643.66667,0.666666667,25057.10667,0.5,104.7666667,1680,97074.99,416469,8475,4786,4187,2325.99
E08000032,Bradford,2018Q2,125208,0.2,227374,0.366666667,136342.3333,0.633333333,103795,0.266666667,85154,-2.2,25116.75,0.5,105.6666667,1725,172416.99,764279.01,8766,5626,4810,2382
E08000032,Bradford,2018Q3,131085,1.666666667,238439.6667,2.466666667,142853.3333,2.1,108585.6667,1.5,88882,-1,25286.07333,0.666666667,106.3,1994,284828.01,624605.01,8671,5855,5345,2611.98
E08000032,Bradford,2018Q4,130109.6667,1.166666667,237323,1.666666667,141935.6667,1.466666667,107605.6667,1.033333333,88016.66667,-0.833333333,25510.09333,0.75,106.9333333,2159,108036,434286,8253,5407,5148,2776.98
E08000032,Bradford,2019Q1,126120,1.466666667,230776.6667,2.2,137830.6667,1.833333333,103978.3333,1.2,85384,-0.3,25733.29667,0.75,106.7,1784,112719,453599.01,7778,5125,5123,3853.98
E08000032,Bradford,2019Q2,127408.3333,1.733333333,231992,2,139362.3333,2.233333333,105338.6667,1.5,85711,0.666666667,25954.05667,0.75,107.8,1856,193596.99,792681.99,7418,5598,5480,3580.02
E08000032,Bradford,2019Q3,131458.6667,0.3,238951,0.233333333,143534,0.466666667,108957.6667,0.333333333,88413.66667,-0.5,26353.17,0.75,108.2666667,1958,321639.99,689672.01,7648,5320,5770,3656.01
E08000032,Bradford,2019Q4,130876.3333,0.6,238035,0.3,143280,0.966666667,108379,0.733333333,87375.33333,-0.733333333,26840.3,0.75,108.4333333,1986,130221.99,477507.99,7376,5342,5716,3990
E08000032,Bradford,2020Q1,128655.6667,2.033333333,234617,1.666666667,141094,2.366666667,106461.3333,2.4,85189,-0.233333333,27327.43667,0.533333333,108.4666667,1525,108819,364535.01,6996,4999,5459,4024.02
E08000032,Bradford,2020Q2,125746.6667,-1.3,230166.6667,-0.8,137891.3333,-1.033333333,104029.6667,-1.266666667,82808.33333,-3.366666667,27811.03,0.1,108.5333333,903,9206.01,6153.99,4667,4760,6202,1573.02
E08000032,Bradford,2020Q3,136211.6667,3.6,248829,4.133333333,149640.3333,4.233333333,112660.6667,3.4,89451,1.166666667,28050.37667,0.1,108.9333333,1579,188156.01,63846.99,5766,5414,6690,1110
E08000032,Bradford,2020Q4,141124.3333,7.866666667,259082.6667,8.866666667,154728,8,117037,8,91547.66667,4.8,28165.14667,0.1,109.0666667,2088,154866.99,66060,5350,4706,6116,2266.02
E08000032,Bradford,2021Q1,146358.3333,13.76666667,264490.6667,12.73333333,160106,13.46666667,121982.3333,14.6,96540,13.33333333,28279.5,0.1,109.1666667,2204,132414,37779.99,4774,4422,6252,3291
E08000032,Bradford,2021Q2,146908,16.83333333,263144.3333,14.33333333,160242.3333,16.2,122988.6667,18.23333333,97707.66667,18,28392.60333,0.1,110.7333333,2390,155789.01,49665,5406,5403,7383,3336
E08000032,Bradford,2021Q3,148392.3333,9,266121.6667,7.033333333,162044.3333,8.366666667,124348,10.43333333,97458.33333,9,28638.56667,0.1,111.9333333,2358,397026.99,105240.99,5668,5631,7366,3003.99
E08000032,Bradford,2021Q4,150550.3333,6.7,273785.3333,5.666666667,164859.3333,6.566666667,125428.3333,7.166666667,97691.33333,6.7,28950.48333,0.15,114.4,1880,212738.01,209291.01,5974,5422,7221,3322.02
E08000032,Bradford,2022Q1,151974,3.833333333,275980.6667,4.333333333,166818,4.2,126541.3333,3.733333333,98012.33333,1.533333333,29261.27,0.5,115.9333333,1826,231531.99,244452,5953,5256,7438,3880.98
E08000032,Bradford,2022Q2,155923.3333,6.133333333,282165,7.2,171241.3333,6.866666667,130051.6667,5.766666667,100195,2.533333333,29568.65,1,120.8666667,1750,320414.01,366537,6289,5754,7857,3633
E08000032,Bradford,2022Q3,164302,10.7,295894.3333,11.16666667,180488.6667,11.4,137585.6667,10.63333333,104503.3333,7.233333333,29910.81667,1.75,123.1333333,1909,580814.01,433932.99,5994,5630,7946,4697.01
E08000032,Bradford,2022Q4,165677,10.06666667,299489,9.4,182017.6667,10.43333333,138623.3333,10.53333333,104897.3333,7.366666667,30268.19,2.916666667,126.7,2025,294774.99,351239.01,6207,5176,6941,5063.01
E08000032,Bradford,2023Q1,163674.6667,7.7,297374,7.733333333,180271.6667,8.066666667,136291,7.7,103842,5.966666667,30624.26667,3.916666667,127.7333333,1472,297594.99,399660.99,6339,5365,7069,4217.01
E08000032,Bradford,2023Q2,159315.6667,2.166666667,290825,3.066666667,175725,2.633333333,132164.6667,1.633333333,101357,1.166666667,30976.44,4.583333333,131.0666667,1303,295668,630632.01,6610,5895,7255,6334.02
E08000032,Bradford,2023Q3,164565.6667,0.166666667,298169.6667,0.766666667,181296.6667,0.433333333,137170.6667,-0.3,104018,-0.466666667,31268,5.166666667,131.4,1499,573971.01,532428,6130,5490,6403,22484.01
E08000032,Bradford,2023Q4,167070,0.833333333,302235,0.933333333,183993.3333,1.1,139347.6667,0.5,105677.6667,0.766666667,31526.47,5.25,131.9666667,1374,265236.99,392259.99,5783,4999,5796,28443
E08000032,Bradford,2024Q1,164004,0.233333333,296508.6667,-0.3,180751.6667,0.3,136731.6667,0.333333333,103754,-0.066666667,31784.94,5.25,132.2666667,1313,229845.99,454544.01,5857,4799,5700,10417.02
E08000032,Bradford,2024Q2,167074.3333,4.866666667,300152.6667,3.233333333,183875.6667,4.633333333,139583,5.6,106353,4.933333333,32041.53,5.25,133.8333333,1453,204254.01,728825.01,5982,5342,5904,5466
E08000032,Bradford,2024Q3,174681.6667,6.133333333,312821.6667,4.9,192052,5.933333333,146538.6667,6.833333333,109977.3333,5.733333333,32361.63667,5.083333333,134.1,1778,388326.99,555722.01,6543,5367,6035,8415.99
E08000032,Bradford,2024Q4,176182.6667,5.433333333,317202,4.933333333,193816,5.366666667,147673.3333,5.966666667,110118.6667,4.2,32712.73667,4.833333333,135.2333333,1860,145505.01,420449.01,6045,5246,5549,16455
E08000032,Bradford,2025Q1,177667.3333,8.3,319204.6667,7.666666667,195898.6667,8.366666667,148962,8.933333333,110212.6667,6.233333333,33062.55333,4.583333333,135.9666667,1844,151643.01,452067.99,5627,5364,5693,16068
E08000032,Bradford,2025Q2,177579.6667,6.266666667,320006.6667,6.633333333,196516,6.933333333,148568.3333,6.466666667,109152,2.666666667,33408.54333,4.333333333,138.5,1144,185370,790707.99,5778,5401,6042,12370.02
E08000032,Bradford,2025Q3,182243.3333,4.333333333,327399.3333,4.666666667,202190,5.3,152914,4.333333333,110156,0.166666667,33526,4.083333333,139.2,1509,376097.01,568923.99,5937,5408,6203,13254.99
E08000032,Bradford,2025Q4,186965.3333,6.1,334197,5.366666667,208009.6667,7.3,157008.6667,6.333333333,112283,1.933333333,33526,3.916666667,139.8,1434,116405.01,429636,5680,4735,5547,13194
E06000043,Brighton and Hove,2015Q2,299996.3333,10.4,590367.3333,11.1,368016.3333,11.03333333,324255.6667,10.23333333,237504,10.2,28357.36,0.5,100.0666667,1231,124947,668316,3242,1438,893,3248.01
E06000043,Brighton and Hove,2015Q3,310723.3333,8.9,612276.6667,9.666666667,382512.6667,9.6,336991,8.766666667,245311.6667,8.566666667,28635.5,0.5,100.1666667,1542,240512.01,539514.99,3291,1637,1067,3229.98
E06000043,Brighton and Hove,2015Q4,321244,10.23333333,640778.3333,11.5,397202.3333,10.96666667,348236.3333,10.26666667,252746.6667,9.766666667,29150.18667,0.5,100.3,1405,95876.01,339126.99,3695,1629,994,3192.99
E06000043,Brighton and Hove,2016Q1,324364.6667,11.46666667,645986.6667,12.96666667,402455.6667,12.9,351114,11.66666667,255194.3333,10.66666667,29664.87,0.5,99.83333333,1648,89624.01,356235.99,2958,1603,1066,2772
E06000043,Brighton and Hove,2016Q2,326838.6667,8.966666667,645356.3333,9.333333333,402884.6667,9.5,353420.3333,9,258165,8.7,30175.81333,0.5,100.4,890,147306.99,652428.99,3194,1706,1218,2474.01
E06000043,Brighton and Hove,2016Q3,342260,10.13333333,672758.3333,9.9,420864,10.06666667,370077,9.833333333,270770.6667,10.4,30331.62333,0.333333333,100.8666667,1249,245307,527103,3714,1860,1327,2117.01
E06000043,Brighton and Hove,2016Q4,338176.3333,5.3,668578.3333,4.366666667,415609,4.666666667,362530,4.1,268330.3333,6.2,30307.01,0.25,101.5,1108,94007.01,366960,3422,1769,1112,2580.99
E06000043,Brighton and Hove,2017Q1,342492,5.6,675987,4.666666667,418441.6667,3.966666667,366090.3333,4.3,272661.6667,6.866666667,30282.48667,0.25,102,992,96450.99,417771.99,3212,1773,1327,2469
E06000043,Brighton and Hove,2017Q2,345292.6667,5.666666667,676952.6667,4.9,420418.6667,4.333333333,367652.3333,4,276007,6.9,30258.23333,0.25,103.1666667,1049,159168.99,725610,3362,1950,1412,2187
E06000043,Brighton and Hove,2017Q3,358731,4.833333333,700370,4.066666667,437832.3333,4,383036,3.533333333,286393.6667,5.8,30218.41333,0.25,103.7,1298,257796.99,563834.01,3555,1952,1540,2041.98
E06000043,Brighton and Hove,2017Q4,351984.6667,4.1,694142.3333,3.8,432386.3333,4.033333333,376560.6667,3.866666667,279703.3333,4.233333333,30170.95,0.416666667,104.5666667,1091,98865.99,388368,3349,1748,1379,1866
E06000043,Brighton and Hove,2018Q1,350497.3333,2.3,691756.6667,2.3,432820.3333,3.433333333,375958.3333,2.7,277668.3333,1.8,30123.65667,0.5,104.7666667,845,97074.99,416469,2765,1657,1273,2325.99
E06000043,Brighton and Hove,2018Q2,353184.6667,2.3,699866,3.366666667,439418.6667,4.5,381570.6667,3.8,277910.3333,0.7,30076.88,0.5,105.6666667,907,172416.99,764279.01,3270,1949,1491,2382
E06000043,Brighton and Hove,2018Q3,359570.6667,0.233333333,716405.3333,2.3,447722,2.266666667,388604.6667,1.466666667,282481,-1.333333333,30383.04667,0.666666667,106.3,1128,284828.01,624605.01,3391,2112,1558,2611.98
E06000043,Brighton and Hove,2018Q4,355557.3333,1.033333333,711024,2.433333333,443205.3333,2.5,383611.6667,1.866666667,279235.6667,-0.166666667,30866.99667,0.75,106.9333333,1023,108036,434286,3289,1841,1417,2776.98
E06000043,Brighton and Hove,2019Q1,356231.6667,1.666666667,715707,3.466666667,446207.6667,3.1,384093,2.166666667,279144.6667,0.566666667,31349.18667,0.75,106.7,809,112719,453599.01,3127,1744,1426,3853.98
E06000043,Brighton and Hove,2019Q2,354221.3333,0.3,707322,1.1,443672.3333,0.966666667,384594.6667,0.8,276978.3333,-0.3,31826.09667,0.75,107.8,853,193596.99,792681.99,3463,2029,1587,3580.02
E06000043,Brighton and Hove,2019Q3,358428.6667,-0.3,714005.6667,-0.333333333,449064.3333,0.333333333,390507,0.5,279913.6667,-0.9,32298,0.75,108.2666667,1066,321639.99,689672.01,4135,2197,1855,3656.01
E06000043,Brighton and Hove,2019Q4,356987,0.433333333,716039.3333,0.7,449803,1.533333333,388736.3333,1.366666667,278023.6667,-0.433333333,32763.84667,0.75,108.4333333,1063,130221.99,477507.99,3637,2000,1661,3990
E06000043,Brighton and Hove,2020Q1,356926,0.2,720457,0.7,452239.6667,1.366666667,390159,1.633333333,276596,-0.9,33229.69333,0.533333333,108.4666667,861,108819,364535.01,3059,1873,1564,4024.02
E06000043,Brighton and Hove,2020Q2,357145,0.833333333,727477.3333,2.833333333,453890.6667,2.333333333,391973.6667,1.933333333,275372.3333,-0.566666667,33692.15333,0.1,108.5333333,431,9206.01,6153.99,2393,1762,1796,1573.02
E06000043,Brighton and Hove,2020Q3,365215.6667,1.866666667,737917.3333,3.333333333,464087,3.333333333,402211.3333,2.966666667,281624,0.6,33657.81333,0.1,108.9333333,890,188156.01,63846.99,3396,2286,2016,1110
E06000043,Brighton and Hove,2020Q4,373681,4.666666667,760096.6667,6.2,475481.6667,5.7,413531.6667,6.366666667,286728,3.133333333,33372.01667,0.1,109.0666667,1232,154866.99,66060,2605,1631,1671,2266.02
E06000043,Brighton and Hove,2021Q1,382073.6667,7.033333333,766211.3333,6.333333333,483887.3333,7,421730.3333,8.1,295192.3333,6.733333333,33087.25667,0.1,109.1666667,1621,132414,37779.99,1911,1409,1638,3291
E06000043,Brighton and Hove,2021Q2,384122,7.533333333,767413.3333,5.466666667,486572.3333,7.2,424290.3333,8.2,296942,7.833333333,32805.61333,0.1,110.7333333,1947,155789.01,49665,2497,1995,1909,3336
E06000043,Brighton and Hove,2021Q3,389084.6667,6.533333333,783680,6.166666667,492812.6667,6.2,428726,6.6,300650,6.766666667,32931.77333,0.1,111.9333333,1099,397026.99,105240.99,2995,2298,2169,3003.99
E06000043,Brighton and Hove,2021Q4,396650.3333,6.166666667,820526,7.966666667,510636,7.433333333,438590.3333,6.066666667,302012,5.333333333,33265.04,0.15,114.4,930,212738.01,209291.01,2735,2118,2016,3322.02
E06000043,Brighton and Hove,2022Q1,411173.6667,7.6,851705.6667,11.16666667,532092.6667,9.933333333,456224,8.166666667,311816.6667,5.666666667,33597.09,0.5,115.9333333,1040,231531.99,244452,2657,1962,1893,3880.98
E06000043,Brighton and Hove,2022Q2,420483.3333,9.466666667,872596.3333,13.7,546413,12.3,469154,10.56666667,316999.6667,6.733333333,33925.51,1,120.8666667,1015,320414.01,366537,3060,2156,2136,3633
E06000043,Brighton and Hove,2022Q3,433229.6667,11.36666667,893567,14.06666667,563797.6667,14.43333333,487004,13.6,325294.3333,8.2,34151.64667,1.75,123.1333333,1243,580814.01,433932.99,3140,2148,2160,4697.01
E06000043,Brighton and Hove,2022Q4,435949.6667,9.933333333,909272,10.8,570508.6667,11.7,491121.3333,12,325056,7.633333333,34323.93,2.916666667,126.7,1182,294774.99,351239.01,3187,1777,1764,5063.01
E06000043,Brighton and Hove,2023Q1,436262.6667,6.1,912130.6667,7.1,571553,7.433333333,489870,7.4,325479,4.4,34495.58667,3.916666667,127.7333333,810,297594.99,399660.99,3065,1851,1831,4217.01
E06000043,Brighton and Hove,2023Q2,426044.3333,1.366666667,889530.3333,1.966666667,555413.6667,1.7,476065.3333,1.533333333,319181.3333,0.7,34665.36333,4.583333333,131.0666667,627,295668,630632.01,2953,2019,1944,6334.02
E06000043,Brighton and Hove,2023Q3,420239.6667,-3,872658.6667,-2.333333333,548037.6667,-2.8,473387.3333,-2.8,313889.6667,-3.5,35379.16667,5.166666667,131.4,832,573971.01,532428,3905,2338,2008,22484.01
E06000043,Brighton and Hove,2023Q4,421141.3333,-3.366666667,873249,-3.933333333,549528.3333,-3.666666667,473188.3333,-3.633333333,314996,-3.066666667,36365.21,5.25,131.9666667,772,265236.99,392259.99,3193,2111,1901,28443
E06000043,Brighton and Hove,2024Q1,413660.6667,-5.2,854516.6667,-6.3,539576.3333,-5.566666667,464703,-5.1,309734,-4.866666667,37351.25,5.25,132.2666667,747,229845.99,454544.01,2780,2084,1774,10417.02
E06000043,Brighton and Hove,2024Q2,407984,-4.266666667,835652.3333,-6.066666667,529706.3333,-4.633333333,458168,-3.766666667,306646.6667,-3.933333333,38330.12333,5.25,133.8333333,825,204254.01,728825.01,3342,2214,1906,5466
E06000043,Brighton and Hove,2024Q3,411410.3333,-2.1,845329.6667,-3.133333333,536567,-2.1,466158.3333,-1.533333333,307022.6667,-2.2,38774.81333,5.083333333,134.1,1056,388326.99,555722.01,3833,2413,2013,8415.99
E06000043,Brighton and Hove,2024Q4,416496,-1.133333333,865544,-0.866666667,545357.6667,-0.733333333,470988.6667,-0.466666667,309931.3333,-1.6,38947.35,4.833333333,135.2333333,1046,145505.01,420449.01,3399,2178,1837,16455
E06000043,Brighton and Hove,2025Q1,415738.3333,0.5,862072.3333,0.9,545006.6667,1.033333333,472002.3333,1.566666667,308801.6667,-0.3,39119.25667,4.583333333,135.9666667,1218,151643.01,452067.99,3199,2081,1791,16068
E06000043,Brighton and Hove,2025Q2,407926,0,849578.3333,1.7,537743,1.5,467018.6667,1.966666667,300602,-1.966666667,39289.28,4.333333333,138.5,505,185370,790707.99,3325,2257,2040,12370.02
E06000043,Brighton and Hove,2025Q3,420778,2.266666667,876256.6667,3.633333333,558895.3333,4.166666667,485995.6667,4.266666667,307525,0.166666667,39347,4.083333333,139.2,755,376097.01,568923.99,3273,2229,2050,13254.99
E06000043,Brighton and Hove,2025Q4,413441,-0.7,856057.6667,-1.1,550163.6667,0.866666667,478452.3333,1.566666667,302030.3333,-2.533333333,39347,3.916666667,139.8,810,116405.01,429636,2943,2004,1694,13194
E09000006,Bromley,2015Q2,383115,11.6,773628.6667,11.73333333,459110.3333,11.93333333,343040.3333,11.43333333,253399,11.43333333,36722.94667,0.5,100.0666667,1454,124947,668316,3250,1063,1017,3248.01
E09000006,Bromley,2015Q3,395851,7.2,798484.6667,7.233333333,475888.6667,7.433333333,355679.3333,7.166666667,260626.3333,6.966666667,36901.16667,0.5,100.1666667,1736,240512.01,539514.99,3139,1130,1072,3229.98
E09000006,Bromley,2015Q4,412911.3333,8.8,837736.3333,9.166666667,497206,9.166666667,370518.6667,8.9,270987.3333,8.2,37128.33,0.5,100.3,1634,95876.01,339126.99,3184,1071,1014,3192.99
E09000006,Bromley,2016Q1,423522.6667,12.2,859498,12.63333333,511195.6667,13.03333333,379235.3333,12.43333333,277861.6667,11.16666667,37355.49,0.5,99.83333333,1548,89624.01,356235.99,3128,1103,956,2772
E09000006,Bromley,2016Q2,433961.6667,13.3,873562.3333,12.9,520472.6667,13.36666667,389865.3333,13.66666667,286583,13.1,37581.00333,0.5,100.4,1171,147306.99,652428.99,2932,1065,988,2474.01
E09000006,Bromley,2016Q3,447827.6667,13.13333333,898828.6667,12.6,537139.6667,12.86666667,402198.3333,13.06666667,296230.3333,13.66666667,38079.32,0.333333333,100.8666667,1260,245307,527103,2937,1125,989,2117.01
E09000006,Bromley,2016Q4,436286.3333,5.666666667,880722.6667,5.133333333,523969.6667,5.4,388705.3333,4.9,289241,6.733333333,38713.95333,0.25,101.5,1268,94007.01,366960,3315,1231,945,2580.99
E09000006,Bromley,2017Q1,443595.6667,4.733333333,894894,4.133333333,530452.3333,3.766666667,394625.6667,4.066666667,295452.3333,6.333333333,39346.28333,0.25,102,1071,96450.99,417771.99,3508,1257,1034,2469
E09000006,Bromley,2017Q2,447277.3333,3.066666667,898480.6667,2.833333333,533114,2.433333333,397254.3333,1.9,299581,4.533333333,39971.68667,0.25,103.1666667,1176,159168.99,725610,3401,1304,1002,2187
E09000006,Bromley,2017Q3,452117.6667,0.933333333,903527.3333,0.5,540334.6667,0.6,402398,0.033333333,302493.6667,2.1,40153.25,0.25,103.7,1356,257796.99,563834.01,3245,1193,1014,2041.98
E09000006,Bromley,2017Q4,452362,3.7,910662.6667,3.4,542954.6667,3.633333333,402849,3.633333333,300514,3.9,40107.04,0.416666667,104.5666667,1203,98865.99,388368,3472,1204,994,1866
E09000006,Bromley,2018Q1,452383.6667,1.966666667,909443.3333,1.633333333,544131.3333,2.6,403768.3333,2.333333333,299815.6667,1.466666667,40060.99667,0.5,104.7666667,1004,97074.99,416469,3455,1217,994,2325.99
E09000006,Bromley,2018Q2,446143.6667,-0.233333333,898830.3333,0.033333333,539902,1.3,400837.6667,0.9,292924,-2.233333333,40015.46,0.5,105.6666667,1135,172416.99,764279.01,3497,1271,1112,2382
E09000006,Bromley,2018Q3,452638,0.1,919755.6667,1.8,548296.3333,1.5,406155,0.933333333,296157.3333,-2.066666667,40168.46,0.666666667,106.3,1306,284828.01,624605.01,3305,1257,1155,2611.98
E09000006,Bromley,2018Q4,453131,0.166666667,924961.3333,1.566666667,549464,1.2,406330.6667,0.866666667,295825.3333,-1.566666667,40421.61,0.75,106.9333333,1203,108036,434286,3674,1219,1038,2776.98
E09000006,Bromley,2019Q1,446356.3333,-1.333333333,910722.3333,0.133333333,541941.6667,-0.4,399478,-1.033333333,291589.6667,-2.733333333,40673.84,0.75,106.7,961,112719,453599.01,3634,1208,1215,3853.98
E09000006,Bromley,2019Q2,436917.3333,-2.066666667,886663.3333,-1.366666667,530741.3333,-1.7,393469,-1.833333333,284737.3333,-2.766666667,40923.31,0.75,107.8,1071,193596.99,792681.99,3610,1254,1238,3580.02
E09000006,Bromley,2019Q3,446200,-1.4,904891.6667,-1.633333333,542762.3333,-1.033333333,402736.3333,-0.866666667,290085.3333,-2.033333333,41457.33,0.75,108.2666667,1374,321639.99,689672.01,3685,1352,1390,3656.01
E09000006,Bromley,2019Q4,445575,-1.7,909033,-1.7,543945.3333,-1,401942.6667,-1.1,288177.6667,-2.6,42132.56333,0.75,108.4333333,1259,130221.99,477507.99,3782,1357,1255,3990
E09000006,Bromley,2020Q1,440199.6667,-1.4,898795,-1.333333333,538467.6667,-0.633333333,398110.6667,-0.333333333,283620.3333,-2.766666667,42807.79,0.533333333,108.4666667,1141,108819,364535.01,3547,1218,1184,4024.02
E09000006,Bromley,2020Q2,435487.6667,-0.333333333,895290.6667,0.966666667,532977,0.433333333,394408,0.233333333,279335.3333,-1.9,43478.10667,0.1,108.5333333,573,9206.01,6153.99,2222,1127,1439,1573.02
E09000006,Bromley,2020Q3,440964.3333,-1.166666667,902817.6667,-0.233333333,541940.6667,-0.166666667,400569.3333,-0.533333333,281848.6667,-2.833333333,43323.46,0.1,108.9333333,1099,188156.01,63846.99,2767,1406,1457,1110
E09000006,Bromley,2020Q4,453592.3333,1.766666667,936219,2.966666667,559661,2.866666667,413513,2.866666667,287224.6667,-0.333333333,42751.61,0.1,109.0666667,1475,154866.99,66060,3060,1213,1339,2266.02
E09000006,Bromley,2021Q1,463566.6667,5.3,942496.6667,4.866666667,568283.3333,5.533333333,423518.6667,6.4,296668,4.6,42181.84,0.1,109.1666667,1867,132414,37779.99,2667,979,1276,3291
E09000006,Bromley,2021Q2,472551,8.533333333,953042,6.466666667,576031.6667,8.066666667,432414.3333,9.633333333,304562.3333,9.033333333,41618.31,0.1,110.7333333,2207,155789.01,49665,2805,1306,1397,3336
E09000006,Bromley,2021Q3,479088,8.633333333,983653.6667,8.966666667,585899,8.1,436778.6667,9.066666667,305890.3333,8.533333333,41787.15,0.1,111.9333333,1135,397026.99,105240.99,2904,1326,1445,3003.99
E09000006,Bromley,2021Q4,484337.6667,6.8,1011486.333,8.033333333,597738.6667,6.8,440945.6667,6.666666667,304258,5.966666667,42328.36,0.15,114.4,1009,212738.01,209291.01,3496,1321,1451,3322.02
E09000006,Bromley,2022Q1,492242.3333,6.166666667,1027518,9.033333333,609626.6667,7.266666667,449472.6667,6.133333333,307667.3333,3.7,42867.60333,0.5,115.9333333,1101,231531.99,244452,3093,1336,1352,3880.98
E09000006,Bromley,2022Q2,503914,6.666666667,1049445.667,10.1,623929.3333,8.333333333,462537.3333,6.966666667,314019.3333,3.1,43400.94,1,120.8666667,1168,320414.01,366537,2944,1434,1426,3633
E09000006,Bromley,2022Q3,520405.6667,8.633333333,1081035.333,9.9,646524.3333,10.33333333,480762,10.06666667,321705,5.166666667,44177.46,1.75,123.1333333,1413,580814.01,433932.99,2915,1429,1399,4697.01
E09000006,Bromley,2022Q4,528943.3333,9.2,1102526,9.033333333,657841,10.06666667,489312.3333,10.96666667,325514.6667,6.966666667,45072.27667,2.916666667,126.7,1333,294774.99,351239.01,3127,1251,1223,5063.01
E09000006,Bromley,2023Q1,518113,5.3,1082585.333,5.366666667,645695.6667,5.933333333,477193.3333,6.166666667,318895.3333,3.666666667,45963.84,3.916666667,127.7333333,842,297594.99,399660.99,3104,1278,1350,4217.01
E09000006,Bromley,2023Q2,505913,0.433333333,1061237.667,1.166666667,630104.3333,1,463634,0.266666667,311982.3333,-0.633333333,46845.64333,4.583333333,131.0666667,703,295668,630632.01,3142,1488,1327,6334.02
E09000006,Bromley,2023Q3,505896.3333,-2.766666667,1058738.333,-2.066666667,630828.3333,-2.433333333,467028.3333,-2.866666667,310279.3333,-3.533333333,47203.5,5.166666667,131.4,972,573971.01,532428,3178,1537,1368,22484.01
E09000006,Bromley,2023Q4,500389,-5.4,1044179,-5.3,624539,-5.033333333,461613.6667,-5.633333333,307288,-5.6,47291.41,5.25,131.9666667,918,265236.99,392259.99,3551,1493,1138,28443
E09000006,Bromley,2024Q1,493670.3333,-4.7,1026071.333,-5.2,615439,-4.7,455782.3333,-4.433333333,303874.3333,-4.7,47379.32,5.25,132.2666667,832,229845.99,454544.01,3370,1354,1130,10417.02
E09000006,Bromley,2024Q2,488338.3333,-3.433333333,1010466,-4.8,606159,-3.833333333,450966.6667,-2.766666667,302338.3333,-3.1,47466.59,5.25,133.8333333,975,204254.01,728825.01,3393,1318,1136,5466
E09000006,Bromley,2024Q3,501645.6667,-0.833333333,1037701.333,-2,624567.3333,-1,466914.6667,-3.70E-17,307997.6667,-0.7,48119.2,5.083333333,134.1,1272,388326.99,555722.01,3543,1435,1244,8415.99
E09000006,Bromley,2024Q4,503797.6667,0.666666667,1049999.333,0.566666667,628855.3333,0.7,468075,1.4,307883,0.2,49055.71333,4.833333333,135.2333333,1190,145505.01,420449.01,3574,1349,1222,16455
E09000006,Bromley,2025Q1,510685.6667,3.466666667,1059357.667,3.266666667,638764.6667,3.766666667,476722.6667,4.6,311222,2.433333333,49988.81333,4.583333333,135.9666667,1472,151643.01,452067.99,3236,1356,1194,16068
E09000006,Bromley,2025Q2,527175.3333,7.966666667,1098983,8.8,666567.6667,9.966666667,492290.3333,9.133333333,317376.6667,5,50911.69667,4.333333333,138.5,614,185370,790707.99,3048,1464,1324,12370.02
E09000006,Bromley,2025Q3,527354,5.133333333,1096988.333,5.733333333,670629.6667,7.366666667,495426.3333,6.133333333,314621.3333,2.166666667,51225,4.083333333,139.2,942,376097.01,568923.99,3285,1403,1400,13254.99
E09000006,Bromley,2025Q4,533010,5.8,1099793,4.733333333,677322,7.7,503195,7.5,318341,3.4,51225,3.916666667,139.8,708,116405.01,429636,3027,1356,1343,13194
E06000060,Buckinghamshire,2015Q2,346393.3333,10.06666667,614380.3333,10.5,325277.6667,10.23333333,265144.6667,9.566666667,192865.6667,9.8,32288.97667,0.5,100.0666667,2315,124947,668316,4185,1247,611,3248.01
E06000060,Buckinghamshire,2015Q3,362129.3333,9.766666667,641552,10.06666667,340743.3333,9.966666667,278278.3333,9.533333333,200416,9.333333333,32396.33333,0.5,100.1666667,2758,240512.01,539514.99,3927,1432,731,3229.98
E06000060,Buckinghamshire,2015Q4,374692.3333,10.6,666293.3333,11.03333333,352473.3333,10.83333333,287302,10.6,206761.6667,9.6,32476.48,0.5,100.3,2627,95876.01,339126.99,3920,1515,671,3192.99
E06000060,Buckinghamshire,2016Q1,381541,11.83333333,677755.6667,11.93333333,360275,12.63333333,291784.6667,11.8,210618,10.63333333,32556.62333,0.5,99.83333333,2520,89624.01,356235.99,3995,1518,680,2772
E06000060,Buckinghamshire,2016Q2,393883.3333,13.7,694063.6667,12.96666667,371518,14.2,302884.3333,14.23333333,219084.3333,13.6,32636.19,0.5,100.4,1905,147306.99,652428.99,4047,1563,738,2474.01
E06000060,Buckinghamshire,2016Q3,407961,12.66666667,718488.6667,12,384916.3333,12.96666667,312895,12.43333333,227799.3333,13.66666667,32989.39,0.333333333,100.8666667,2661,245307,527103,4108,1596,701,2117.01
E06000060,Buckinghamshire,2016Q4,406716,8.533333333,721338,8.266666667,383134.3333,8.733333333,309980.6667,7.9,226849,9.733333333,33479.87,0.25,101.5,2322,94007.01,366960,4388,1442,718,2580.99
E06000060,Buckinghamshire,2017Q1,411374.6667,7.833333333,728625.6667,7.5,386810.6667,7.366666667,313544.3333,7.433333333,230402.3333,9.366666667,33968.57,0.25,102,1883,96450.99,417771.99,4363,1459,706,2469
E06000060,Buckinghamshire,2017Q2,417113.3333,5.9,735850.6667,6,392273.6667,5.6,317782.6667,4.933333333,234949.6667,7.233333333,34451.91333,0.25,103.1666667,2233,159168.99,725610,4751,1624,794,2187
E06000060,Buckinghamshire,2017Q3,424216.6667,3.966666667,744395.3333,3.6,400136.3333,3.966666667,324391,3.7,238943.3333,4.9,34702.74,0.25,103.7,2388,257796.99,563834.01,4624,1732,818,2041.98
E06000060,Buckinghamshire,2017Q4,423894.6667,4.233333333,746163.3333,3.466666667,400890.3333,4.633333333,323818,4.466666667,237214.3333,4.566666667,34833.07667,0.416666667,104.5666667,2139,98865.99,388368,4687,1785,864,1866
E06000060,Buckinghamshire,2018Q1,421990.3333,2.6,745501,2.333333333,398895.6667,3.133333333,321901,2.666666667,235445,2.166666667,34962.94667,0.5,104.7666667,1752,97074.99,416469,4315,1707,893,2325.99
E06000060,Buckinghamshire,2018Q2,415848.3333,-0.333333333,733721,-0.3,394978,0.7,319361.3333,0.533333333,229324,-2.4,35091.39333,0.5,105.6666667,2072,172416.99,764279.01,4591,2145,1248,2382
E06000060,Buckinghamshire,2018Q3,425457.6667,0.3,754072,1.3,403811,0.9,325776,0.433333333,233998,-2.066666667,35169.26,0.666666667,106.3,2204,284828.01,624605.01,4569,2188,1323,2611.98
E06000060,Buckinghamshire,2018Q4,421306.3333,-0.6,749146,0.4,400004.6667,-0.2,322500.3333,-0.4,230552.6667,-2.8,35220.74333,0.75,106.9333333,2174,108036,434286,4414,1967,1263,2776.98
E06000060,Buckinghamshire,2019Q1,418602,-0.8,745512.6667,0,397590.6667,-0.333333333,319106,-0.866666667,229506.6667,-2.5,35272.04,0.75,106.7,1628,112719,453599.01,4233,1838,1365,3853.98
E06000060,Buckinghamshire,2019Q2,416222.3333,0.1,737703.6667,0.533333333,396219.6667,0.3,318938.3333,-0.133333333,227997.6667,-0.533333333,35322.77667,0.75,107.8,1912,193596.99,792681.99,4350,1917,1452,3580.02
E06000060,Buckinghamshire,2019Q3,417184.6667,-1.933333333,738669,-2.033333333,397255,-1.6,320433.6667,-1.633333333,228185.6667,-2.466666667,35508.16667,0.75,108.2666667,2269,321639.99,689672.01,4453,2158,1616,3656.01
E06000060,Buckinghamshire,2019Q4,413107,-1.933333333,734388.6667,-1.966666667,393950.3333,-1.5,316771.6667,-1.733333333,224337.3333,-2.666666667,35760.87667,0.75,108.4333333,2300,130221.99,477507.99,4398,2099,1614,3990
E06000060,Buckinghamshire,2020Q1,412603.3333,-1.466666667,733689.6667,-1.566666667,394452,-0.8,317089,-0.633333333,222498.6667,-3.066666667,36013.58333,0.533333333,108.4666667,1720,108819,364535.01,3943,2169,1677,4024.02
E06000060,Buckinghamshire,2020Q2,413633.3333,-0.6,739695.6667,0.266666667,395388.3333,-0.2,317965.3333,-0.3,220696.3333,-3.2,36264.45667,0.1,108.5333333,972,9206.01,6153.99,2701,1878,1809,1573.02
E06000060,Buckinghamshire,2020Q3,414223.3333,-0.7,738682.6667,0,396972.3333,-0.066666667,319592.3333,-0.266666667,220360.6667,-3.433333333,36174.02333,0.1,108.9333333,1757,188156.01,63846.99,3436,2228,2190,1110
E06000060,Buckinghamshire,2020Q4,425179.6667,2.933333333,762773,3.9,407058.3333,3.3,328930.3333,3.866666667,223353.3333,-0.466666667,35911.07667,0.1,109.0666667,2624,154866.99,66060,3498,1946,2126,2266.02
E06000060,Buckinghamshire,2021Q1,426393.6667,3.333333333,755395,2.933333333,408311.3333,3.5,331939.6667,4.7,227679.6667,2.333333333,35649.08667,0.1,109.1666667,3423,132414,37779.99,2858,1821,2228,3291
E06000060,Buckinghamshire,2021Q2,426480.6667,3.1,750675,1.5,407997.6667,3.2,332882.6667,4.7,230194.3333,4.3,35389.96667,0.1,110.7333333,3854,155789.01,49665,3155,2340,2836,3336
E06000060,Buckinghamshire,2021Q3,431147.6667,4.1,765649.3333,3.666666667,412825,4,334927,4.833333333,229528.6667,4.166666667,35896.96,0.1,111.9333333,2355,397026.99,105240.99,3267,2321,2952,3003.99
E06000060,Buckinghamshire,2021Q4,441092.6667,3.733333333,792686.3333,3.933333333,422730.6667,3.866666667,340387.3333,3.466666667,230601.3333,3.266666667,36791.02333,0.15,114.4,2014,212738.01,209291.01,3416,2313,2595,3322.02
E06000060,Buckinghamshire,2022Q1,451242.3333,5.833333333,810191.3333,7.266666667,433903.3333,6.3,348716.6667,5.066666667,234751.6667,3.1,37681.83333,0.5,115.9333333,2009,231531.99,244452,3025,2106,2219,3880.98
E06000060,Buckinghamshire,2022Q2,455210.3333,6.733333333,814873.3333,8.533333333,438020,7.333333333,353546.6667,6.233333333,236417.6667,2.7,38562.89333,1,120.8666667,2104,320414.01,366537,3436,2334,2683,3633
E06000060,Buckinghamshire,2022Q3,476937.3333,10.63333333,852717,11.36666667,460038,11.43333333,372075.6667,11.1,245369.3333,6.933333333,38969.46,1.75,123.1333333,2501,580814.01,433932.99,3595,2348,2638,4697.01
E06000060,Buckinghamshire,2022Q4,480456,8.9,860427.6667,8.566666667,463352,9.633333333,374872.6667,10.13333333,246171.3333,6.733333333,39130.94333,2.916666667,126.7,2403,294774.99,351239.01,3512,2263,2484,5063.01
E06000060,Buckinghamshire,2023Q1,468079.3333,3.733333333,839556.3333,3.633333333,452223,4.233333333,363314,4.2,239848,2.2,39291.84,3.916666667,127.7333333,1474,297594.99,399660.99,3664,2315,2421,4217.01
E06000060,Buckinghamshire,2023Q2,462980.6667,1.7,833528,2.266666667,446781.3333,2.033333333,357519,1.133333333,237198.3333,0.333333333,39450.97667,4.583333333,131.0666667,1438,295668,630632.01,3514,2388,2452,6334.02
E06000060,Buckinghamshire,2023Q3,469764.6667,-1.5,844997.3333,-0.9,453950,-1.333333333,364886.3333,-1.933333333,238975.6667,-2.6,40141.16667,5.166666667,131.4,1671,573971.01,532428,3499,2336,2249,22484.01
E06000060,Buckinghamshire,2023Q4,472695.3333,-1.6,847867.6667,-1.466666667,457390.3333,-1.3,367193,-2.033333333,241175.6667,-2.066666667,41097.15333,5.25,131.9666667,1551,265236.99,392259.99,3440,2323,2211,28443
E06000060,Buckinghamshire,2024Q1,461578.6667,-1.366666667,825320.3333,-1.7,446692,-1.2,359234,-1.1,236241.3333,-1.533333333,42053.14667,5.25,132.2666667,1416,229845.99,454544.01,3499,2208,2113,10417.02
E06000060,Buckinghamshire,2024Q2,460137.6667,-0.6,819916.3333,-1.633333333,444412,-0.533333333,358894,0.4,237086.3333,-0.066666667,43002.17667,5.25,133.8333333,1672,204254.01,728825.01,3537,2390,2221,5466
E06000060,Buckinghamshire,2024Q3,476286,1.366666667,847906.6667,0.366666667,460885,1.533333333,373952.6667,2.5,243152.6667,1.733333333,43316.65,5.083333333,134.1,2078,388326.99,555722.01,3569,2307,2254,8415.99
E06000060,Buckinghamshire,2024Q4,479402.6667,1.433333333,857660,1.166666667,464084.3333,1.433333333,375266.3333,2.233333333,243337,0.9,43308.61667,4.833333333,135.2333333,2034,145505.01,420449.01,3614,2256,2138,16455
E06000060,Buckinghamshire,2025Q1,485048.6667,5.1,865386.3333,4.866666667,471109.3333,5.466666667,380947,6.066666667,245203.6667,3.8,43300.61,4.583333333,135.9666667,2502,151643.01,452067.99,3098,2181,2134,16068
E06000060,Buckinghamshire,2025Q2,476007,3.466666667,853303.3333,4.066666667,463867.3333,4.4,372909.3333,3.9,238000.6667,0.433333333,43292.69,4.333333333,138.5,1117,185370,790707.99,3162,2457,2315,12370.02
E06000060,Buckinghamshire,2025Q3,480309,0.866666667,859019.6667,1.333333333,470715.6667,2.133333333,377655,0.966666667,237902,-2.166666667,43290,4.083333333,139.2,1643,376097.01,568923.99,3385,2477,2283,13254.99
E06000060,Buckinghamshire,2025Q4,486161.3333,1.4,863179.3333,0.633333333,478374.3333,3.066666667,383671.6667,2.266666667,241451.3333,-0.766666667,43290,3.916666667,139.8,1437,116405.01,429636,3320,2146,2035,13194
W06000015,Cardiff,2015Q2,176160.3333,5.4,335402,5.866666667,201020,5.8,161867,5.2,117923.6667,5.233333333,26657.82667,0.5,100.0666667,1251,124947,668316,5236,1500,1364,3248.01
W06000015,Cardiff,2015Q3,179204,4.333333333,340874,4.666666667,204955,4.8,164975.3333,4.1,119328.3333,4.2,26819.33333,0.5,100.1666667,1628,240512.01,539514.99,4962,1493,1303,3229.98
W06000015,Cardiff,2015Q4,180936.6667,4.166666667,346809.3333,4.8,207332.3333,4.6,166188,3.966666667,120255.6667,3.6,27030.21667,0.5,100.3,1504,95876.01,339126.99,5155,1591,1272,3192.99
W06000015,Cardiff,2016Q1,186897.3333,7.3,357897,7.866666667,214875.3333,8.2,171488.6667,7.233333333,124081,6.233333333,27241.1,0.5,99.83333333,1563,89624.01,356235.99,5021,1599,1250,2772
W06000015,Cardiff,2016Q2,186666.6667,6,355401.6667,5.966666667,213746,6.333333333,171507.6667,5.933333333,124530,5.6,27450.45,0.5,100.4,1055,147306.99,652428.99,4946,1707,1558,2474.01
W06000015,Cardiff,2016Q3,189948.3333,6,360832,5.866666667,217143.6667,5.966666667,174668.3333,5.866666667,126894.3333,6.366666667,27586.01,0.333333333,100.8666667,1534,245307,527103,5074,1793,1468,2117.01
W06000015,Cardiff,2016Q4,188348.3333,4.1,361525.6667,4.233333333,215875.6667,4.133333333,171963,3.466666667,126429.3333,5.133333333,27683.70333,0.25,101.5,1447,94007.01,366960,5543,1741,1470,2580.99
W06000015,Cardiff,2017Q1,189654.3333,1.5,363993,1.7,216398,0.7,173206,1.033333333,127794,3.033333333,27781.04333,0.25,102,1168,96450.99,417771.99,5528,1792,1438,2469
W06000015,Cardiff,2017Q2,192921.3333,3.366666667,367344.3333,3.366666667,219744.3333,2.833333333,176220.6667,2.733333333,130674.3333,4.933333333,27877.31667,0.25,103.1666667,1367,159168.99,725610,5183,1919,1872,2187
W06000015,Cardiff,2017Q3,196121,3.233333333,371572.6667,3,223669,3,179408.6667,2.733333333,132694.6667,4.566666667,28159.68,0.25,103.7,1525,257796.99,563834.01,5482,2025,1977,2041.98
W06000015,Cardiff,2017Q4,198462.6667,5.366666667,378970,4.8,227407.3333,5.3,181307.6667,5.433333333,133397,5.5,28534.88667,0.416666667,104.5666667,1501,98865.99,388368,6074,2120,2030,1866
W06000015,Cardiff,2018Q1,200036.3333,5.466666667,382739.6667,5.133333333,229661,6.1,183014.6667,5.666666667,133740,4.633333333,28908.72667,0.5,104.7666667,1223,97074.99,416469,4950,1931,1934,2325.99
W06000015,Cardiff,2018Q2,200771.3333,4.066666667,384299,4.6,231143,5.2,184390.6667,4.633333333,133013.3333,1.8,29278.47667,0.5,105.6666667,1330,172416.99,764279.01,5114,2100,2352,2382
W06000015,Cardiff,2018Q3,205909.3333,5,394991.6667,6.3,237267,6.066666667,189080.6667,5.366666667,136164,2.6,29581.82,0.666666667,106.3,1602,284828.01,624605.01,5389,2244,2474,2611.98
W06000015,Cardiff,2018Q4,206483.3333,4.066666667,397794,4.966666667,238340,4.8,189481.3333,4.5,136128.6667,2.033333333,29849.03667,0.75,106.9333333,1576,108036,434286,5473,2165,2387,2776.98
W06000015,Cardiff,2019Q1,206782.3333,3.333333333,399677,4.466666667,239371.3333,4.266666667,189339.6667,3.433333333,136177.6667,1.8,30115.27333,0.75,106.7,1191,112719,453599.01,5342,2106,2421,3853.98
W06000015,Cardiff,2019Q2,206108.6667,2.7,396637,3.2,238744.6667,3.266666667,189645.3333,2.866666667,135023.6667,1.5,30378.60333,0.75,107.8,1338,193596.99,792681.99,5205,2179,2589,3580.02
W06000015,Cardiff,2019Q3,208798,1.433333333,400875,1.466666667,241549.6667,1.8,192689.3333,1.9,136546,0.266666667,30187.5,0.75,108.2666667,1564,321639.99,689672.01,4849,2111,2763,3656.01
W06000015,Cardiff,2019Q4,211401,2.4,407011.3333,2.333333333,245699,3.066666667,194772,2.8,137648,1.133333333,29765.98333,0.75,108.4333333,1499,130221.99,477507.99,4785,2093,2635,3990
W06000015,Cardiff,2020Q1,209636.6667,1.4,404852.6667,1.266666667,244164.6667,2,193457.3333,2.2,135577,-0.433333333,29344.46667,0.533333333,108.4666667,1040,108819,364535.01,4961,2040,2376,4024.02
W06000015,Cardiff,2020Q2,209510,1.633333333,407151.3333,2.666666667,244225,2.3,193764.6667,2.166666667,134454.3333,-0.4,28926.01667,0.1,108.5333333,542,9206.01,6153.99,3014,1575,2540,1573.02
W06000015,Cardiff,2020Q3,213413.6667,2.166666667,412329,2.866666667,249361.6667,3.233333333,198162.3333,2.833333333,136333,-0.133333333,28867.22333,0.1,108.9333333,810,188156.01,63846.99,3866,2025,2914,1110
W06000015,Cardiff,2020Q4,217255,2.766666667,421391.6667,3.5,253917.6667,3.333333333,202549.6667,4,137649.3333,0,28990.78667,0.1,109.0666667,1360,154866.99,66060,4111,1802,2614,2266.02
W06000015,Cardiff,2021Q1,222860,6.333333333,422634,4.4,258796.6667,6,208635,7.866666667,143183.3333,5.6,29113.9,0.1,109.1666667,1449,132414,37779.99,3193,1481,2559,3291
W06000015,Cardiff,2021Q2,229113,9.366666667,430842,5.833333333,264563.3333,8.333333333,214962,10.93333333,148328.6667,10.33333333,29235.66333,0.1,110.7333333,1668,155789.01,49665,3640,2004,2892,3336
W06000015,Cardiff,2021Q3,235249,10.23333333,445438.6667,8.033333333,272904.6667,9.433333333,220490,11.26666667,151067,10.83333333,29715.36333,0.1,111.9333333,1224,397026.99,105240.99,3944,2210,2868,3003.99
W06000015,Cardiff,2021Q4,237967.6667,9.566666667,456749,8.4,277969.3333,9.5,222498,9.833333333,150834.3333,9.566666667,30374.10667,0.15,114.4,1535,212738.01,209291.01,4422,2465,2740,3322.02
W06000015,Cardiff,2022Q1,243842.6667,9.433333333,467401.6667,10.6,285769,10.4,228461.3333,9.5,153596.3333,7.266666667,31030.45667,0.5,115.9333333,1174,231531.99,244452,4465,2113,2515,3880.98
W06000015,Cardiff,2022Q2,251199,9.666666667,480108,11.43333333,294230.6667,11.23333333,236115.6667,9.833333333,157664.3333,6.3,31679.62,1,120.8666667,1224,320414.01,366537,4543,2226,2557,3633
W06000015,Cardiff,2022Q3,258001.6667,9.633333333,490581.3333,10.13333333,302473.6667,10.83333333,243931,10.63333333,160316.6667,6.133333333,32286.22333,1.75,123.1333333,1463,580814.01,433932.99,4529,2333,2790,4697.01
W06000015,Cardiff,2022Q4,266807.3333,12.13333333,509189.6667,11.46666667,313161.3333,12.66666667,252180,13.36666667,165095,9.466666667,32866.61,2.916666667,126.7,1671,294774.99,351239.01,5023,2318,2457,5063.01
W06000015,Cardiff,2023Q1,264433.3333,8.466666667,507410.6667,8.566666667,310997.3333,8.833333333,249175,9.1,163444,6.4,33444.88667,3.916666667,127.7333333,1001,297594.99,399660.99,4612,2300,2498,4217.01
W06000015,Cardiff,2023Q2,260293.3333,3.6,501781.3333,4.533333333,306255.6667,4.1,244426.3333,3.5,161194.6667,2.233333333,34016.83333,4.583333333,131.0666667,897,295668,630632.01,4769,2430,2573,6334.02
W06000015,Cardiff,2023Q3,261987.3333,1.533333333,501219,2.166666667,308219,1.9,247723,1.566666667,161100.6667,0.466666667,34623.66667,5.166666667,131.4,1021,573971.01,532428,5441,2318,2852,22484.01
W06000015,Cardiff,2023Q4,261786.3333,-1.9,500510,-1.7,308162.6667,-1.6,247300,-1.933333333,161193.6667,-2.366666667,35243.79333,5.25,131.9666667,1052,265236.99,392259.99,5009,2388,2709,28443
W06000015,Cardiff,2024Q1,259217.6667,-1.966666667,495049,-2.466666667,304917.6667,-1.966666667,244708,-1.8,159925.3333,-2.166666667,35863.92333,5.25,132.2666667,823,229845.99,454544.01,4513,2220,2557,10417.02
W06000015,Cardiff,2024Q2,260257.3333,0,492669.6667,-1.833333333,304867,-0.466666667,246000.3333,0.633333333,161487.3333,0.166666667,36479.53667,5.25,133.8333333,1117,204254.01,728825.01,5005,2380,2803,5466
W06000015,Cardiff,2024Q3,264603.3333,1,500497.3333,-0.166666667,310446,0.733333333,251994.3333,1.7,162362.6667,0.8,36730.28333,5.083333333,134.1,1227,388326.99,555722.01,4792,2335,2532,8415.99
W06000015,Cardiff,2024Q4,265736.6667,1.533333333,506388.6667,1.166666667,312325.6667,1.366666667,252345.3333,2.033333333,162867,1.033333333,36795.33,4.833333333,135.2333333,1269,145505.01,420449.01,4336,2276,2291,16455
W06000015,Cardiff,2025Q1,266704.3333,2.9,509021,2.833333333,313616,2.866666667,253716.3333,3.7,163107.3333,1.966666667,36860.14,4.583333333,135.9666667,1025,151643.01,452067.99,4123,2226,3162,16068
W06000015,Cardiff,2025Q2,267486.6667,2.766666667,513838.3333,4.266666667,315879.6667,3.6,254675.3333,3.5,161967.3333,0.266666667,36924.24,4.333333333,138.5,953,185370,790707.99,4183,2311,2891,12370.02
W06000015,Cardiff,2025Q3,270166.6667,2.1,518097.6667,3.533333333,320328,3.166666667,258433.6667,2.533333333,161714.3333,-0.4,36946,4.083333333,139.2,949,376097.01,568923.99,4224,2202,2604,13254.99
W06000015,Cardiff,2025Q4,270743,1.866666667,517746,2.233333333,321441.3333,2.933333333,259531.6667,2.833333333,161548.3333,-0.833333333,36946,3.916666667,139.8,984,116405.01,429636,4294,2211,2714,13194
E06000056,Central Bedfordshire,2015Q2,231941.6667,10.5,396514,11.8,236871,10.5,192026,10.06666667,128928.6667,10,30713.35667,0.5,100.0666667,1517,124947,668316,2227,661,438,3248.01
E06000056,Central Bedfordshire,2015Q3,243817.6667,10.7,412743,10.8,249356.3333,10.96666667,202323.6667,10.46666667,134795.3333,10.06666667,31021,0.5,100.1666667,1689,240512.01,539514.99,2268,612,396,3229.98
E06000056,Central Bedfordshire,2015Q4,254872,12.76666667,437665.6667,14.23333333,260505.3333,12.96666667,211261.3333,12.63333333,140271,11.36666667,31395.18,0.5,100.3,1620,95876.01,339126.99,2476,598,371,3192.99
E06000056,Central Bedfordshire,2016Q1,263431,14.73333333,449671.3333,14.83333333,270073.6667,15.26666667,217552.3333,14.53333333,145165.3333,13.26666667,31769.36,0.5,99.83333333,1404,89624.01,356235.99,2380,588,422,2772
E06000056,Central Bedfordshire,2016Q2,271244.3333,16.93333333,461570.3333,16.4,277609.6667,17.2,224247.6667,16.76666667,150427.6667,16.63333333,32140.82,0.5,100.4,1344,147306.99,652428.99,2161,608,412,2474.01
E06000056,Central Bedfordshire,2016Q3,278787.6667,14.4,474229.6667,14.93333333,285121.6667,14.36666667,230696.3333,14.03333333,154588.6667,14.7,32139.15333,0.333333333,100.8666667,1544,245307,527103,2304,679,492,2117.01
E06000056,Central Bedfordshire,2016Q4,282835,11,484305,10.66666667,289322,11.1,232520,10.1,157201,12.06666667,31948.53667,0.25,101.5,1479,94007.01,366960,2632,595,432,2580.99
E06000056,Central Bedfordshire,2017Q1,286178,8.633333333,491053.3333,9.2,292239.6667,8.233333333,234545.6667,7.833333333,159897.6667,10.16666667,31758.61333,0.25,102,1114,96450.99,417771.99,2517,594,457,2469
E06000056,Central Bedfordshire,2017Q2,292832.3333,7.966666667,500323.6667,8.366666667,298975.6667,7.7,239712.3333,6.9,165077.6667,9.733333333,31570.77,0.25,103.1666667,1399,159168.99,725610,2716,713,520,2187
E06000056,Central Bedfordshire,2017Q3,299252,7.333333333,509455.6667,7.433333333,305740.3333,7.266666667,245611,6.433333333,168483,8.966666667,31633.84667,0.25,103.7,1491,257796.99,563834.01,2403,740,528,2041.98
E06000056,Central Bedfordshire,2017Q4,300757,6.333333333,514155.3333,6.133333333,307931.6667,6.433333333,246831.6667,6.166666667,167702.3333,6.7,31824.46333,0.416666667,104.5666667,1549,98865.99,388368,2776,712,581,1866
E06000056,Central Bedfordshire,2018Q1,303133.3333,5.933333333,519550,5.8,311017.3333,6.433333333,248318.6667,5.866666667,168390.3333,5.3,32014.38667,0.5,104.7666667,1173,97074.99,416469,2583,733,592,2325.99
E06000056,Central Bedfordshire,2018Q2,300810,2.766666667,515470.6667,3.033333333,309270.3333,3.466666667,247025.6667,3.066666667,165695,0.4,32202.23,0.5,105.6666667,1337,172416.99,764279.01,2745,871,728,2382
E06000056,Central Bedfordshire,2018Q3,303728.6667,1.466666667,520413,2.166666667,312566.3333,2.233333333,249702.3333,1.633333333,166593,-1.1,32700.85333,0.666666667,106.3,1379,284828.01,624605.01,3164,920,807,2611.98
E06000056,Central Bedfordshire,2018Q4,304183,1.166666667,521988,1.533333333,313264.3333,1.766666667,249684,1.166666667,166643.6667,-0.666666667,33354.32333,0.75,106.9333333,1407,108036,434286,3260,958,884,2776.98
E06000056,Central Bedfordshire,2019Q1,302585.3333,-0.2,521418,0.4,312096.6667,0.366666667,247494.6667,-0.333333333,165147.3333,-1.9,34005.42,0.75,106.7,1080,112719,453599.01,2732,861,960,3853.98
E06000056,Central Bedfordshire,2019Q2,292824.6667,-2.633333333,503561.6667,-2.3,302373.6667,-2.266666667,240538.3333,-2.633333333,158627.3333,-4.266666667,34649.38667,0.75,107.8,1291,193596.99,792681.99,2556,1000,1117,3580.02
E06000056,Central Bedfordshire,2019Q3,295257.6667,-2.8,507463,-2.5,304424,-2.633333333,243127,-2.633333333,159860,-4.066666667,35094.83333,0.75,108.2666667,1371,321639.99,689672.01,2396,975,1049,3656.01
E06000056,Central Bedfordshire,2019Q4,294484.3333,-3.166666667,505247.6667,-3.2,304439.3333,-2.833333333,242457,-2.866666667,159011.6667,-4.566666667,35435.70333,0.75,108.4333333,1531,130221.99,477507.99,2776,1001,980,3990
E06000056,Central Bedfordshire,2020Q1,296485,-2.033333333,509893.3333,-2.2,306894.3333,-1.666666667,244010.6667,-1.4,158798.3333,-3.8,35776.57333,0.533333333,108.4666667,1105,108819,364535.01,2450,991,973,4024.02
E06000056,Central Bedfordshire,2020Q2,295885.6667,1.066666667,511005.6667,1.5,306553.6667,1.366666667,243266.6667,1.133333333,156754.6667,-1.2,36114.96333,0.1,108.5333333,739,9206.01,6153.99,1681,881,1099,1573.02
E06000056,Central Bedfordshire,2020Q3,300912.6667,1.933333333,518086.3333,2.066666667,312161.3333,2.533333333,248378.6667,2.166666667,158777,-0.666666667,36023.60667,0.1,108.9333333,1084,188156.01,63846.99,1962,990,1154,1110
E06000056,Central Bedfordshire,2020Q4,299989.6667,1.866666667,518336,2.6,310506.6667,1.966666667,248552,2.533333333,156317.6667,-1.7,35714.95333,0.1,109.0666667,1535,154866.99,66060,1846,888,999,2266.02
E06000056,Central Bedfordshire,2021Q1,300182,1.233333333,511763.6667,0.366666667,310401,1.133333333,250740,2.766666667,159790,0.633333333,35407.42333,0.1,109.1666667,2158,132414,37779.99,1556,828,1028,3291
E06000056,Central Bedfordshire,2021Q2,304085.3333,2.766666667,515846.6667,0.933333333,313800,2.366666667,254697.3333,4.7,163956.3333,4.633333333,35103.25667,0.1,110.7333333,2372,155789.01,49665,1672,966,1172,3336
E06000056,Central Bedfordshire,2021Q3,307782.6667,2.3,522546.3333,0.866666667,318631,2.066666667,257272.3333,3.6,164889.6667,3.833333333,35768.93,0.1,111.9333333,1660,397026.99,105240.99,1823,1000,1160,3003.99
E06000056,Central Bedfordshire,2021Q4,316170.3333,5.4,541852.3333,4.566666667,327599.6667,5.5,262684.6667,5.666666667,166577,6.566666667,36924.43667,0.15,114.4,1410,212738.01,209291.01,1844,980,1009,3322.02
E06000056,Central Bedfordshire,2022Q1,321106.6667,6.966666667,549703,7.433333333,333602.3333,7.466666667,266933.6667,6.466666667,168293.6667,5.333333333,38075.73667,0.5,115.9333333,1381,231531.99,244452,1923,1026,1123,3880.98
E06000056,Central Bedfordshire,2022Q2,327889.6667,7.8,559359.3333,8.433333333,340730.6667,8.6,273791.3333,7.5,171474.6667,4.6,39214.43333,1,120.8666667,1383,320414.01,366537,1972,1025,1046,3633
E06000056,Central Bedfordshire,2022Q3,342310.3333,11.23333333,582658.6667,11.5,356207,11.8,286954.6667,11.56666667,177504.6667,7.633333333,39883.43667,1.75,123.1333333,1645,580814.01,433932.99,1982,1056,1126,4697.01
E06000056,Central Bedfordshire,2022Q4,345663.6667,9.333333333,589552.3333,8.833333333,359563.3333,9.766666667,289700.3333,10.3,178366,7.1,40307.87,2.916666667,126.7,1507,294774.99,351239.01,1937,989,992,5063.01
E06000056,Central Bedfordshire,2023Q1,346507,7.9,594262.6667,8.1,361038.6667,8.233333333,288446.6667,8.066666667,178307.3333,5.966666667,40730.75333,3.916666667,127.7333333,1002,297594.99,399660.99,1854,975,971,4217.01
E06000056,Central Bedfordshire,2023Q2,341102.6667,4.066666667,587644.3333,5.066666667,355736.6667,4.433333333,282512.6667,3.2,175027.3333,2.1,41149.01,4.583333333,131.0666667,789,295668,630632.01,1820,1099,1043,6334.02
E06000056,Central Bedfordshire,2023Q3,336009,-1.866666667,576447.3333,-1.066666667,350609.3333,-1.533333333,280084.3333,-2.366666667,171307.6667,-3.5,41579.33,5.166666667,131.4,1054,573971.01,532428,1869,1149,1002,22484.01
E06000056,Central Bedfordshire,2023Q4,334660.3333,-3.2,573558.6667,-2.7,349362.3333,-2.833333333,278681.3333,-3.8,171092,-4.066666667,42012.62333,5.25,131.9666667,1024,265236.99,392259.99,1886,1072,954,28443
E06000056,Central Bedfordshire,2024Q1,332575.6667,-4.033333333,569047.6667,-4.233333333,347295,-3.8,277044,-3.933333333,170405,-4.4,42445.91,5.25,132.2666667,874,229845.99,454544.01,1890,1063,979,10417.02
E06000056,Central Bedfordshire,2024Q2,328712.6667,-3.6,558891.6667,-4.9,343102.3333,-3.533333333,274688.6667,-2.8,169985,-2.9,42876.04667,5.25,133.8333333,1044,204254.01,728825.01,1924,1246,1070,5466
E06000056,Central Bedfordshire,2024Q3,336816.3333,0.266666667,571336,-0.866666667,351763.3333,0.366666667,283266.3333,1.166666667,172491.6667,0.7,43125.28333,5.083333333,134.1,1226,388326.99,555722.01,1739,1088,968,8415.99
E06000056,Central Bedfordshire,2024Q4,341740,2.133333333,582930,1.633333333,357046,2.2,286416.3333,2.766666667,173897.6667,1.633333333,43281.99667,4.833333333,135.2333333,1459,145505.01,420449.01,1835,1132,994,16455
E06000056,Central Bedfordshire,2025Q1,348534.6667,4.8,595786,4.7,364912.3333,5.1,292137.3333,5.466666667,175837.3333,3.166666667,43438.14,4.583333333,135.9666667,1504,151643.01,452067.99,1749,1177,965,16068
E06000056,Central Bedfordshire,2025Q2,349002.6667,6.166666667,598748.6667,7.133333333,366538.6667,6.866666667,291894.3333,6.266666667,173862.3333,2.3,43592.57333,4.333333333,138.5,704,185370,790707.99,1620,1224,1008,12370.02
E06000056,Central Bedfordshire,2025Q3,358742.3333,6.533333333,614884,7.633333333,378095.3333,7.5,300758,6.166666667,176548.3333,2.333333333,43645,4.083333333,139.2,1003,376097.01,568923.99,1555,1064,1112,13254.99
E06000056,Central Bedfordshire,2025Q4,358583.3333,4.9,614238.3333,5.366666667,378748,6.066666667,300643.6667,4.966666667,175737.3333,1.066666667,43645,3.916666667,139.8,987,116405.01,429636,1751,1085,1075,13194
E06000049,Cheshire East,2015Q2,186310.3333,2.7,303063.3333,2.933333333,173257,2.866666667,134732.6667,2.266666667,108163,2.3,27882.72333,0.5,100.0666667,1831,124947,668316,1917,806,401,3248.01
E06000049,Cheshire East,2015Q3,190874.3333,3.933333333,309951.3333,4.133333333,177766.3333,4.2,138335,3.566666667,110278.3333,3.533333333,27996.5,0.5,100.1666667,2044,240512.01,539514.99,1953,854,373,3229.98
E06000049,Cheshire East,2015Q4,193872.6667,2.266666667,316172,2.666666667,180445.3333,2.5,140001.6667,1.866666667,111605.6667,1.266666667,28224.16333,0.5,100.3,2035,95876.01,339126.99,2075,908,436,3192.99
E06000049,Cheshire East,2016Q1,194005.6667,3.6,316343,3.833333333,180961.3333,4,139912.3333,3.366666667,111410.6667,2.2,28451.82667,0.5,99.83333333,1863,89624.01,356235.99,1810,919,479,2772
E06000049,Cheshire East,2016Q2,201241.3333,8.033333333,326826.6667,7.866666667,187554.6667,8.233333333,145766,8.166666667,116152,7.4,28677.83667,0.5,100.4,1569,147306.99,652428.99,1918,933,587,2474.01
E06000049,Cheshire East,2016Q3,204889.3333,7.366666667,332245.6667,7.233333333,191002.3333,7.5,148595.3333,7.466666667,118392.6667,7.4,28741.96667,0.333333333,100.8666667,2021,245307,527103,2130,1047,1076,2117.01
E06000049,Cheshire East,2016Q4,200559,3.466666667,327416.3333,3.6,186938,3.6,144071.6667,2.9,116315.6667,4.233333333,28723.88333,0.25,101.5,2022,94007.01,366960,2055,1022,933,2580.99
E06000049,Cheshire East,2017Q1,199065,2.6,325839,3,185204.3333,2.333333333,142669.3333,1.966666667,115707,3.866666667,28705.87,0.25,102,1576,96450.99,417771.99,2022,994,1229,2469
E06000049,Cheshire East,2017Q2,204626,1.7,334044,2.2,190447.6667,1.566666667,146728.3333,0.7,119753.3333,3.133333333,28688.05,0.25,103.1666667,1910,159168.99,725610,2327,1293,1503,2187
E06000049,Cheshire East,2017Q3,207222.6667,1.133333333,336908,1.4,193191.3333,1.166666667,149013,0.3,121395,2.533333333,28882.38,0.25,103.7,2141,257796.99,563834.01,2300,1337,1622,2041.98
E06000049,Cheshire East,2017Q4,212936.3333,6.166666667,347591,6.2,198627.6667,6.266666667,152743.6667,6,123648,6.3,29183.49667,0.416666667,104.5666667,2070,98865.99,388368,2436,1546,1935,1866
E06000049,Cheshire East,2018Q1,211702,6.366666667,345912.6667,6.133333333,197886.3333,6.866666667,151657.3333,6.3,122217.6667,5.633333333,29483.52667,0.5,104.7666667,1560,97074.99,416469,2384,1654,1792,2325.99
E06000049,Cheshire East,2018Q2,213001,4.1,347845,4.166666667,199403.6667,4.7,153196,4.4,121580,1.533333333,29780.26333,0.5,105.6666667,1921,172416.99,764279.01,2962,2311,2622,2382
E06000049,Cheshire East,2018Q3,217950.6667,5.2,356356.6667,5.766666667,204084,5.633333333,156557.6667,5.066666667,124109.3333,2.233333333,30228.45,0.666666667,106.3,2039,284828.01,624605.01,3209,2137,2493,2611.98
E06000049,Cheshire East,2018Q4,220930.3333,3.766666667,362118,4.166666667,206852.3333,4.133333333,158345.3333,3.666666667,125302.3333,1.333333333,30750.57333,0.75,106.9333333,2159,108036,434286,2961,2206,2485,2776.98
E06000049,Cheshire East,2019Q1,217105,2.533333333,356547.6667,3.066666667,203495,2.833333333,154997.6667,2.2,122972,0.633333333,31270.79667,0.75,106.7,1603,112719,453599.01,2811,2032,2415,3853.98
E06000049,Cheshire East,2019Q2,219147,2.9,358647,3.1,205962.3333,3.266666667,157264.3333,2.633333333,123441.6667,1.533333333,31785.32667,0.75,107.8,1896,193596.99,792681.99,3127,2178,2546,3580.02
E06000049,Cheshire East,2019Q3,221595,1.666666667,362277,1.633333333,208069.3333,1.933333333,159530,1.933333333,124751.6667,0.5,32066.83333,0.75,108.2666667,2157,321639.99,689672.01,2906,2261,2657,3656.01
E06000049,Cheshire East,2019Q4,224305,1.533333333,366788.6667,1.3,211064.6667,2.033333333,161138.3333,1.733333333,125977,0.533333333,32227.37667,0.75,108.4333333,2153,130221.99,477507.99,3007,2308,3061,3990
E06000049,Cheshire East,2020Q1,219647.6667,1.166666667,359773.3333,0.9,206787.6667,1.633333333,157720.3333,1.733333333,122448,-0.433333333,32387.91333,0.533333333,108.4666667,1551,108819,364535.01,2603,2046,2277,4024.02
E06000049,Cheshire East,2020Q2,221427.6667,1.033333333,364375,1.6,208231.3333,1.1,158655.3333,0.9,122005.3333,-1.166666667,32547.29333,0.1,108.5333333,1017,9206.01,6153.99,1883,1856,2716,1573.02
E06000049,Cheshire East,2020Q3,226907,2.366666667,372228.6667,2.766666667,213773.3333,2.733333333,163009.3333,2.133333333,125169,0.333333333,32428.36333,0.1,108.9333333,1712,188156.01,63846.99,2371,2214,2954,1110
E06000049,Cheshire East,2020Q4,239119.3333,6.6,393410.6667,7.266666667,224720,6.5,172137.3333,6.833333333,130545.6667,3.666666667,32168.93,0.1,109.0666667,2311,154866.99,66060,2112,1934,2798,2266.02
E06000049,Cheshire East,2021Q1,241063.3333,9.733333333,391838,8.9,226820,9.7,175536.6667,11.3,134672.3333,10,31910.44667,0.1,109.1666667,2758,132414,37779.99,1871,1739,2748,3291
E06000049,Cheshire East,2021Q2,247300.3333,11.7,400127.3333,9.833333333,232465,11.63333333,181187.6667,14.2,139391.3333,14.26666667,31654.79,0.1,110.7333333,2923,155789.01,49665,2034,2323,3163,3336
E06000049,Cheshire East,2021Q3,241419.6667,6.466666667,391870.6667,5.366666667,227191.3333,6.333333333,176438.3333,8.333333333,134513.6667,7.533333333,32065.52667,0.1,111.9333333,2435,397026.99,105240.99,2193,2211,3068,3003.99
E06000049,Cheshire East,2021Q4,249301.6667,4.266666667,408093,3.766666667,234497.6667,4.333333333,180818.6667,5.033333333,136746.6667,4.766666667,32813.17333,0.15,114.4,1901,212738.01,209291.01,2241,2352,2763,3322.02
E06000049,Cheshire East,2022Q1,255035,5.8,416935.3333,6.4,240499.3333,6.033333333,185181.6667,5.5,139009.6667,3.233333333,33558.10333,0.5,115.9333333,1770,231531.99,244452,2085,2186,2534,3880.98
E06000049,Cheshire East,2022Q2,260947.3333,5.5,425615.3333,6.4,246187.3333,5.9,190283.3333,5.033333333,141855.3333,1.766666667,34294.87667,1,120.8666667,2006,320414.01,366537,2255,2236,2594,3633
E06000049,Cheshire East,2022Q3,271233,12.36666667,440993.3333,12.56666667,256419.6667,12.9,198731.3333,12.66666667,146338.3333,8.8,34792.68,1.75,123.1333333,2116,580814.01,433932.99,2145,2235,2814,4697.01
E06000049,Cheshire East,2022Q4,278233.6667,11.63333333,453394.6667,11.1,262780,12.06666667,203741,12.66666667,149206.6667,9.133333333,35164.86667,2.916666667,126.7,2069,294774.99,351239.01,2090,2127,2633,5063.01
E06000049,Cheshire East,2023Q1,272274.3333,6.733333333,445229,6.8,257397.3333,7.033333333,198255,7.066666667,145395.6667,4.633333333,35535.70667,3.916666667,127.7333333,1477,297594.99,399660.99,2142,2020,2454,4217.01
E06000049,Cheshire East,2023Q2,268176.3333,2.766666667,439951.6667,3.366666667,253506,3,194159.6667,2.033333333,143235.6667,1,35902.48333,4.583333333,131.0666667,1375,295668,630632.01,2189,2206,2453,6334.02
E06000049,Cheshire East,2023Q3,274199.6667,1.133333333,448185.6667,1.633333333,259270,1.133333333,199868,0.6,145703,-0.4,36288.5,5.166666667,131.4,1607,573971.01,532428,2204,2027,2154,22484.01
E06000049,Cheshire East,2023Q4,276188,-0.766666667,450805,-0.6,261381.6667,-0.566666667,201394,-1.133333333,146901.3333,-1.566666667,36681.46333,5.25,131.9666667,1508,265236.99,392259.99,2015,1873,2052,28443
E06000049,Cheshire East,2024Q1,273567,0.533333333,445928,0.133333333,259071,0.666666667,199640.6667,0.7,145687.3333,0.233333333,37074.43,5.25,132.2666667,1292,229845.99,454544.01,2138,1969,2170,10417.02
E06000049,Cheshire East,2024Q2,277091.6667,3.333333333,449667.6667,2.2,262344,3.5,202965,4.5,148961,4,37464.53667,5.25,133.8333333,1533,204254.01,728825.01,2159,2216,2352,5466
E06000049,Cheshire East,2024Q3,281454.6667,2.666666667,455801,1.7,266665,2.866666667,207503,3.833333333,149812.6667,2.8,38163.38333,5.083333333,134.1,1869,388326.99,555722.01,2198,2164,2436,8415.99
E06000049,Cheshire East,2024Q4,287195,3.966666667,467463,3.7,272014,4.1,210828.3333,4.7,151630,3.233333333,39016.01,4.833333333,135.2333333,1892,145505.01,420449.01,2021,1992,2271,16455
E06000049,Cheshire East,2025Q1,292778.3333,7.033333333,476097,6.766666667,277975.3333,7.3,215118.3333,7.766666667,153442.3333,5.333333333,39865.53333,4.583333333,135.9666667,2107,151643.01,452067.99,1729,1857,2174,16068
E06000049,Cheshire East,2025Q2,294021.6667,6.133333333,479303.3333,6.566666667,279901.3333,6.7,215571.6667,6.2,152273.6667,2.233333333,40705.76,4.333333333,138.5,1220,185370,790707.99,1940,2141,2643,12370.02
E06000049,Cheshire East,2025Q3,301183.6667,7,490205.3333,7.533333333,287622,7.866666667,221527.6667,6.733333333,153858.6667,2.7,40991,4.083333333,139.2,1453,376097.01,568923.99,1912,2130,2576,13254.99
E06000049,Cheshire East,2025Q4,306336.3333,6.666666667,496741.6667,6.266666667,293452.6667,7.9,225973,7.2,155837.6667,2.8,40991,3.916666667,139.8,1488,116405.01,429636,1797,2010,2261,13194
E06000050,Cheshire West and Chester,2015Q2,167406,3.566666667,272889.3333,4.1,161777.6667,3.633333333,127903.6667,3.1,97688.33333,3.066666667,28513.86333,0.5,100.0666667,1497,124947,668316,2713,1036,602,3248.01
E06000050,Cheshire West and Chester,2015Q3,171689,3.3,279399,3.566666667,166340.6667,3.533333333,131357.6667,2.866666667,99516.66667,2.766666667,28604,0.5,100.1666667,1739,240512.01,539514.99,2568,1095,706,3229.98
E06000050,Cheshire West and Chester,2015Q4,174328.6667,3.466666667,285037.3333,4.033333333,168763,3.633333333,132938,3,100650.3333,2.366666667,28668.61667,0.5,100.3,1685,95876.01,339126.99,2415,1149,662,3192.99
E06000050,Cheshire West and Chester,2016Q1,174645.3333,3.7,285589.6667,4.066666667,169407.3333,4.133333333,132905.6667,3.333333333,100659.3333,2.033333333,28733.23333,0.5,99.83333333,1646,89624.01,356235.99,2115,1135,648,2772
E06000050,Cheshire West and Chester,2016Q2,179949,7.5,293226,7.466666667,174250.6667,7.733333333,137457.3333,7.466666667,104490.3333,6.966666667,28797.38333,0.5,100.4,1383,147306.99,652428.99,2375,1225,938,2474.01
E06000050,Cheshire West and Chester,2016Q3,181578.3333,5.8,295740.6667,5.9,175670,5.633333333,138848.6667,5.7,105620.6667,6.2,28929.13,0.333333333,100.8666667,1556,245307,527103,2615,1394,1481,2117.01
E06000050,Cheshire West and Chester,2016Q4,181178,3.933333333,297090,4.233333333,175270.3333,3.833333333,137250.6667,3.233333333,105692.3333,5,29094.63667,0.25,101.5,1573,94007.01,366960,2856,1345,1430,2580.99
E06000050,Cheshire West and Chester,2017Q1,179481.6667,2.766666667,294882.3333,3.233333333,173196.6667,2.2,135804.6667,2.2,105232.3333,4.533333333,29259.53667,0.25,102,1399,96450.99,417771.99,2517,1383,1625,2469
E06000050,Cheshire West and Chester,2017Q2,180464.6667,0.3,295217.6667,0.7,174163.3333,-0.033333333,136841.6667,-0.4,106661.3333,2.066666667,29422.63333,0.25,103.1666667,1698,159168.99,725610,2618,1731,2048,2187
E06000050,Cheshire West and Chester,2017Q3,186197.3333,2.566666667,303496,2.6,180022.6667,2.466666667,141520.3333,1.933333333,110013.6667,4.166666667,29524.46,0.25,103.7,1794,257796.99,563834.01,2711,1716,2200,2041.98
E06000050,Cheshire West and Chester,2017Q4,187130.3333,3.3,306176,3.066666667,181052,3.3,141933,3.4,109566,3.666666667,29594.27667,0.416666667,104.5666667,1802,98865.99,388368,3005,1819,2500,1866
E06000050,Cheshire West and Chester,2018Q1,186006.6667,3.633333333,305054.3333,3.466666667,180118.6667,4.033333333,140906.6667,3.766666667,108123.3333,2.733333333,29663.84,0.5,104.7666667,1315,97074.99,416469,2519,1839,2255,2325.99
E06000050,Cheshire West and Chester,2018Q2,189110.3333,4.8,310338.3333,5.1,183443.3333,5.333333333,143680,5,108423.6667,1.666666667,29732.64333,0.5,105.6666667,1589,172416.99,764279.01,2758,2159,2730,2382
E06000050,Cheshire West and Chester,2018Q3,192051,3.166666667,314990.6667,3.8,186478,3.6,145910.6667,3.1,109952,-0.066666667,29958.88667,0.666666667,106.3,1579,284828.01,624605.01,2797,1971,2508,2611.98
E06000050,Cheshire West and Chester,2018Q4,192650,2.966666667,316779.6667,3.466666667,187108.3333,3.366666667,145974.6667,2.833333333,109845.3333,0.233333333,30263.77333,0.75,106.9333333,1709,108036,434286,2720,2079,2598,2776.98
E06000050,Cheshire West and Chester,2019Q1,191562.3333,3,315638,3.466666667,186068.3333,3.3,144680.3333,2.666666667,109142.3333,0.933333333,30567.55333,0.75,106.7,1303,112719,453599.01,2499,1858,2469,3853.98
E06000050,Cheshire West and Chester,2019Q2,194216.3333,2.666666667,318793,2.7,188898.3333,2.966666667,147326.3333,2.533333333,110251,1.666666667,30868,0.75,107.8,1508,193596.99,792681.99,2488,1883,2386,3580.02
E06000050,Cheshire West and Chester,2019Q3,195724.6667,1.9,321052,1.933333333,190164,2,148902.6667,2.066666667,110987,0.966666667,31039.83,0.75,108.2666667,1585,321639.99,689672.01,2638,2099,2701,3656.01
E06000050,Cheshire West and Chester,2019Q4,195179.6667,1.3,319940.6667,1,190133.6667,1.633333333,148290.3333,1.6,110205.6667,0.333333333,31144.77667,0.75,108.4333333,1517,130221.99,477507.99,2653,2234,3098,3990
E06000050,Cheshire West and Chester,2020Q1,196361.3333,2.533333333,322501.3333,2.166666667,191474.3333,2.9,148990.6667,2.966666667,110030.3333,0.833333333,31249.71667,0.533333333,108.4666667,1152,108819,364535.01,2391,1975,2339,4024.02
E06000050,Cheshire West and Chester,2020Q2,196011.3333,0.933333333,323122,1.333333333,191039,1.133333333,148587,0.866666667,108824,-1.3,31353.89333,0.1,108.5333333,665,9206.01,6153.99,1589,1687,2459,1573.02
E06000050,Cheshire West and Chester,2020Q3,200590.3333,2.466666667,329902.6667,2.733333333,195864.6667,3.033333333,152322.6667,2.3,111008.3333,0.033333333,31568.15667,0.1,108.9333333,1239,188156.01,63846.99,2047,2094,2991,1110
E06000050,Cheshire West and Chester,2020Q4,209433.3333,7.3,346216,8.233333333,204085.6667,7.333333333,159091.3333,7.3,114539.6667,3.966666667,31837.38,0.1,109.0666667,1757,154866.99,66060,1903,1885,2797,2266.02
E06000050,Cheshire West and Chester,2021Q1,215241,9.6,351265.3333,8.9,210042.6667,9.7,165002.3333,10.76666667,119977,9.033333333,32105.62667,0.1,109.1666667,1985,132414,37779.99,1572,1700,2747,3291
E06000050,Cheshire West and Chester,2021Q2,221193.3333,12.83333333,358875.3333,11.06666667,215577.3333,12.86666667,170723.6667,14.9,124344.3333,14.26666667,32370.93,0.1,110.7333333,2068,155789.01,49665,1897,2262,3309,3336
E06000050,Cheshire West and Chester,2021Q3,222686.3333,11.03333333,362040.6667,9.766666667,217416.3333,11.03333333,171537,12.66666667,123884.3333,11.6,32692.8,0.1,111.9333333,1923,397026.99,105240.99,1964,2260,3023,3003.99
E06000050,Cheshire West and Chester,2021Q4,226684.3333,8.266666667,372546,7.6,221381,8.466666667,173000.6667,8.733333333,123933,8.233333333,33041.13333,0.15,114.4,1439,212738.01,209291.01,2071,2271,2792,3322.02
E06000050,Cheshire West and Chester,2022Q1,229412.6667,6.633333333,376392.3333,7.166666667,224583,6.9,175214,6.2,124599.6667,3.9,33388.2,0.5,115.9333333,1480,231531.99,244452,1937,2218,2599,3880.98
E06000050,Cheshire West and Chester,2022Q2,236184.6667,6.8,386347.6667,7.666666667,231297,7.3,181156,6.1,127963.3333,2.933333333,33731.46667,1,120.8666667,1473,320414.01,366537,1990,2160,2760,3633
E06000050,Cheshire West and Chester,2022Q3,243804.6667,9.5,397606.6667,9.833333333,239104.3333,10,187893.3333,9.533333333,130918.3333,5.666666667,34122.41667,1.75,123.1333333,1547,580814.01,433932.99,2160,2197,2840,4697.01
E06000050,Cheshire West and Chester,2022Q4,251444.6667,10.93333333,411201,10.33333333,246370.6667,11.26666667,193615.6667,11.9,134337.3333,8.366666667,34534.79,2.916666667,126.7,1553,294774.99,351239.01,2012,2140,2501,5063.01
E06000050,Cheshire West and Chester,2023Q1,249660.6667,8.833333333,409442,8.766666667,244952.3333,9.1,191289.3333,9.2,133062.3333,6.8,34945.66667,3.916666667,127.7333333,1067,297594.99,399660.99,2137,2055,2568,4217.01
E06000050,Cheshire West and Chester,2023Q2,246973.6667,4.533333333,406024.3333,5.1,242404,4.8,188393.3333,4,131635.6667,2.9,35352.04,4.583333333,131.0666667,1064,295668,630632.01,2100,2136,2494,6334.02
E06000050,Cheshire West and Chester,2023Q3,246423.6667,1.066666667,403338,1.433333333,242021,1.2,189295,0.766666667,130550,-0.266666667,36133.83333,5.166666667,131.4,1289,573971.01,532428,2058,2108,2095,22484.01
E06000050,Cheshire West and Chester,2023Q4,246282.3333,-2.033333333,402777,-2.033333333,241965,-1.766666667,189185.6667,-2.3,130614.3333,-2.766666667,37101.34333,5.25,131.9666667,1123,265236.99,392259.99,1992,2142,2007,28443
E06000050,Cheshire West and Chester,2024Q1,248129.6667,-0.633333333,405338.3333,-0.966666667,243779.3333,-0.466666667,190641.6667,-0.333333333,131999,-0.766666667,38068.85,5.25,132.2666667,1032,229845.99,454544.01,1740,2089,2202,10417.02
E06000050,Cheshire West and Chester,2024Q2,247189.3333,0.066666667,401542.3333,-1.1,242757.6667,0.133333333,190602.6667,1.2,132812.3333,0.9,39029.32667,5.25,133.8333333,1104,204254.01,728825.01,1958,2161,2345,5466
E06000050,Cheshire West and Chester,2024Q3,250909.6667,1.833333333,407189,0.966666667,246531.3333,1.866666667,194572.6667,2.8,133321.3333,2.133333333,39709.47333,5.083333333,134.1,1465,388326.99,555722.01,1924,2114,2507,8415.99
E06000050,Cheshire West and Chester,2024Q4,257541.3333,4.566666667,420185.3333,4.333333333,253070.3333,4.6,198993.6667,5.2,135776.3333,3.933333333,40245.16,4.833333333,135.2333333,1480,145505.01,420449.01,1712,2028,2267,16455
E06000050,Cheshire West and Chester,2025Q1,259521.6667,4.6,423091.3333,4.433333333,255553.6667,4.833333333,200808,5.333333333,135838,2.933333333,40778.89667,4.583333333,135.9666667,1572,151643.01,452067.99,1677,1905,2195,16068
E06000050,Cheshire West and Chester,2025Q2,257259.6667,4.1,420054.3333,4.633333333,253978,4.633333333,198838.3333,4.366666667,133168.3333,0.266666667,41306.79,4.333333333,138.5,854,185370,790707.99,1747,2132,2466,12370.02
E06000050,Cheshire West and Chester,2025Q3,261416.3333,4.166666667,426040,4.666666667,258844.3333,5,202740.3333,4.2,133503,0.166666667,41486,4.083333333,139.2,1160,376097.01,568923.99,1743,2250,2400,13254.99
E06000050,Cheshire West and Chester,2025Q4,265793.6667,3.2,431927.6667,2.766666667,263593.3333,4.166666667,206683.3333,3.866666667,135346.6667,-0.3,41486,3.916666667,139.8,1152,116405.01,429636,1862,2118,2276,13194
E06000023,City of Bristol,2015Q2,216796.6667,8.933333333,411230.3333,9.866666667,257139,9.433333333,224390.6667,8.733333333,166770.3333,8.766666667,28995.88,0.5,100.0666667,1871,124947,668316,7180,2567,1935,3248.01
E06000023,City of Bristol,2015Q3,225087.3333,8.4,426860.6667,9.233333333,267565.6667,8.9,233604,8.133333333,172271.3333,8.2,29149,0.5,100.1666667,2368,240512.01,539514.99,7163,2605,2217,3229.98
E06000023,City of Bristol,2015Q4,233196.6667,10.06666667,446782.6667,11.4,278062,10.53333333,242058,9.966666667,177876.6667,9.6,29326.32333,0.5,100.3,2140,95876.01,339126.99,7097,2643,2464,3192.99
E06000023,City of Bristol,2016Q1,240875,13.4,461266,14.76666667,288351.3333,14.63333333,249606.6667,13.66666667,183763,12.26666667,29503.64333,0.5,99.83333333,2180,89624.01,356235.99,7022,2860,2769,2772
E06000023,City of Bristol,2016Q2,249306,14.96666667,474754.3333,15.46666667,297089,15.53333333,258464.6667,15.16666667,190716.6667,14.36666667,29679.67667,0.5,100.4,1498,147306.99,652428.99,7392,3083,3379,2474.01
E06000023,City of Bristol,2016Q3,261013.3333,15.96666667,495377.3333,16.06666667,310453.3333,16.03333333,270387,15.76666667,200198.6667,16.23333333,29822.39333,0.333333333,100.8666667,2179,245307,527103,7413,3100,3519,2117.01
E06000023,City of Bristol,2016Q4,260429.6667,11.7,498617.6667,11.63333333,310462,11.66666667,268421.3333,10.93333333,200674,12.8,29947.71333,0.25,101.5,1916,94007.01,366960,7260,2898,3303,2580.99
E06000023,City of Bristol,2017Q1,260024.6667,7.966666667,497900,7.933333333,308613,7.033333333,267404.3333,7.133333333,201443,9.633333333,30072.57667,0.25,102,1743,96450.99,417771.99,7771,3072,3241,2469
E06000023,City of Bristol,2017Q2,262076,5.1,498849,5.1,310386.6667,4.466666667,268822.6667,4,204029,6.966666667,30196.07667,0.25,103.1666667,1870,159168.99,725610,8158,3345,3536,2187
E06000023,City of Bristol,2017Q3,273074.3333,4.633333333,516230.6667,4.2,323729,4.266666667,280583.6667,3.766666667,212222,6.033333333,30288.14,0.25,103.7,2142,257796.99,563834.01,7360,3303,3599,2041.98
E06000023,City of Bristol,2017Q4,275104.6667,5.6,524503.6667,5.2,328407.6667,5.8,282975.6667,5.433333333,212477.6667,5.9,30363.47667,0.416666667,104.5666667,2079,98865.99,388368,7597,3432,3168,1866
E06000023,City of Bristol,2018Q1,276162.3333,6.2,526559.3333,5.766666667,330626.3333,7.133333333,284411,6.366666667,212651,5.566666667,30438.54667,0.5,104.7666667,1675,97074.99,416469,6506,3157,2969,2325.99
E06000023,City of Bristol,2018Q2,274149,4.6,524299.3333,5.1,329635.6667,6.2,283799.6667,5.566666667,209251,2.566666667,30512.79333,0.5,105.6666667,1625,172416.99,764279.01,6946,3492,3368,2382
E06000023,City of Bristol,2018Q3,281727,3.166666667,541339.3333,4.866666667,339268,4.8,291826.3333,4,214572.6667,1.1,30721.50333,0.666666667,106.3,1969,284828.01,624605.01,6730,3518,3420,2611.98
E06000023,City of Bristol,2018Q4,281061.6667,2.166666667,542303.6667,3.4,339083,3.266666667,291029.6667,2.866666667,213838.6667,0.633333333,30997.25333,0.75,106.9333333,2010,108036,434286,6835,3189,2964,2776.98
E06000023,City of Bristol,2019Q1,278230.3333,0.766666667,538928.6667,2.333333333,337007,1.933333333,287738,1.133333333,211419.6667,-0.566666667,31272.00333,0.75,106.7,1510,112719,453599.01,6029,3172,3057,3853.98
E06000023,City of Bristol,2019Q2,276772.3333,0.966666667,533312,1.7,335137,1.666666667,287461,1.3,209456.3333,0.1,31543.75,0.75,107.8,1507,193596.99,792681.99,6712,3449,3627,3580.02
E06000023,City of Bristol,2019Q3,280853.3333,-0.3,538799.6667,-0.466666667,339737.6667,0.166666667,292367.6667,0.166666667,212218.6667,-1.1,31690.83333,0.75,108.2666667,1868,321639.99,689672.01,6366,3445,3733,3656.01
E06000023,City of Bristol,2019Q4,286109,1.8,552516.6667,1.9,348576.3333,2.8,298415.3333,2.533333333,214696.6667,0.4,31773.23333,0.75,108.4333333,1816,130221.99,477507.99,6180,3308,3384,3990
E06000023,City of Bristol,2020Q1,282994,1.733333333,549766.3333,2,345947.3333,2.666666667,295939,2.833333333,211130.6667,-0.133333333,31855.63333,0.533333333,108.4666667,1473,108819,364535.01,6206,3474,3473,4024.02
E06000023,City of Bristol,2020Q2,287312.6667,3.833333333,562192,5.4,351718,4.966666667,301026.3333,4.733333333,213437,1.9,31937.43333,0.1,108.5333333,813,9206.01,6153.99,4162,2915,3863,1573.02
E06000023,City of Bristol,2020Q3,294431.3333,4.833333333,571849.6667,6.166666667,360358,6.066666667,309313.6667,5.8,218293.3333,2.866666667,31890.29667,0.1,108.9333333,1328,188156.01,63846.99,5826,3468,4128,1110
E06000023,City of Bristol,2020Q4,303488.6667,6.1,593634.3333,7.466666667,371857.3333,6.666666667,320246.6667,7.333333333,223425,4.066666667,31778.03667,0.1,109.0666667,1848,154866.99,66060,5780,2842,3389,2266.02
E06000023,City of Bristol,2021Q1,307399.6667,8.633333333,590967,7.5,374108.6667,8.166666667,323722,9.366666667,228415.3333,8.166666667,31666.18333,0.1,109.1666667,2463,132414,37779.99,4452,2768,3438,3291
E06000023,City of Bristol,2021Q2,311102,8.266666667,593207.6667,5.5,377122.3333,7.233333333,327396,8.766666667,232171,8.766666667,31555.55333,0.1,110.7333333,2645,155789.01,49665,5352,3641,3958,3336
E06000023,City of Bristol,2021Q3,306261.6667,4.033333333,592062,3.566666667,372624,3.4,321910,4.1,227797.3333,4.366666667,31783.72667,0.1,111.9333333,1996,397026.99,105240.99,5951,4076,4452,3003.99
E06000023,City of Bristol,2021Q4,312683,3.033333333,616000,3.766666667,384375.6667,3.333333333,329335.3333,2.833333333,229326.6667,2.633333333,32183.04,0.15,114.4,1576,212738.01,209291.01,5603,4102,4120,3322.02
E06000023,City of Bristol,2022Q1,328734.3333,6.9,646424.6667,9.4,405664,8.433333333,347138.3333,7.233333333,239628.3333,4.9,32580.90333,0.5,115.9333333,1573,231531.99,244452,5668,3665,3788,3880.98
E06000023,City of Bristol,2022Q2,338426.3333,8.8,664058.3333,11.93333333,418177.3333,10.86666667,358807.6667,9.633333333,244975.3333,5.5,32974.41,1,120.8666667,1630,320414.01,366537,5856,3717,3906,3633
E06000023,City of Bristol,2022Q3,346262.6667,13.1,674932.3333,14,427903,14.83333333,369018.3333,14.63333333,248876,9.266666667,33783.84667,1.75,123.1333333,1927,580814.01,433932.99,6383,3898,4050,4697.01
E06000023,City of Bristol,2022Q4,355693,13.76666667,698075,13.33333333,440984.6667,14.73333333,379728,15.3,254023,10.76666667,34799.46333,2.916666667,126.7,1905,294774.99,351239.01,6077,3638,3560,5063.01
E06000023,City of Bristol,2023Q1,350623.3333,6.7,690552,6.833333333,435849,7.466666667,373138,7.533333333,250891,4.7,35811.38667,3.916666667,127.7333333,1361,297594.99,399660.99,6295,3473,3475,4217.01
E06000023,City of Bristol,2023Q2,339795,0.433333333,671587.3333,1.133333333,421675,0.833333333,360237.3333,0.433333333,244539.3333,-0.2,36812.23,4.583333333,131.0666667,1133,295668,630632.01,6736,3829,3889,6334.02
E06000023,City of Bristol,2023Q3,345551.3333,-0.2,677349.3333,0.366666667,428803.3333,0.2,368377,-0.166666667,247188,-0.666666667,37500.5,5.166666667,131.4,1500,573971.01,532428,6834,3794,3512,22484.01
E06000023,City of Bristol,2023Q4,349511.3333,-1.733333333,683969.3333,-2.033333333,434080,-1.566666667,372101.6667,-2.033333333,250385,-1.433333333,38024.20333,5.25,131.9666667,1385,265236.99,392259.99,7074,4027,3680,28443
E06000023,City of Bristol,2024Q1,340533.3333,-2.9,664899.3333,-3.7,422590.3333,-3.033333333,362598.3333,-2.8,244145.3333,-2.7,38547.90333,5.25,132.2666667,1247,229845.99,454544.01,6256,4280,4050,10417.02
E06000023,City of Bristol,2024Q2,340682.3333,0.266666667,660140.3333,-1.7,421213.3333,-0.1,362659.3333,0.666666667,245342.3333,0.333333333,39067.79667,5.25,133.8333333,1286,204254.01,728825.01,7220,4662,4449,5466
E06000023,City of Bristol,2024Q3,347058.3333,0.433333333,671994.3333,-0.766666667,429714,0.2,371637.3333,0.866666667,247587.6667,0.166666667,39491.68,5.083333333,134.1,1670,388326.99,555722.01,7337,4817,4588,8415.99
E06000023,City of Bristol,2024Q4,353899.6667,1.266666667,693028,1.333333333,439853.3333,1.333333333,378436.6667,1.7,251787.3333,0.566666667,39865.38,4.833333333,135.2333333,1617,145505.01,420449.01,7007,4354,4250,16455
E06000023,City of Bristol,2025Q1,355562,4.433333333,694231.6667,4.4,442612.3333,4.766666667,381316,5.166666667,251648,3.1,40237.71667,4.583333333,135.9666667,1915,151643.01,452067.99,6261,4204,4118,16068
E06000023,City of Bristol,2025Q2,345913,1.566666667,677486,2.633333333,432522,2.7,371977,2.6,243192.3333,-0.866666667,40605.98,4.333333333,138.5,869,185370,790707.99,7322,4375,5124,12370.02
E06000023,City of Bristol,2025Q3,349009,0.566666667,683761,1.733333333,438920,2.133333333,377358.3333,1.533333333,242804.6667,-1.966666667,40731,4.083333333,139.2,1314,376097.01,568923.99,7114,4553,5241,13254.99
E06000023,City of Bristol,2025Q4,353868,-9.25E-18,688585,-0.666666667,445747,1.333333333,383199.6667,1.266666667,245687.6667,-2.433333333,40731,3.916666667,139.8,1278,116405.01,429636,7064,4383,4676,13194
E06000026,City of Plymouth,2015Q2,148293.6667,4.3,278790.3333,5.1,176649.3333,4.633333333,147502.3333,3.933333333,99513.33333,4.133333333,25234.80333,0.5,100.0666667,1145,124947,668316,2478,1474,800,3248.01
E06000026,City of Plymouth,2015Q3,149212,2.7,280179.6667,3.2,178125.3333,3.2,148673.3333,2.333333333,99529.66667,2.466666667,25062.83,0.5,100.1666667,1324,240512.01,539514.99,2079,1473,778,3229.98
E06000026,City of Plymouth,2015Q4,151091.3333,3.733333333,286336,4.7,180769.6667,4.366666667,150184,3.466666667,100463.6667,3,24891.27333,0.5,100.3,1211,95876.01,339126.99,2142,1495,749,3192.99
E06000026,City of Plymouth,2016Q1,151059,4.333333333,285572,5.033333333,181015.6667,5.133333333,150055.6667,4.166666667,100532.3333,3.2,24719.71,0.5,99.83333333,1232,89624.01,356235.99,2074,1377,723,2772
E06000026,City of Plymouth,2016Q2,153307.6667,3.4,289374,3.766666667,183203.3333,3.7,152349.3333,3.3,102409.6667,2.933333333,24549.39667,0.5,100.4,1017,147306.99,652428.99,2269,1440,805,2474.01
E06000026,City of Plymouth,2016Q3,155761.3333,4.4,293633.6667,4.8,185817.3333,4.366666667,154894,4.166666667,104201,4.7,24202.04,0.333333333,100.8666667,1205,245307,527103,2353,1594,934,2117.01
E06000026,City of Plymouth,2016Q4,153747.6667,1.766666667,293024.3333,2.333333333,184104.3333,1.866666667,151859,1.1,103230.3333,2.766666667,23766.31,0.25,101.5,1129,94007.01,366960,2298,1593,944,2580.99
E06000026,City of Plymouth,2017Q1,155673.6667,3.066666667,297419,4.133333333,185883.6667,2.7,153447,2.266666667,105228,4.666666667,23332.16667,0.25,102,980,96450.99,417771.99,2276,1729,959,2469
E06000026,City of Plymouth,2017Q2,158161.6667,3.166666667,300301.3333,3.766666667,188431,2.866666667,155894.6667,2.366666667,107614,5.1,22902.77333,0.25,103.1666667,1138,159168.99,725610,2609,1945,1078,2187
E06000026,City of Plymouth,2017Q3,162276.3333,4.2,306694.6667,4.466666667,193283.6667,4.033333333,160290.6667,3.5,110229.3333,5.766666667,23402.43,0.25,103.7,1216,257796.99,563834.01,2765,2058,1207,2041.98
E06000026,City of Plymouth,2017Q4,162442.6667,5.666666667,308962.6667,5.466666667,194335,5.566666667,160426.6667,5.666666667,109351.6667,5.933333333,24372.34,0.416666667,104.5666667,1140,98865.99,388368,2546,2001,1180,1866
E06000026,City of Plymouth,2018Q1,162093.3333,4.133333333,308654,3.766666667,194482.3333,4.633333333,159983,4.233333333,108770.6667,3.366666667,25338.72,0.5,104.7666667,976,97074.99,416469,2296,1977,1219,2325.99
E06000026,City of Plymouth,2018Q2,162890.6667,2.966666667,310543,3.4,195678.6667,3.833333333,161365.3333,3.5,108119,0.466666667,26294.52,0.5,105.6666667,1159,172416.99,764279.01,2416,2181,1433,2382
E06000026,City of Plymouth,2018Q3,165906.6667,2.266666667,316659.3333,3.3,199431.6667,3.2,164336,2.5,109972.6667,-0.233333333,26573.37667,0.666666667,106.3,1160,284828.01,624605.01,2417,2125,1396,2611.98
E06000026,City of Plymouth,2018Q4,166056,2.233333333,318143.6667,2.966666667,200036,2.933333333,164259.6667,2.4,109853.3333,0.433333333,26504.81333,0.75,106.9333333,1110,108036,434286,2442,2216,1406,2776.98
E06000026,City of Plymouth,2019Q1,164715.3333,1.633333333,316771.6667,2.633333333,198946,2.333333333,162666.6667,1.666666667,108758,0,26436.5,0.75,106.7,944,112719,453599.01,2206,1969,1417,3853.98
E06000026,City of Plymouth,2019Q2,168395.3333,3.366666667,322217.3333,3.766666667,203639,4.066666667,166848.3333,3.4,110509.3333,2.233333333,26368.93667,0.75,107.8,1129,193596.99,792681.99,2225,2082,1390,3580.02
E06000026,City of Plymouth,2019Q3,164505.6667,-0.866666667,313350,-1.066666667,198369.6667,-0.566666667,163506,-0.5,107922,-1.866666667,26371.66667,0.75,108.2666667,1104,321639.99,689672.01,2209,2111,1493,3656.01
E06000026,City of Plymouth,2019Q4,164719.3333,-0.8,314675.6667,-1.1,199531,-0.233333333,163522.6667,-0.433333333,107442.6667,-2.166666667,26410.23667,0.75,108.4333333,1117,130221.99,477507.99,2423,2104,1319,3990
E06000026,City of Plymouth,2020Q1,167644.6667,1.766666667,321442.6667,1.466666667,203587.3333,2.3,166405,2.3,108764.3333,1.85E-17,26448.80667,0.533333333,108.4666667,817,108819,364535.01,2193,2055,1352,4024.02
E06000026,City of Plymouth,2020Q2,168218.3333,-0.1,323388.6667,0.333333333,204433.6667,0.4,167228.6667,0.233333333,108401.6667,-1.9,26487.09667,0.1,108.5333333,492,9206.01,6153.99,1663,1775,1635,1573.02
E06000026,City of Plymouth,2020Q3,169948.3333,3.3,325464,3.866666667,206676,4.2,169240.3333,3.5,109249.6667,1.233333333,26375.66,0.1,108.9333333,899,188156.01,63846.99,1979,2268,1814,1110
E06000026,City of Plymouth,2020Q4,172525,4.733333333,331459.6667,5.333333333,209476.6667,4.966666667,172351,5.4,110084.6667,2.466666667,26188.81,0.1,109.0666667,1112,154866.99,66060,1578,1901,1646,2266.02
E06000026,City of Plymouth,2021Q1,175192.3333,4.5,329624.3333,2.533333333,211144.3333,3.733333333,175597.6667,5.533333333,114116.6667,4.9,26002.64,0.1,109.1666667,1197,132414,37779.99,1287,1683,1631,3291
E06000026,City of Plymouth,2021Q2,177930.3333,5.766666667,331301.6667,2.433333333,213165.3333,4.266666667,178838.6667,6.966666667,117148,8.033333333,25818.51,0.1,110.7333333,1289,155789.01,49665,1620,2255,1723,3336
E06000026,City of Plymouth,2021Q3,184380.6667,8.5,343982,5.666666667,221693.6667,7.3,185275.3333,9.466666667,120538,10.36666667,26224.44667,0.1,111.9333333,1246,397026.99,105240.99,1650,2466,1642,3003.99
E06000026,City of Plymouth,2021Q4,190096.3333,10.2,360272,8.733333333,229585,9.6,190544.3333,10.56666667,122593,11.36666667,26928.39667,0.15,114.4,1055,212738.01,209291.01,1645,2373,1683,3322.02
E06000026,City of Plymouth,2022Q1,194115.6667,10.8,367575.3333,11.53333333,235000.3333,11.33333333,194730,10.9,124438.3333,9.066666667,27629.78667,0.5,115.9333333,1139,231531.99,244452,1553,2129,1687,3880.98
E06000026,City of Plymouth,2022Q2,201598.6667,13.3,380508.6667,14.83333333,244145.6667,14.53333333,202651,13.3,128770.6667,9.933333333,28323.49667,1,120.8666667,1016,320414.01,366537,1905,2433,1691,3633
E06000026,City of Plymouth,2022Q3,209440,13.6,393229,14.33333333,253647.6667,14.43333333,211717.6667,14.26666667,132368.6667,9.8,28879.21,1.75,123.1333333,1189,580814.01,433932.99,1952,2406,1808,4697.01
E06000026,City of Plymouth,2022Q4,211290.6667,11.16666667,398368.3333,10.56666667,255997,11.53333333,213606.3333,12.1,132995,8.5,29360.39667,2.916666667,126.7,1121,294774.99,351239.01,1689,2093,1408,5063.01
E06000026,City of Plymouth,2023Q1,207460.6667,6.9,392716.6667,6.866666667,251965,7.233333333,208977.3333,7.3,130815.3333,5.133333333,29839.83,3.916666667,127.7333333,846,297594.99,399660.99,1670,1813,1334,4217.01
E06000026,City of Plymouth,2023Q2,205419,1.933333333,390524.6667,2.666666667,249987,2.433333333,206234,1.8,129692.6667,0.766666667,30314.02,4.583333333,131.0666667,741,295668,630632.01,1932,2237,1466,6334.02
E06000026,City of Plymouth,2023Q3,206098.3333,-1.566666667,388831.3333,-1.1,250478,-1.233333333,208292,-1.6,129079.3333,-2.466666667,31008.66667,5.166666667,131.4,903,573971.01,532428,2009,2325,1687,22484.01
E06000026,City of Plymouth,2023Q4,204276.3333,-3.333333333,385074.3333,-3.333333333,248176,-3.066666667,206300.6667,-3.433333333,128200.6667,-3.6,31810.62333,5.25,131.9666667,841,265236.99,392259.99,1956,2293,1668,28443
E06000026,City of Plymouth,2024Q1,203620,-1.833333333,383261,-2.4,247503.3333,-1.733333333,205608.6667,-1.566666667,127893,-2.2,32612.58667,5.25,132.2666667,841,229845.99,454544.01,1997,2263,1668,10417.02
E06000026,City of Plymouth,2024Q2,204847.6667,-0.266666667,381890.6667,-2.2,248278,-0.666666667,207130.6667,0.433333333,129456.3333,-0.2,33408.70667,5.25,133.8333333,836,204254.01,728825.01,2332,2585,1845,5466
E06000026,City of Plymouth,2024Q3,207827.3333,0.833333333,387297,-0.366666667,251810,0.533333333,211104,1.333333333,130168,0.866666667,34506.09667,5.083333333,134.1,994,388326.99,555722.01,2382,2609,1901,8415.99
E06000026,City of Plymouth,2024Q4,212455.6667,4.033333333,399001.6667,3.6,258037,3.966666667,215433.6667,4.4,132576.3333,3.4,35752.01333,4.833333333,135.2333333,989,145505.01,420449.01,2350,2477,1680,16455
E06000026,City of Plymouth,2025Q1,209773,3.033333333,393893,2.766666667,255346,3.166666667,212915.6667,3.566666667,130318.6667,1.9,36993.39667,4.583333333,135.9666667,1082,151643.01,452067.99,1938,2273,1728,16068
E06000026,City of Plymouth,2025Q2,212620.6667,3.8,399752,4.666666667,259944,4.7,215989.3333,4.266666667,131010.6667,1.2,38221.18333,4.333333333,138.5,617,185370,790707.99,2228,2424,1797,12370.02
E06000026,City of Plymouth,2025Q3,217756.3333,4.8,408627.3333,5.533333333,267246.3333,6.133333333,222092.6667,5.233333333,132475,1.8,38638,4.083333333,139.2,860,376097.01,568923.99,2234,2373,1912,13254.99
E06000026,City of Plymouth,2025Q4,218009,2.6,407882,2.233333333,268047.3333,3.9,222600.3333,3.333333333,132197.6667,-0.3,38638,3.916666667,139.8,714,116405.01,429636,2041,2218,1832,13194
E06000052,Cornwall,2015Q2,198714,4.933333333,299853,5.666666667,194791.6667,4.966666667,161929.3333,4.333333333,119934.3333,4.433333333,23299.16,0.5,100.0666667,2627,124947,668316,3295,1637,838,3248.01
E06000052,Cornwall,2015Q3,201535.6667,4.666666667,304432.6667,5.233333333,197761,4.766666667,164341.6667,4.066666667,120771.6667,4.166666667,23512.33333,0.5,100.1666667,2918,240512.01,539514.99,3047,1775,868,3229.98
E06000052,Cornwall,2015Q4,205173.6667,4.666666667,311156,5.433333333,201110,4.733333333,166881.6667,4.133333333,122446.3333,3.533333333,23831.41333,0.5,100.3,2823,95876.01,339126.99,2629,1629,813,3192.99
E06000052,Cornwall,2016Q1,203742.3333,4.866666667,309085.3333,5.566666667,200261.6667,5.133333333,165382.6667,4.433333333,121514.3333,3.266666667,24150.49333,0.5,99.83333333,3096,89624.01,356235.99,2573,1532,751,2772
E06000052,Cornwall,2016Q2,202766.6667,2.066666667,306634.6667,2.266666667,198792.6667,2.066666667,165106,1.933333333,121737.3333,1.5,24467.25333,0.5,100.4,2231,147306.99,652428.99,3104,1671,891,2474.01
E06000052,Cornwall,2016Q3,201982.6667,0.233333333,305068.6667,0.233333333,198005.6667,0.1,164671.6667,0.2,121376,0.5,24646.53,0.333333333,100.8666667,2745,245307,527103,3504,1787,998,2117.01
E06000052,Cornwall,2016Q4,205085.3333,-0.066666667,311431.6667,0.133333333,201133.6667,0.033333333,165858.6667,-0.6,123633,0.966666667,24755.52333,0.25,101.5,2899,94007.01,366960,2915,1715,858,2580.99
E06000052,Cornwall,2017Q1,206174.6667,1.2,313329.3333,1.366666667,201750.6667,0.766666667,166441,0.633333333,125078.3333,2.933333333,24864.12667,0.25,102,2463,96450.99,417771.99,2998,1894,1059,2469
E06000052,Cornwall,2017Q2,208245,2.733333333,315682.3333,3,203704.3333,2.5,168122,1.833333333,127430.6667,4.666666667,24971.53667,0.25,103.1666667,2766,159168.99,725610,3320,2192,1334,2187
E06000052,Cornwall,2017Q3,212881.6667,5.4,322114,5.6,208482,5.3,172156.3333,4.566666667,130182,7.233333333,24970.06,0.25,103.7,2949,257796.99,563834.01,3937,2430,1513,2041.98
E06000052,Cornwall,2017Q4,216852,5.733333333,329037.6667,5.633333333,212783.3333,5.8,175172,5.6,131343.3333,6.233333333,24913.05667,0.416666667,104.5666667,3079,98865.99,388368,3359,2322,1439,1866
E06000052,Cornwall,2018Q1,219246,6.333333333,332910,6.266666667,215540,6.833333333,177006,6.366666667,132231.6667,5.733333333,24856.25333,0.5,104.7666667,2232,97074.99,416469,3155,2096,1434,2325.99
E06000052,Cornwall,2018Q2,217926.6667,4.633333333,331014.6667,4.866666667,214473.6667,5.3,176399.3333,4.9,130076.6667,2.1,24800.07333,0.5,105.6666667,2574,172416.99,764279.01,3501,2535,1696,2382
E06000052,Cornwall,2018Q3,222113,4.333333333,337827.3333,4.866666667,218700.6667,4.9,179661.3333,4.333333333,132094.3333,1.5,24964.16667,0.666666667,106.3,2742,284828.01,624605.01,3660,2553,1585,2611.98
E06000052,Cornwall,2018Q4,224718,3.633333333,342338,4.033333333,221429.3333,4.066666667,181424,3.566666667,133418.3333,1.6,25239.41667,0.75,106.9333333,2825,108036,434286,3152,2439,1419,2776.98
E06000052,Cornwall,2019Q1,223198.3333,1.8,340857,2.4,219960,2.066666667,179686,1.5,132408.3333,0.166666667,25513.67,0.75,106.7,2238,112719,453599.01,3028,2182,1469,3853.98
E06000052,Cornwall,2019Q2,220106.6667,1,335274.6667,1.3,217247.3333,1.3,177951,0.866666667,129715.6667,-0.266666667,25784.91667,0.75,107.8,2421,193596.99,792681.99,2995,2477,1568,3580.02
E06000052,Cornwall,2019Q3,227239.3333,2.266666667,345491.3333,2.233333333,224021.3333,2.433333333,184290.6667,2.566666667,133888.3333,1.4,26104.83333,0.75,108.2666667,2760,321639.99,689672.01,3110,2713,1733,3656.01
E06000052,Cornwall,2019Q4,228550.3333,1.7,348057,1.7,225852,2,184990.6667,2,134074.6667,0.5,26447.20667,0.75,108.4333333,2891,130221.99,477507.99,2711,2533,1483,3990
E06000052,Cornwall,2020Q1,227199.3333,1.8,346156.6667,1.533333333,224901.3333,2.233333333,183990,2.4,132499,0.066666667,26789.57667,0.533333333,108.4666667,2149,108819,364535.01,2464,2282,1590,4024.02
E06000052,Cornwall,2020Q2,226176,2.766666667,344670.3333,2.833333333,224096.3333,3.166666667,183479.3333,3.1,131019.3333,1.033333333,27129.46333,0.1,108.5333333,1241,9206.01,6153.99,2163,2061,1770,1573.02
E06000052,Cornwall,2020Q3,233100,2.6,355481.6667,2.866666667,231095,3.166666667,189233.6667,2.7,134340.6667,0.333333333,26968.41333,0.1,108.9333333,2123,188156.01,63846.99,2676,2851,2017,1110
E06000052,Cornwall,2020Q4,246149.3333,7.7,377771.6667,8.566666667,242998,7.566666667,199991.6667,8.133333333,140025,4.433333333,26554.28333,0.1,109.0666667,3226,154866.99,66060,2276,2420,1871,2266.02
E06000052,Cornwall,2021Q1,252022.3333,10.9,383269.3333,10.73333333,248044.3333,10.3,205847.3333,11.86666667,146305.3333,10.4,26141.65667,0.1,109.1666667,3577,132414,37779.99,1944,2044,1806,3291
E06000052,Cornwall,2021Q2,255322.3333,12.86666667,385924.6667,11.96666667,250959.3333,12,209537.6667,14.2,149592,14.16666667,25733.54667,0.1,110.7333333,3954,155789.01,49665,2462,2645,2024,3336
E06000052,Cornwall,2021Q3,255752.3333,9.7,386817.3333,8.833333333,252119.3333,9.133333333,209832,10.9,148692,10.66666667,26198.15,0.1,111.9333333,3008,397026.99,105240.99,2806,2930,2171,3003.99
E06000052,Cornwall,2021Q4,268168.6667,8.966666667,410864.6667,8.766666667,263858.6667,8.566666667,217908.3333,8.966666667,153506,9.666666667,27104.51667,0.15,114.4,2222,212738.01,209291.01,2433,2788,1939,3322.02
E06000052,Cornwall,2022Q1,278815.6667,10.66666667,427334,11.53333333,274896.6667,10.83333333,226495.3333,10.03333333,158786.3333,8.533333333,28007.59,0.5,115.9333333,2178,231531.99,244452,2330,2538,1822,3880.98
E06000052,Cornwall,2022Q2,286650.6667,12.3,438029,13.53333333,282902.3333,12.73333333,233949.6667,11.66666667,162665.6667,8.766666667,28900.77667,1,120.8666667,2397,320414.01,366537,2819,2935,2032,3633
E06000052,Cornwall,2022Q3,295088,15.36666667,449886,16.3,291790,15.76666667,242025,15.33333333,166064.6667,11.66666667,29790.6,1.75,123.1333333,2651,580814.01,433932.99,3088,3091,2269,4697.01
E06000052,Cornwall,2022Q4,304030,13.4,465332,13.3,300252.6667,13.8,248780,14.16666667,170043.3333,10.76666667,30672.11333,2.916666667,126.7,2652,294774.99,351239.01,2367,2619,1737,5063.01
E06000052,Cornwall,2023Q1,296000,6.2,453980.6667,6.233333333,293180.3333,6.666666667,241124.6667,6.466666667,165263.3333,4.066666667,31550.41333,3.916666667,127.7333333,1845,297594.99,399660.99,2472,2660,1637,4217.01
E06000052,Cornwall,2023Q2,291641,1.766666667,447450.3333,2.166666667,288961.3333,2.166666667,236905,1.3,163270.3333,0.366666667,32419.09667,4.583333333,131.0666667,1613,295668,630632.01,2670,2941,1770,6334.02
E06000052,Cornwall,2023Q3,293725,-0.433333333,449526.3333,-0.066666667,291175.3333,-0.233333333,240181.3333,-0.766666667,163126,-1.766666667,32894.83,5.166666667,131.4,1926,573971.01,532428,2991,3017,2005,22484.01
E06000052,Cornwall,2023Q4,291513.6667,-4.133333333,445737,-4.2,289124,-3.7,238120.6667,-4.3,162479,-4.433333333,33166.58,5.25,131.9666667,1876,265236.99,392259.99,3016,3142,2088,28443
E06000052,Cornwall,2024Q1,285846.6667,-3.433333333,436043.3333,-3.966666667,283822.3333,-3.2,233869,-3.033333333,159499.6667,-3.5,33438.32333,5.25,132.2666667,1716,229845.99,454544.01,2733,2956,2250,10417.02
E06000052,Cornwall,2024Q2,282673,-3.066666667,428591.3333,-4.233333333,280672.3333,-2.866666667,232197,-1.966666667,159013.6667,-2.6,33708.09,5.25,133.8333333,1869,204254.01,728825.01,3239,3471,2348,5466
E06000052,Cornwall,2024Q3,281522.6667,-4.133333333,426660.3333,-5.066666667,279373,-4.066666667,232420.6667,-3.233333333,156682.3333,-3.966666667,34000.05,5.083333333,134.1,2154,388326.99,555722.01,3256,3525,2467,8415.99
E06000052,Cornwall,2024Q4,284930.6667,-2.233333333,434278.3333,-2.533333333,282798.6667,-2.166666667,234448,-1.533333333,157318,-3.166666667,34302.17333,4.833333333,135.2333333,2375,145505.01,420449.01,2771,3074,2221,16455
E06000052,Cornwall,2025Q1,282609.3333,-1.133333333,430801.3333,-1.2,281274,-0.9,232850,-0.4,154846,-2.933333333,34603.19667,4.583333333,135.9666667,2520,151643.01,452067.99,2914,2966,2319,16068
E06000052,Cornwall,2025Q2,273450.3333,-3.233333333,416548,-2.8,273534.3333,-2.533333333,225455.3333,-2.9,148376,-6.7,34900.92667,4.333333333,138.5,1314,185370,790707.99,3466,3453,2574,12370.02
E06000052,Cornwall,2025Q3,282804.6667,0.466666667,430507.6667,0.9,283837.6667,1.6,233947.6667,0.666666667,151255,-3.466666667,35002,4.083333333,139.2,1736,376097.01,568923.99,3237,3601,2951,13254.99
E06000052,Cornwall,2025Q4,280992.3333,-1.366666667,427366.6667,-1.566666667,282996.3333,0.066666667,232560.3333,-0.833333333,149441,-5,35002,3.916666667,139.8,1629,116405.01,429636,2892,3186,2738,13194
E06000047,County Durham,2015Q2,94591,2.566666667,163681,3.333333333,94162.66667,2.733333333,77285.66667,2.066666667,61944,2.3,24740.11667,0.5,100.0666667,2009,124947,668316,4004,1497,738,3248.01
E06000047,County Durham,2015Q3,96363.66667,0.933333333,166355,1.5,96037.66667,1.233333333,78801.33333,0.4,62733,0.466666667,24790.16667,0.5,100.1666667,1926,240512.01,539514.99,4051,1583,716,3229.98
E06000047,County Durham,2015Q4,95013.66667,2.833333333,164989.6667,3.7,94659,3,77500.33333,2.333333333,61654.66667,1.7,24856.53667,0.5,100.3,2125,95876.01,339126.99,4662,1716,1114,3192.99
E06000047,County Durham,2016Q1,95034,3.766666667,164867.3333,4.2,94919.66667,4,77438,3.466666667,61480.66667,2.233333333,24922.91,0.5,99.83333333,1938,89624.01,356235.99,4587,1926,1944,2772
E06000047,County Durham,2016Q2,94811,0.233333333,164110,0.266666667,94313,0.166666667,77538.33333,0.333333333,61591,-0.533333333,24988.79333,0.5,100.4,1844,147306.99,652428.99,4500,2047,2015,2474.01
E06000047,County Durham,2016Q3,98261.33333,1.966666667,170024,2.2,97568.33333,1.6,80469.33333,2.133333333,63869.66667,1.8,25120.63333,0.333333333,100.8666667,1975,245307,527103,4811,1956,1453,2117.01
E06000047,County Durham,2016Q4,96252.66667,1.3,168138,1.9,95874.66667,1.3,78238.33333,0.966666667,62927.66667,2.066666667,25285.38333,0.25,101.5,2033,94007.01,366960,4914,2076,1641,2580.99
E06000047,County Durham,2017Q1,95306,0.266666667,167195.3333,1.4,94872,-0.066666667,77301,-0.166666667,62577,1.766666667,25449.53,0.25,102,1954,96450.99,417771.99,5248,2713,3043,2469
E06000047,County Durham,2017Q2,95445.66667,0.666666667,166566.6667,1.5,94880,0.633333333,77639,0.133333333,63239,2.7,25611.88333,0.25,103.1666667,2136,159168.99,725610,5840,3196,3211,2187
E06000047,County Durham,2017Q3,101029.6667,2.8,175518,3.233333333,100491,3,82354.33333,2.333333333,66864.66667,4.7,25777.97,0.25,103.7,2076,257796.99,563834.01,5907,3065,3383,2041.98
E06000047,County Durham,2017Q4,99907,3.766666667,174025.6667,3.5,99665.33333,3.966666667,81227.66667,3.833333333,65573.66667,4.2,25944.72667,0.416666667,104.5666667,2233,98865.99,388368,5977,3161,3250,1866
E06000047,County Durham,2018Q1,97044.66667,1.8,169574.3333,1.4,97026,2.266666667,78703.66667,1.8,63272.33333,1.1,26110.88,0.5,104.7666667,1707,97074.99,416469,5445,3018,3098,2325.99
E06000047,County Durham,2018Q2,97207.66667,1.9,169615,1.866666667,97118,2.4,79056.66667,1.866666667,62575,-1.033333333,26275.21333,0.5,105.6666667,2170,172416.99,764279.01,5647,3448,4151,2382
E06000047,County Durham,2018Q3,100970,-0.033333333,176111.6667,0.333333333,100969.3333,0.466666667,82083.33333,-0.333333333,64939.33333,-2.866666667,26535.89333,0.666666667,106.3,2132,284828.01,624605.01,5744,3251,4253,2611.98
E06000047,County Durham,2018Q4,100950,1.066666667,176583,1.5,101059.3333,1.4,81869.66667,0.8,64787.33333,-1.2,26843.79333,0.75,106.9333333,2197,108036,434286,5711,3075,3430,2776.98
E06000047,County Durham,2019Q1,95289,-1.8,167120.6667,-1.466666667,95538,-1.533333333,77072.66667,-2.066666667,61084.33333,-3.466666667,27150.57333,0.75,106.7,1748,112719,453599.01,5810,3258,3795,3853.98
E06000047,County Durham,2019Q2,99469,2.333333333,173879.3333,2.533333333,99813,2.766666667,80620.33333,1.966666667,63186.33333,1,27453.99333,0.75,107.8,2050,193596.99,792681.99,5648,3333,3964,3580.02
E06000047,County Durham,2019Q3,100498.3333,-0.466666667,175157,-0.533333333,100626,-0.333333333,81744.33333,-0.433333333,63824.33333,-1.7,27670.66667,0.75,108.2666667,2206,321639.99,689672.01,5441,3527,4171,3656.01
E06000047,County Durham,2019Q4,100164.6667,-0.8,174393.6667,-1.233333333,100575.6667,-0.466666667,81364.33333,-0.6,63423.33333,-2.1,27841.47667,0.75,108.4333333,2205,130221.99,477507.99,5782,3144,3613,3990
E06000047,County Durham,2020Q1,97733,2.566666667,170693.6667,2.166666667,98319.33333,2.933333333,79166,2.733333333,61449.66667,0.6,28012.29,0.533333333,108.4666667,1660,108819,364535.01,5465,3151,4245,4024.02
E06000047,County Durham,2020Q2,96137.33333,-3.366666667,168458.3333,-3.133333333,96672,-3.133333333,77797,-3.466666667,59897.66667,-5.166666667,28181.85333,0.1,108.5333333,1104,9206.01,6153.99,3690,2679,4561,1573.02
E06000047,County Durham,2020Q3,99930,-0.566666667,174777.3333,-0.233333333,100507.3333,-0.1,80964.33333,-0.966666667,62149.66667,-2.633333333,28221.95333,0.1,108.9333333,1697,188156.01,63846.99,4751,3376,4828,1110
E06000047,County Durham,2020Q4,104731.3333,4.6,183746.3333,5.366666667,104832.6667,4.233333333,85078,4.566666667,64436,1.6,28196.33667,0.1,109.0666667,2367,154866.99,66060,4443,2719,3893,2266.02
E06000047,County Durham,2021Q1,109940.3333,12.5,190235,11.43333333,109800.6667,11.66666667,90158.33333,13.9,68951,12.2,28170.81333,0.1,109.1666667,2423,132414,37779.99,3778,2603,3836,3291
E06000047,County Durham,2021Q2,113136,17.7,194422.6667,15.43333333,112677.6667,16.56666667,93309.33333,19.93333333,71555,19.46666667,28145.57,0.1,110.7333333,2617,155789.01,49665,4263,3398,4462,3336
E06000047,County Durham,2021Q3,118137,18.23333333,202503,15.86666667,117972,17.36666667,97456.33333,20.36666667,73986.33333,19.06666667,28500.49333,0.1,111.9333333,2831,397026.99,105240.99,4472,3362,4128,3003.99
E06000047,County Durham,2021Q4,118670,13.33333333,205868.6667,12.06666667,118424,13,97341,14.5,73295,13.76666667,29046.72667,0.15,114.4,2318,212738.01,209291.01,4847,3231,3522,3322.02
E06000047,County Durham,2022Q1,116665,6.1,202127.6667,6.233333333,116589.6667,6.2,95706.66667,6.166666667,71564,3.8,29590.97333,0.5,115.9333333,2081,231531.99,244452,5157,3288,3510,3880.98
E06000047,County Durham,2022Q2,120004.3333,6.1,207349.3333,6.666666667,119872.3333,6.4,98654.33333,5.766666667,73386.33333,2.566666667,30129.26,1,120.8666667,2189,320414.01,366537,5194,3329,3661,3633
E06000047,County Durham,2022Q3,125933.6667,6.6,216376.3333,6.833333333,125805.6667,6.633333333,103934,6.633333333,76296,3.133333333,30462.91333,1.75,123.1333333,2485,580814.01,433932.99,4851,3545,4198,4697.01
E06000047,County Durham,2022Q4,129295,8.966666667,222739.6667,8.2,129107,9.033333333,106613.3333,9.533333333,77833,6.233333333,30689.69333,2.916666667,126.7,2399,294774.99,351239.01,5029,3637,4456,5063.01
E06000047,County Durham,2023Q1,125048,7.2,216847.6667,7.3,125175,7.366666667,102551,7.166666667,75150.33333,5,30915.64667,3.916666667,127.7333333,1732,297594.99,399660.99,5560,3576,4988,4217.01
E06000047,County Durham,2023Q2,119740.3333,-0.2,208683.3333,0.666666667,119915.6667,0,97872.33333,-0.8,72081.66667,-1.8,31139.13333,4.583333333,131.0666667,1704,295668,630632.01,5818,4011,4499,6334.02
E06000047,County Durham,2023Q3,123427.3333,-2,213507,-1.3,123224.6667,-2.033333333,101503.3333,-2.333333333,73689,-3.4,31409.16667,5.166666667,131.4,1843,573971.01,532428,5917,3757,3723,22484.01
E06000047,County Durham,2023Q4,125253,-3.1,216469.6667,-2.8,125086.6667,-3.1,103012,-3.366666667,74873.33333,-3.833333333,31700.94667,5.25,131.9666667,1814,265236.99,392259.99,5416,3434,3370,28443
E06000047,County Durham,2024Q1,124578,-0.333333333,215060.3333,-0.766666667,124530.3333,-0.5,102433,-0.1,74660,-0.6,31992.72667,5.25,132.2666667,1583,229845.99,454544.01,5199,3345,3451,10417.02
E06000047,County Durham,2024Q2,123220.3333,2.9,211300.3333,1.266666667,123029.3333,2.6,101669,3.866666667,74471.66667,3.333333333,32282.38667,5.25,133.8333333,1845,204254.01,728825.01,5649,3686,3418,5466
E06000047,County Durham,2024Q3,127581.3333,3.366666667,217998.6667,2.1,127206.3333,3.233333333,105687.6667,4.1,76124.33333,3.333333333,32556.48,5.083333333,134.1,2033,388326.99,555722.01,5756,3410,3414,8415.99
E06000047,County Durham,2024Q4,131658,5.1,226279,4.533333333,131401.3333,5.033333333,108761,5.6,77836,3.933333333,32821.68667,4.833333333,135.2333333,2262,145505.01,420449.01,5645,3428,3112,16455
E06000047,County Durham,2025Q1,133292.3333,7,229337.3333,6.633333333,133331.3333,7.1,109991.6667,7.366666667,78050.33333,4.566666667,33085.92667,4.583333333,135.9666667,2142,151643.01,452067.99,4591,3373,3250,16068
E06000047,County Durham,2025Q2,131372.3333,6.633333333,226508.3333,7.233333333,131859.6667,7.2,108119.3333,6.333333333,76158,2.266666667,33347.27667,4.333333333,138.5,1482,185370,790707.99,4826,3761,3368,12370.02
E06000047,County Durham,2025Q3,135391.6667,6.133333333,232522.3333,6.666666667,136012,6.933333333,111751.3333,5.733333333,77188,1.4,33436,4.083333333,139.2,1558,376097.01,568923.99,5162,3840,3607,13254.99
E06000047,County Durham,2025Q4,140028,6.366666667,239776,5.933333333,141062.6667,7.333333333,115635,6.3,78983.33333,1.5,33436,3.916666667,139.8,1464,116405.01,429636,5573,3531,3224,13194
E08000026,Coventry,2015Q2,139084,6.5,250394.3333,7.266666667,160287,6.866666667,126656,6.166666667,90430,6.466666667,26759.83333,0.5,100.0666667,1170,124947,668316,3512,1076,565,3248.01
E08000026,Coventry,2015Q3,143017.6667,6.3,256358,6.933333333,164796.6667,6.733333333,130562.6667,6.033333333,92425.33333,6.066666667,27089,0.5,100.1666667,1366,240512.01,539514.99,3479,1245,675,3229.98
E08000026,Coventry,2015Q4,147050.3333,7.133333333,265708.6667,8.166666667,169567.6667,7.5,134103.6667,6.9,94584.66667,6.266666667,27353.48,0.5,100.3,1409,95876.01,339126.99,3622,1218,656,3192.99
E08000026,Coventry,2016Q1,146295.3333,7.066666667,264083.3333,7.366666667,169274,7.533333333,133164.6667,7.033333333,94258.66667,5.7,27617.96333,0.5,99.83333333,1463,89624.01,356235.99,3313,1267,691,2772
E08000026,Coventry,2016Q2,153000,10,275580.6667,10.03333333,176601,10.16666667,139472,10.13333333,98680,9.133333333,27880.52,0.5,100.4,988,147306.99,652428.99,3538,1311,695,2474.01
E08000026,Coventry,2016Q3,158154.3333,10.56666667,284648.6667,11.06666667,182334.6667,10.66666667,144268.3333,10.5,102034.3333,10.4,28043.03667,0.333333333,100.8666667,1422,245307,527103,3641,1312,687,2117.01
E08000026,Coventry,2016Q4,157823,7.3,287261.6667,8.133333333,182618.3333,7.7,143220,6.8,102194.3333,8.033333333,28154.29333,0.25,101.5,1237,94007.01,366960,4037,1312,567,2580.99
E08000026,Coventry,2017Q1,158813.3333,8.533333333,290469.6667,9.966666667,183496.3333,8.4,143897.6667,8.066666667,103313.6667,9.6,28265.14333,0.25,102,1145,96450.99,417771.99,3964,1336,655,2469
E08000026,Coventry,2017Q2,162898.3333,6.466666667,296267,7.5,188161.3333,6.533333333,147484,5.766666667,106883.6667,8.3,28374.78,0.25,103.1666667,1133,159168.99,725610,3912,1420,797,2187
E08000026,Coventry,2017Q3,170078.6667,7.533333333,307080.3333,7.9,196394.6667,7.733333333,154272.3333,6.933333333,111536.3333,9.3,28467.82,0.25,103.7,1257,257796.99,563834.01,4148,1387,754,2041.98
E08000026,Coventry,2017Q4,172430.6667,9.266666667,313582,9.2,199856,9.433333333,156198.3333,9.066666667,112126,9.733333333,28551.70333,0.416666667,104.5666667,1236,98865.99,388368,4570,1436,763,1866
E08000026,Coventry,2018Q1,175335.3333,10.4,319660.3333,10.03333333,203611.6667,10.93333333,158781.6667,10.33333333,113501.6667,9.866666667,28635.27333,0.5,104.7666667,1000,97074.99,416469,4345,1400,806,2325.99
E08000026,Coventry,2018Q2,175677.6667,7.9,320376.3333,8.133333333,204228.6667,8.566666667,159507,8.166666667,112368,5.166666667,28717.93667,0.5,105.6666667,1134,172416.99,764279.01,4019,1629,1011,2382
E08000026,Coventry,2018Q3,179283.3333,5.433333333,327213.6667,6.533333333,208546,6.166666667,162793.3333,5.5,114419.6667,2.566666667,28746.16667,0.666666667,106.3,1141,284828.01,624605.01,4133,1839,1076,2611.98
E08000026,Coventry,2018Q4,181459.6667,5.233333333,332444,6,211348.3333,5.733333333,164671.3333,5.433333333,115401.3333,2.933333333,28746.41667,0.75,106.9333333,1237,108036,434286,4431,1959,1210,2776.98
E08000026,Coventry,2019Q1,179858,2.566666667,331083,3.533333333,210145.6667,3.2,162828.3333,2.533333333,114208,0.633333333,28746.67,0.75,106.7,934,112719,453599.01,4011,1965,1153,3853.98
E08000026,Coventry,2019Q2,180459,2.7,330850,3.266666667,210861.3333,3.266666667,163805,2.666666667,113862,1.333333333,28746.91667,0.75,107.8,986,193596.99,792681.99,3937,1994,1199,3580.02
E08000026,Coventry,2019Q3,181951.3333,1.5,332192.6667,1.533333333,212005.3333,1.633333333,165506,1.666666667,114979,0.5,28887.33333,0.75,108.2666667,1170,321639.99,689672.01,3837,1867,1297,3656.01
E08000026,Coventry,2019Q4,180931.6667,-0.3,330905.6667,-0.466666667,211692.3333,0.166666667,164615.3333,1.85E-17,113136.6667,-1.966666667,29098.21667,0.75,108.4333333,1182,130221.99,477507.99,3846,2054,1311,3990
E08000026,Coventry,2020Q1,181639.6667,1,333525,0.733333333,212940,1.3,165401.6667,1.566666667,112407,-1.566666667,29309.1,0.533333333,108.4666667,948,108819,364535.01,3569,2076,1569,4024.02
E08000026,Coventry,2020Q2,181568,0.633333333,334737.3333,1.166666667,213189.3333,1.133333333,165407.6667,1,111377,-2.2,29518.45,0.1,108.5333333,507,9206.01,6153.99,2317,1982,1810,1573.02
E08000026,Coventry,2020Q3,183560,0.9,336843,1.4,215378.3333,1.566666667,167498,1.233333333,112527.6667,-2.133333333,29768.49,0.1,108.9333333,816,188156.01,63846.99,3145,2539,2241,1110
E08000026,Coventry,2020Q4,187272,3.5,344964.6667,4.233333333,219015.3333,3.466666667,171524,4.2,113575.6667,0.4,30038.21667,0.1,109.0666667,1122,154866.99,66060,3390,2569,2630,2266.02
E08000026,Coventry,2021Q1,191261.6667,5.333333333,346334.3333,3.833333333,221925.6667,4.2,175684.3333,6.233333333,118647.3333,5.566666667,30306.96,0.1,109.1666667,1298,132414,37779.99,3098,2527,3170,3291
E08000026,Coventry,2021Q2,195194.6667,7.5,350492.3333,4.7,224984.3333,5.533333333,179538,8.533333333,123147.6667,10.53333333,30572.76333,0.1,110.7333333,1342,155789.01,49665,3557,2850,3007,3336
E08000026,Coventry,2021Q3,198357,8.066666667,357911.3333,6.233333333,229502,6.566666667,182260.6667,8.833333333,124083,10.26666667,31236.90333,0.1,111.9333333,1366,397026.99,105240.99,3611,3063,3200,3003.99
E08000026,Coventry,2021Q4,201132.6667,7.433333333,367924.3333,6.666666667,233934.6667,6.8,184306.6667,7.433333333,124183,9.3,32099.32,0.15,114.4,1052,212738.01,209291.01,3636,3151,3181,3322.02
E08000026,Coventry,2022Q1,205730.3333,7.566666667,375835,8.5,239816.6667,8.066666667,188650.3333,7.366666667,126295.3333,6.466666667,32958.60333,0.5,115.9333333,1084,231531.99,244452,3790,2905,2909,3880.98
E08000026,Coventry,2022Q2,209405,7.266666667,381274.3333,8.8,243821.3333,8.366666667,192480,7.233333333,128079.6667,4.033333333,33808.48333,1,120.8666667,1069,320414.01,366537,4322,3243,2984,3633
E08000026,Coventry,2022Q3,218241.3333,10,394540.3333,10.23333333,253974.6667,10.66666667,201442,10.53333333,132110,6.466666667,34244.4,1.75,123.1333333,1148,580814.01,433932.99,4330,3104,2983,4697.01
E08000026,Coventry,2022Q4,221413.6667,10.06666667,402011.3333,9.266666667,257830,10.23333333,204249.3333,10.8,133439.6667,7.466666667,34465.91333,2.916666667,126.7,1192,294774.99,351239.01,4802,2939,2657,5063.01
E08000026,Coventry,2023Q1,216546.6667,5.266666667,395707.3333,5.3,252972.6667,5.466666667,198944,5.466666667,130818.3333,3.6,34686.61333,3.916666667,127.7333333,819,297594.99,399660.99,4729,2914,2893,4217.01
E08000026,Coventry,2023Q2,211668.6667,1.066666667,389004,2.033333333,247855.3333,1.666666667,193895.6667,0.766666667,127926.3333,-0.133333333,34904.89667,4.583333333,131.0666667,708,295668,630632.01,4663,2853,2453,6334.02
E08000026,Coventry,2023Q3,215622.6667,-1.2,392952,-0.4,252064.6667,-0.7,198413.6667,-1.5,129360,-2.066666667,34984,5.166666667,131.4,809,573971.01,532428,4600,2881,2220,22484.01
E08000026,Coventry,2023Q4,212824.3333,-3.866666667,387621.6667,-3.566666667,248847.6667,-3.5,195729,-4.2,127976.3333,-4.1,34991.51333,5.25,131.9666667,828,265236.99,392259.99,4167,2768,2213,28443
E08000026,Coventry,2024Q1,213722,-1.333333333,389004.6667,-1.666666667,250009.6667,-1.166666667,196501.6667,-1.233333333,128616.3333,-1.666666667,34999.02667,5.25,132.2666667,751,229845.99,454544.01,4151,2704,2020,10417.02
E08000026,Coventry,2024Q2,211047,-0.3,381049,-2.066666667,246168,-0.666666667,194356,0.233333333,127961,0,35006.48667,5.25,133.8333333,867,204254.01,728825.01,4591,3029,2152,5466
E08000026,Coventry,2024Q3,217770.3333,1,391733,-0.333333333,253500,0.566666667,201404.3333,1.533333333,130637.3333,0.966666667,35468.59,5.083333333,134.1,1005,388326.99,555722.01,4147,2836,1958,8415.99
E08000026,Coventry,2024Q4,220588.6667,3.633333333,399717,3.133333333,257097.6667,3.3,203773,4.133333333,131713.3333,2.933333333,36159.23,4.833333333,135.2333333,1069,145505.01,420449.01,3836,2833,1852,16455
E08000026,Coventry,2025Q1,219266,2.6,397763,2.266666667,255910.3333,2.366666667,202646.6667,3.133333333,130068.3333,1.166666667,36847.35667,4.583333333,135.9666667,1095,151643.01,452067.99,3550,2561,1811,16068
E08000026,Coventry,2025Q2,216873,2.766666667,394629,3.533333333,254073.3333,3.2,200331.6667,3.066666667,127433.3333,-0.4,37527.95,4.333333333,138.5,619,185370,790707.99,3538,2881,1918,12370.02
E08000026,Coventry,2025Q3,222171.6667,2.066666667,403386.6667,3,260852.6667,2.933333333,205680.3333,2.133333333,128959.6667,-1.266666667,37759,4.083333333,139.2,759,376097.01,568923.99,3656,2798,1903,13254.99
E08000026,Coventry,2025Q4,224781.3333,1.9,407690.3333,2,264052.3333,2.733333333,208195.3333,2.2,130200.6667,-1.133333333,37759,3.916666667,139.8,708,116405.01,429636,3654,2516,1804,13194
E09000008,Croydon,2015Q2,301898.3333,10.16666667,633700.3333,10.8,389991,10.56666667,287315.6667,10.03333333,215339.6667,9.933333333,32771.98667,0.5,100.0666667,1396,124947,668316,4230,1918,1535,3248.01
E09000008,Croydon,2015Q3,317510,10.43333333,667196.6667,10.76666667,411575.3333,10.76666667,303549.6667,10.43333333,225315.3333,10.2,32791.33333,0.5,100.1666667,1586,240512.01,539514.99,3822,1859,1417,3229.98
E09000008,Croydon,2015Q4,331285.3333,11.83333333,701663.6667,12.53333333,430210.3333,12.26666667,316681,11.93333333,234406.3333,11.33333333,32710.68667,0.5,100.3,1490,95876.01,339126.99,3975,1898,1393,3192.99
E09000008,Croydon,2016Q1,342241,16.13333333,724482,17.06666667,445886.6667,17.16666667,326321.6667,16.6,242256,15.13333333,32630.04,0.5,99.83333333,1620,89624.01,356235.99,3806,1768,1330,2772
E09000008,Croydon,2016Q2,358062.6667,18.6,750187.3333,18.36666667,462968.6667,18.7,341850.6667,18.96666667,254852.6667,18.36666667,32549.98,0.5,100.4,1112,147306.99,652428.99,4260,2019,1456,2474.01
E09000008,Croydon,2016Q3,372663.6667,17.4,779927,16.93333333,481117.3333,16.9,355026.3333,16.96666667,265910,18.03333333,32693.13,0.333333333,100.8666667,1414,245307,527103,4455,2067,1569,2117.01
E09000008,Croydon,2016Q4,370171.6667,11.76666667,780964.6667,11.3,478792.3333,11.33333333,350373.3333,10.66666667,264531.6667,12.86666667,32948.79,0.25,101.5,1166,94007.01,366960,4003,1940,1524,2580.99
E09000008,Croydon,2017Q1,371494.6667,8.533333333,780814.6667,7.8,477465.6667,7.1,350335,7.366666667,267194,10.3,33203.52667,0.25,102,1230,96450.99,417771.99,4047,1853,1591,2469
E09000008,Croydon,2017Q2,375636,4.9,783724.6667,4.466666667,480496.6667,3.766666667,353164.6667,3.333333333,271798,6.666666667,33455.47,0.25,103.1666667,1263,159168.99,725610,3904,2021,1636,2187
E09000008,Croydon,2017Q3,383303,2.866666667,796927,2.2,491310,2.133333333,361518,1.833333333,276704,4.066666667,33928.72667,0.25,103.7,1324,257796.99,563834.01,4036,2022,1581,2041.98
E09000008,Croydon,2017Q4,380463.6667,2.8,798457.3333,2.233333333,490735.6667,2.5,359569,2.6,272905.3333,3.166666667,34511.37333,0.416666667,104.5666667,1198,98865.99,388368,4192,1989,1464,1866
E09000008,Croydon,2018Q1,374931,0.933333333,786786.6667,0.766666667,484198.3333,1.4,355134,1.366666667,268418.6667,0.466666667,35091.90333,0.5,104.7666667,917,97074.99,416469,4096,1897,1571,2325.99
E09000008,Croydon,2018Q2,376049.6667,0.133333333,792172.3333,1.066666667,489242,1.8,359139.3333,1.7,267274.3333,-1.666666667,35666.07667,0.5,105.6666667,1001,172416.99,764279.01,3878,2094,1616,2382
E09000008,Croydon,2018Q3,377902,-1.4,800355.6667,0.466666667,493011.3333,0.366666667,361110.6667,-0.133333333,267952.3333,-3.166666667,35745.85,0.666666667,106.3,1152,284828.01,624605.01,4240,1969,1594,2611.98
E09000008,Croydon,2018Q4,372824.3333,-2,793065,-0.7,487229,-0.7,356692.3333,-0.8,263793.3333,-3.333333333,35572.81667,0.75,106.9333333,1121,108036,434286,4305,2054,1684,2776.98
E09000008,Croydon,2019Q1,370721,-1.1,790542,0.466666667,485689.3333,0.3,354371.3333,-0.2,262056.6667,-2.366666667,35400.41,0.75,106.7,932,112719,453599.01,4247,1922,1885,3853.98
E09000008,Croydon,2019Q2,368848,-1.9,782409.6667,-1.266666667,483356.6667,-1.2,354681,-1.266666667,259977.3333,-2.766666667,35229.89,0.75,107.8,957,193596.99,792681.99,4070,2081,1926,3580.02
E09000008,Croydon,2019Q3,370652,-1.933333333,785986.6667,-1.833333333,485919,-1.433333333,357243.6667,-1.066666667,260785.6667,-2.666666667,35571.67,0.75,108.2666667,1168,321639.99,689672.01,4541,2272,2092,3656.01
E09000008,Croydon,2019Q4,373839.6667,0.266666667,798073.6667,0.666666667,492965.3333,1.2,360983.6667,1.233333333,261429,-0.866666667,36172.25667,0.75,108.4333333,1133,130221.99,477507.99,4489,2196,1867,3990
E09000008,Croydon,2020Q1,376607.3333,1.566666667,805237.6667,1.866666667,497842.3333,2.5,365012.3333,3,262211.6667,0.066666667,36772.85,0.533333333,108.4666667,932,108819,364535.01,4623,2147,2193,4024.02
E09000008,Croydon,2020Q2,376012.3333,1.933333333,808400.6667,3.333333333,497785.3333,3,364590,2.8,260943.3333,0.366666667,37369.07333,0.1,108.5333333,499,9206.01,6153.99,3119,2055,2298,1573.02
E09000008,Croydon,2020Q3,381402,2.9,816435.6667,3.866666667,506457,4.233333333,371345.6667,3.966666667,263726,1.133333333,37359.26,0.1,108.9333333,975,188156.01,63846.99,3938,2459,2440,1110
E09000008,Croydon,2020Q4,385358,3.1,830555.6667,4.033333333,512761.3333,4.033333333,376683.3333,4.366666667,264536.3333,1.2,37042.57,0.1,109.0666667,1267,154866.99,66060,3766,2139,2124,2266.02
E09000008,Croydon,2021Q1,388604,3.2,819821,1.8,511761.3333,2.8,380080.3333,4.133333333,270577.3333,3.166666667,36727.03,0.1,109.1666667,1713,132414,37779.99,3301,2018,2191,3291
E09000008,Croydon,2021Q2,394352,4.866666667,822526,1.766666667,515570,3.6,386027,5.9,276803,6.066666667,36414.94667,0.1,110.7333333,2058,155789.01,49665,3306,2388,2424,3336
E09000008,Croydon,2021Q3,389513.6667,2.1,823094.6667,0.833333333,512557.3333,1.2,380117.6667,2.333333333,271787.6667,3.033333333,36643.08,0.1,111.9333333,1193,397026.99,105240.99,4058,2204,2265,3003.99
E09000008,Croydon,2021Q4,399261.3333,3.6,862680.3333,3.866666667,531011,3.566666667,390158,3.566666667,274198.6667,3.633333333,37145.11333,0.15,114.4,1040,212738.01,209291.01,4192,2440,2224,3322.02
E09000008,Croydon,2022Q1,403772,3.9,870861.6667,6.233333333,538715.3333,5.266666667,396361.3333,4.266666667,275914.3333,2,37645.31667,0.5,115.9333333,1070,231531.99,244452,3723,2374,2273,3880.98
E09000008,Croydon,2022Q2,407386.6667,3.3,875747.3333,6.466666667,543482.3333,5.4,402048,4.166666667,277203,0.166666667,38140.04667,1,120.8666667,1108,320414.01,366537,4257,2405,2112,3633
E09000008,Croydon,2022Q3,420481.3333,7.933333333,901891.6667,9.533333333,562660,9.8,417503.6667,9.833333333,283818.3333,4.433333333,38796.83667,1.75,123.1333333,1296,580814.01,433932.99,4431,2542,2002,4697.01
E09000008,Croydon,2022Q4,422863,5.9,910708.3333,5.566666667,566524.6667,6.7,421199.3333,7.966666667,283711.6667,3.466666667,39531.42667,2.916666667,126.7,1267,294774.99,351239.01,4122,2328,1947,5063.01
E09000008,Croydon,2023Q1,425725,5.433333333,919338.3333,5.6,571338.3333,6.066666667,421452.3333,6.366666667,286756.3333,3.933333333,40263.34333,3.916666667,127.7333333,891,297594.99,399660.99,3980,2245,1861,4217.01
E09000008,Croydon,2023Q2,402962,-1.1,872289,-0.4,540220.3333,-0.6,396541,-1.366666667,272791.3333,-1.566666667,40987.24667,4.583333333,131.0666667,677,295668,630632.01,3888,2506,2108,6334.02
E09000008,Croydon,2023Q3,407636.3333,-3.033333333,877835.6667,-2.633333333,547091,-2.766666667,403956,-3.233333333,274609.6667,-3.233333333,41676,5.166666667,131.4,898,573971.01,532428,4419,2639,1943,22484.01
E09000008,Croydon,2023Q4,398982.3333,-5.633333333,858486.3333,-5.733333333,535558.6667,-5.466666667,394729.6667,-6.266666667,269198.3333,-5.133333333,42341.71,5.25,131.9666667,812,265236.99,392259.99,4576,2541,1880,28443
E09000008,Croydon,2024Q1,394390.6667,-7.333333333,846304,-7.933333333,528899,-7.4,390494.3333,-7.333333333,266301.6667,-7.1,43007.42,5.25,132.2666667,754,229845.99,454544.01,4402,2477,1830,10417.02
E09000008,Croydon,2024Q2,394482.3333,-2.1,840668,-3.6,526776.6667,-2.5,390241,-1.6,267782.6667,-1.833333333,43668.29,5.25,133.8333333,864,204254.01,728825.01,4470,2332,1713,5466
E09000008,Croydon,2024Q3,400469.3333,-1.733333333,853346.3333,-2.8,535951.6667,-2.033333333,399383.3333,-1.166666667,269600,-1.8,43963.69667,5.083333333,134.1,1062,388326.99,555722.01,4686,2473,1977,8415.99
E09000008,Croydon,2024Q4,405739.3333,1.7,870811.3333,1.433333333,544168.6667,1.633333333,404146,2.4,272508.3333,1.233333333,44072.94667,4.833333333,135.2333333,1027,145505.01,420449.01,4528,2465,2067,16455
E09000008,Croydon,2025Q1,402660.3333,2.1,860335.6667,1.666666667,540741,2.266666667,403190,3.233333333,269447,1.2,44181.79667,4.583333333,135.9666667,1278,151643.01,452067.99,3829,2368,2118,16068
E09000008,Croydon,2025Q2,402010,1.933333333,867176,3.166666667,546477.6667,3.733333333,402515,3.133333333,266333.3333,-0.533333333,44289.45,4.333333333,138.5,583,185370,790707.99,3712,2541,2173,12370.02
E09000008,Croydon,2025Q3,401487,0.3,862904.3333,1.166666667,548343.3333,2.333333333,406052.3333,1.7,263139.6667,-2.366666667,44326,4.083333333,139.2,877,376097.01,568923.99,4032,2469,2010,13254.99
E09000008,Croydon,2025Q4,400877.3333,-1.2,850488.3333,-2.333333333,546292.3333,0.4,407908.6667,0.933333333,262818.3333,-3.533333333,44326,3.916666667,139.8,750,116405.01,429636,3565,2310,1872,13194
E06000063,Cumberland,2015Q2,117223.3333,-0.366666667,196953.6667,0.133333333,118839.6667,-0.133333333,96004.33333,-0.833333333,74116.33333,-0.433333333,32058,0.5,100.0666667,1170,124947,668316,2289,1066,711,3248.01
E06000063,Cumberland,2015Q3,119459.6667,-0.3,200308,0.1,121303.3333,0.066666667,97917.66667,-0.9,75144.33333,-0.466666667,32058,0.5,100.1666667,1235,240512.01,539514.99,2312,1060,711,3229.98
E06000063,Cumberland,2015Q4,121788,2.7,205014.6667,3.433333333,123955.6667,3.266666667,99546.33333,2.133333333,75777,0.9,32058,0.5,100.3,1326,95876.01,339126.99,2093,1038,574,3192.99
E06000063,Cumberland,2016Q1,123708.3333,5.066666667,208675.3333,5.833333333,125878,5.366666667,101034.3333,4.8,76807.66667,2.466666667,32058,0.5,99.83333333,1064,89624.01,356235.99,2260,1048,590,2772
E06000063,Cumberland,2016Q2,121554.6667,3.733333333,204673,3.933333333,123322.3333,3.8,99505.33333,3.633333333,76100.33333,2.7,32058,0.5,100.4,967,147306.99,652428.99,2093,1085,605,2474.01
E06000063,Cumberland,2016Q3,123609.6667,3.466666667,207559.3333,3.6,125563.3333,3.5,101323.6667,3.466666667,77144.66667,2.7,32058,0.333333333,100.8666667,1209,245307,527103,2281,1057,529,2117.01
E06000063,Cumberland,2016Q4,124531.3333,2.233333333,211211.3333,3.033333333,126558,2.1,101342.3333,1.8,77748,2.6,32058,0.25,101.5,1152,94007.01,366960,2202,1081,522,2580.99
E06000063,Cumberland,2017Q1,125182.6667,1.2,213067.6667,2.133333333,127141.6667,1,101551.3333,0.533333333,78755,2.566666667,32058,0.25,102,1020,96450.99,417771.99,2073,1147,542,2469
E06000063,Cumberland,2017Q2,123829.6667,1.866666667,209804.6667,2.5,125877.3333,2.066666667,100631.3333,1.166666667,78159.66667,2.733333333,32058,0.25,103.1666667,1146,159168.99,725610,2290,1292,630,2187
E06000063,Cumberland,2017Q3,127668,3.3,215773,3.966666667,129663.6667,3.3,104036.3333,2.666666667,80428,4.266666667,32058,0.25,103.7,1200,257796.99,563834.01,2295,1311,676,2041.98
E06000063,Cumberland,2017Q4,129140,3.7,218976.3333,3.666666667,131440,3.866666667,104878.3333,3.5,81033.66667,4.233333333,32058,0.416666667,104.5666667,1361,98865.99,388368,2422,1421,619,1866
E06000063,Cumberland,2018Q1,127044.3333,1.466666667,215788,1.266666667,129670.6667,2,102926,1.333333333,79181.66667,0.533333333,32058,0.5,104.7666667,972,97074.99,416469,2281,1496,947,2325.99
E06000063,Cumberland,2018Q2,127734.6667,3.133333333,217079,3.466666667,130363.3333,3.566666667,103704.6667,3.066666667,78615.33333,0.566666667,32058,0.5,105.6666667,1161,172416.99,764279.01,2477,1762,1228,2382
E06000063,Cumberland,2018Q3,130950.6667,2.566666667,222758.6667,3.266666667,133719.3333,3.133333333,106201.6667,2.066666667,80497.33333,0.1,32058,0.666666667,106.3,1275,284828.01,624605.01,2539,1788,1307,2611.98
E06000063,Cumberland,2018Q4,130104,0.733333333,221555.6667,1.133333333,133077.6667,1.233333333,105240,0.333333333,80046,-1.233333333,32058,0.75,106.9333333,1224,108036,434286,2448,1888,1528,2776.98
E06000063,Cumberland,2019Q1,127944,0.733333333,218142.6667,1.1,131204.6667,1.166666667,103067.6667,0.133333333,79080,-0.1,32058,0.75,106.7,994,112719,453599.01,2220,1644,1499,3853.98
E06000063,Cumberland,2019Q2,127774.3333,0.033333333,217096.6667,0.033333333,131361,0.8,103239.6667,-0.466666667,77919,-0.866666667,32058,0.75,107.8,1120,193596.99,792681.99,2199,1780,1641,3580.02
E06000063,Cumberland,2019Q3,129385,-1.166666667,219743,-1.366666667,132590.6667,-0.833333333,104923.6667,-1.233333333,78778.33333,-2.133333333,32058,0.75,108.2666667,1284,321639.99,689672.01,2066,1947,1743,3656.01
E06000063,Cumberland,2019Q4,129846,-0.2,219713.3333,-0.833333333,133778,0.566666667,105154,-0.066666667,78779,-1.566666667,32058,0.75,108.4333333,1224,130221.99,477507.99,2264,1877,1710,3990
E06000063,Cumberland,2020Q1,127384,-0.433333333,216037.6667,-0.966666667,131294.3333,0.033333333,102998.3333,-0.066666667,76964.33333,-2.7,32058,0.533333333,108.4666667,885,108819,364535.01,2241,1689,1743,4024.02
E06000063,Cumberland,2020Q2,129602.6667,1.433333333,220149.6667,1.433333333,133657.3333,1.766666667,104712,1.433333333,77737.66667,-0.233333333,32058,0.1,108.5333333,639,9206.01,6153.99,1300,1444,1778,1573.02
E06000063,Cumberland,2020Q3,130412.6667,0.8,221423.3333,0.766666667,134511.6667,1.466666667,105428.6667,0.5,78054.66667,-0.9,32058,0.1,108.9333333,1091,188156.01,63846.99,1815,1731,1842,1110
E06000063,Cumberland,2020Q4,134401.6667,3.533333333,229213.6667,4.333333333,138100.3333,3.233333333,108826.6667,3.533333333,79471,0.9,32058,0.1,109.0666667,1505,154866.99,66060,1707,1415,1549,2266.02
E06000063,Cumberland,2021Q1,137760,8.133333333,232133.6667,7.433333333,141287.6667,7.633333333,112589,9.3,83216.66667,8.1,32058,0.1,109.1666667,1375,132414,37779.99,1372,1229,1371,3291
E06000063,Cumberland,2021Q2,139598.6667,7.733333333,233494.6667,6.033333333,143020.3333,7,114733.3333,9.566666667,85417,9.9,32058,0.1,110.7333333,1643,155789.01,49665,1615,1735,1928,3336
E06000063,Cumberland,2021Q3,141981.3333,8.866666667,236945.6667,7.033333333,145790.6667,8.4,116811.3333,10.83333333,86239.66667,10.46666667,32058,0.1,111.9333333,1691,397026.99,105240.99,1843,2010,1927,3003.99
E06000063,Cumberland,2021Q4,141880.3333,5.6,239493.3333,4.5,145473.3333,5.366666667,115921.3333,6.566666667,85322.33333,7.4,32058,0.15,114.4,1342,212738.01,209291.01,1953,1954,1893,3322.02
E06000063,Cumberland,2022Q1,145982.6667,5.966666667,246127.6667,6.033333333,149949,6.133333333,119272.6667,5.933333333,87349.33333,4.966666667,32058,0.5,115.9333333,1121,231531.99,244452,1889,1831,1904,3880.98
E06000063,Cumberland,2022Q2,148714.6667,6.533333333,249819,7,152861,6.866666667,121844,6.233333333,88616.33333,3.766666667,32058,1,120.8666667,1245,320414.01,366537,1935,1948,1980,3633
E06000063,Cumberland,2022Q3,156397,10.16666667,261579.3333,10.4,160762.3333,10.26666667,128736.3333,10.23333333,92395.66667,7.133333333,32574.57667,1.75,123.1333333,1320,580814.01,433932.99,2112,1885,2047,4697.01
E06000063,Cumberland,2022Q4,158154.3333,11.5,265799,10.96666667,162393.3333,11.63333333,129938.6667,12.1,92849,8.8,33350.85667,2.916666667,126.7,1313,294774.99,351239.01,1822,1751,1775,5063.01
E06000063,Cumberland,2023Q1,153609.3333,5.233333333,259046.3333,5.266666667,158222,5.533333333,125512.3333,5.233333333,90113.66667,3.166666667,34124.31333,3.916666667,127.7333333,1011,297594.99,399660.99,1900,1734,1995,4217.01
E06000063,Cumberland,2023Q2,150498,1.233333333,254401.3333,1.833333333,155204.3333,1.566666667,122569,0.6,88378,-0.233333333,34889.3,4.583333333,131.0666667,890,295668,630632.01,1892,1883,1829,6334.02
E06000063,Cumberland,2023Q3,154267,-1.366666667,259559.3333,-0.766666667,158762.6667,-1.233333333,126365,-1.833333333,89804,-2.833333333,35594.66667,5.166666667,131.4,1005,573971.01,532428,1852,1796,1575,22484.01
E06000063,Cumberland,2023Q4,157689,-0.3,265352.6667,-0.166666667,162343.6667,-0.033333333,129099.6667,-0.633333333,91873,-1.066666667,36264.38333,5.25,131.9666667,1047,265236.99,392259.99,1814,1728,1430,28443
E06000063,Cumberland,2024Q1,156535.6667,1.866666667,262876,1.466666667,161283,1.933333333,128155.3333,2.1,91496.66667,1.533333333,36934.10333,5.25,132.2666667,901,229845.99,454544.01,1661,1669,1588,10417.02
E06000063,Cumberland,2024Q2,153874,2.233333333,256492.3333,0.8,158448,2.066666667,126443.6667,3.133333333,90718.66667,2.666666667,37598.94667,5.25,133.8333333,1075,204254.01,728825.01,1752,1883,1683,5466
E06000063,Cumberland,2024Q3,160133.3333,3.766666667,266118.6667,2.533333333,164744.6667,3.766666667,132199,4.633333333,93268,3.866666667,38598.12,5.083333333,134.1,1239,388326.99,555722.01,1685,1936,1892,8415.99
E06000063,Cumberland,2024Q4,163322,3.533333333,273013.3333,2.9,168203.3333,3.6,134422.6667,4.133333333,94261.33333,2.6,39762.91333,4.833333333,135.2333333,1242,145505.01,420449.01,1494,1964,1903,16455
E06000063,Cumberland,2025Q1,165585,5.8,276606.3333,5.266666667,171102.6667,6.1,136189.6667,6.266666667,94919.66667,3.733333333,40923.47333,4.583333333,135.9666667,1260,151643.01,452067.99,1438,1663,1897,16068
E06000063,Cumberland,2025Q2,164802.3333,7.133333333,275124.6667,7.266666667,170992,7.933333333,135339.6667,7.033333333,93410.66667,3,42071.32333,4.333333333,138.5,777,185370,790707.99,1583,1862,1838,12370.02
E06000063,Cumberland,2025Q3,168356.3333,5.133333333,280164.6667,5.266666667,174962,6.233333333,138680.6667,4.933333333,93970.66667,0.766666667,42461,4.083333333,139.2,931,376097.01,568923.99,1667,1774,1811,13254.99
E06000063,Cumberland,2025Q4,172045,5.333333333,286131,4.833333333,179213,6.566666667,141641.6667,5.366666667,95277,1.066666667,42461,3.916666667,139.8,960,116405.01,429636,1494,1722,1852,13194
E08000017,Doncaster,2015Q2,107595,2.933333333,166929.6667,3.566666667,104196,2.933333333,82929,2.266666667,65832.66667,2.3,24049.45333,0.5,100.0666667,1116,124947,668316,4197,1356,773,3248.01
E08000017,Doncaster,2015Q3,107986,2.3,167333.6667,2.766666667,104652,2.533333333,83288,1.5,65626.66667,1.566666667,24055.16667,0.5,100.1666667,1160,240512.01,539514.99,4461,1390,740,3229.98
E08000017,Doncaster,2015Q4,108507.3333,1.933333333,169120,2.766666667,105073.3333,2.033333333,83367,1.2,65650.33333,0.733333333,24223.72333,0.5,100.3,1169,95876.01,339126.99,4552,1411,760,3192.99
E08000017,Doncaster,2016Q1,108674.3333,4,168987,4.333333333,105442,4.233333333,83433.33333,3.466666667,65627.33333,2.2,24392.28,0.5,99.83333333,1140,89624.01,356235.99,4359,1396,828,2772
E08000017,Doncaster,2016Q2,111588.6667,3.7,173078.3333,3.7,108154.6667,3.8,85981.33333,3.666666667,67773,2.933333333,24559.61,0.5,100.4,992,147306.99,652428.99,4051,1588,880,2474.01
E08000017,Doncaster,2016Q3,114419.6667,5.966666667,177557.3333,6.133333333,110796.6667,5.9,88246.33333,6,69514.66667,5.933333333,24662.96333,0.333333333,100.8666667,1155,245307,527103,4854,1597,880,2117.01
E08000017,Doncaster,2016Q4,115159,6.1,180058.3333,6.466666667,111580.3333,6.2,88036.66667,5.633333333,70297.33333,7.066666667,24733.53,0.25,101.5,1199,94007.01,366960,5385,1758,1176,2580.99
E08000017,Doncaster,2017Q1,113366.3333,4.333333333,177617.6667,5.1,109763.6667,4.1,86558.33333,3.766666667,69580,6.033333333,24803.84667,0.25,102,985,96450.99,417771.99,5833,1926,1881,2469
E08000017,Doncaster,2017Q2,115230.3333,3.3,179775.6667,3.866666667,111760.3333,3.366666667,88066,2.433333333,71342.66667,5.3,24873.39,0.25,103.1666667,1156,159168.99,725610,5286,2188,1773,2187
E08000017,Doncaster,2017Q3,115522.3333,0.966666667,179635.3333,1.166666667,112081,1.166666667,88582.33333,0.366666667,71458.33333,2.8,25245.12,0.25,103.7,1187,257796.99,563834.01,5211,2247,2160,2041.98
E08000017,Doncaster,2017Q4,116341,1,181342.3333,0.7,113007.3333,1.3,88847.66667,0.9,71459.66667,1.666666667,25768.24667,0.416666667,104.5666667,1350,98865.99,388368,5281,2203,2044,1866
E08000017,Doncaster,2018Q1,115054.3333,1.5,179375.6667,1,111883.6667,1.966666667,87731,1.333333333,70172,0.833333333,26289.47333,0.5,104.7666667,977,97074.99,416469,4780,1969,1956,2325.99
E08000017,Doncaster,2018Q2,115891.3333,0.566666667,180549,0.466666667,112670,0.833333333,88595,0.6,69868.33333,-2.066666667,26804.99,0.5,105.6666667,1238,172416.99,764279.01,4948,2352,2526,2382
E08000017,Doncaster,2018Q3,116834,1.1,182089.6667,1.366666667,113612.6667,1.366666667,89259.33333,0.766666667,70248,-1.7,27048.18667,0.666666667,106.3,1166,284828.01,624605.01,5212,2310,2631,2611.98
E08000017,Doncaster,2018Q4,116655.3333,0.266666667,182131.6667,0.433333333,113476,0.4,88913.66667,0.1,69836,-2.266666667,27150.65,0.75,106.9333333,1380,108036,434286,5146,2143,2461,2776.98
E08000017,Doncaster,2019Q1,118125.3333,2.666666667,184792.3333,3.033333333,114977.6667,2.766666667,89685.33333,2.233333333,70823.66667,0.966666667,27252.74333,0.75,106.7,1037,112719,453599.01,4675,2124,2428,3853.98
E08000017,Doncaster,2019Q2,120703.3333,4.133333333,188069,4.166666667,117636.6667,4.4,91928.33333,3.766666667,71915,2.9,27353.72,0.75,107.8,1176,193596.99,792681.99,4657,2079,2488,3580.02
E08000017,Doncaster,2019Q3,120176.3333,2.9,186871.3333,2.633333333,116968,2.966666667,91995.66667,3.066666667,71484,1.766666667,27658,0.75,108.2666667,1207,321639.99,689672.01,4721,2301,2689,3656.01
E08000017,Doncaster,2019Q4,122821.3333,5.3,190902.3333,4.8,119842.3333,5.6,93763.33333,5.433333333,72416,3.733333333,28063.73667,0.75,108.4333333,1310,130221.99,477507.99,4801,2216,2764,3990
E08000017,Doncaster,2020Q1,122050.3333,3.366666667,190030.6667,2.8,119121.6667,3.633333333,93031,3.733333333,71544.33333,1,28469.47667,0.533333333,108.4666667,963,108819,364535.01,4484,2247,2825,4024.02
E08000017,Doncaster,2020Q2,122448.6667,1.466666667,190913.3333,1.5,119496,1.6,93325,1.5,71173.33333,-1,28872.26333,0.1,108.5333333,611,9206.01,6153.99,3299,1923,2796,1573.02
E08000017,Doncaster,2020Q3,126208.6667,5,196706,5.266666667,123172.6667,5.3,96260.66667,4.666666667,73170,2.333333333,28962.04,0.1,108.9333333,1046,188156.01,63846.99,4088,2331,3069,1110
E08000017,Doncaster,2020Q4,128779.3333,4.866666667,201998.6667,5.833333333,125223.6667,4.466666667,98401,4.933333333,73505.66667,1.5,28892.97667,0.1,109.0666667,1294,154866.99,66060,4066,2091,3008,2266.02
E08000017,Doncaster,2021Q1,136312,11.66666667,211203.6667,11.13333333,132599,11.33333333,105279,13.16666667,79468.66667,11.1,28824.16667,0.1,109.1666667,1318,132414,37779.99,3451,2037,2627,3291
E08000017,Doncaster,2021Q2,139851.6667,14.23333333,215140,12.7,135926.6667,13.76666667,108898.6667,16.66666667,82441.66667,15.83333333,28756.10667,0.1,110.7333333,1521,155789.01,49665,3765,2633,3114,3336
E08000017,Doncaster,2021Q3,143736.6667,13.9,221046.3333,12.36666667,139953.3333,13.63333333,111764.3333,16.13333333,83837,14.56666667,28987.02667,0.1,111.9333333,1486,397026.99,105240.99,3919,2777,3049,3003.99
E08000017,Doncaster,2021Q4,145458,12.96666667,226432,12.1,141340,12.86666667,112162.6667,14,83657.33333,13.83333333,29368.76,0.15,114.4,1270,212738.01,209291.01,4354,2811,2822,3322.02
E08000017,Doncaster,2022Q1,147211,8.033333333,228787,8.333333333,143234,8.066666667,113550.3333,7.9,84105.66667,5.866666667,29749.11,0.5,115.9333333,1183,231531.99,244452,4492,2660,2878,3880.98
E08000017,Doncaster,2022Q2,152911.3333,9.333333333,236906,10.1,148960.3333,9.566666667,118184,8.533333333,87011.33333,5.533333333,30125.29,1,120.8666667,1261,320414.01,366537,5067,2928,3236,3633
E08000017,Doncaster,2022Q3,157100,9.3,242273.3333,9.6,153137.3333,9.433333333,122088.6667,9.233333333,88565.33333,5.666666667,30491.32,1.75,123.1333333,1365,580814.01,433932.99,4709,3007,3260,4697.01
E08000017,Doncaster,2022Q4,161269.3333,10.9,249417.3333,10.13333333,157032.3333,11.13333333,125250,11.66666667,90329.66667,8,30849.44667,2.916666667,126.7,1290,294774.99,351239.01,4642,2766,3191,5063.01
E08000017,Doncaster,2023Q1,156632.6667,6.433333333,242945.3333,6.233333333,152768.3333,6.7,120921.3333,6.5,87634.66667,4.233333333,31206.27333,3.916666667,127.7333333,906,297594.99,399660.99,4577,2585,3097,4217.01
E08000017,Doncaster,2023Q2,153512.6667,0.4,238899.3333,0.866666667,149802.6667,0.566666667,117964.6667,-0.2,85995,-1.166666667,31559.19,4.583333333,131.0666667,909,295668,630632.01,4741,2850,3285,6334.02
E08000017,Doncaster,2023Q3,156892.6667,-0.133333333,242441.6667,0.066666667,153079.6667,-0.033333333,121447.6667,-0.5,87195.66667,-1.533333333,32223.5,5.166666667,131.4,953,573971.01,532428,5104,2715,2980,22484.01
E08000017,Doncaster,2023Q4,157093.6667,-2.566666667,242654.3333,-2.7,153283,-2.4,121607,-2.933333333,87472,-3.133333333,33041.73667,5.25,131.9666667,935,265236.99,392259.99,4511,2595,2784,28443
E08000017,Doncaster,2024Q1,155033.6667,-1,239168.6667,-1.533333333,151411.3333,-0.866666667,119898,-0.8,86639.66667,-1.1,33859.97667,5.25,132.2666667,762,229845.99,454544.01,4236,2470,2742,10417.02
E08000017,Doncaster,2024Q2,158398,3.166666667,242694.6667,1.6,154800.3333,3.333333333,122912.6667,4.2,89436.33333,4.033333333,34672.26333,5.25,133.8333333,969,204254.01,728825.01,4531,2683,2889,5466
E08000017,Doncaster,2024Q3,160674.6667,2.433333333,245702,1.366666667,156867.3333,2.466666667,125373,3.266666667,89500,2.633333333,34949.51,5.083333333,134.1,1046,388326.99,555722.01,4389,2776,2965,8415.99
E08000017,Doncaster,2024Q4,166127.6667,5.766666667,255393.6667,5.266666667,162193.6667,5.8,129180.6667,6.233333333,91742,4.9,34954.78333,4.833333333,135.2333333,1131,145505.01,420449.01,4168,2627,2706,16455
E08000017,Doncaster,2025Q1,165786.6667,6.933333333,254599,6.466666667,162165.6667,7.1,128907,7.533333333,90665.33333,4.633333333,34960.04,4.583333333,135.9666667,1149,151643.01,452067.99,3690,2430,2740,16068
E08000017,Doncaster,2025Q2,166364,5,255077.3333,5.066666667,163125.6667,5.4,129189,5.133333333,89895,0.566666667,34965.23667,4.333333333,138.5,712,185370,790707.99,3832,2705,3100,12370.02
E08000017,Doncaster,2025Q3,166906,3.9,255134,3.866666667,163808,4.433333333,130058.3333,3.733333333,88944,-0.6,34967,4.083333333,139.2,872,376097.01,568923.99,4048,2547,3048,13254.99
E08000017,Doncaster,2025Q4,171024,2.933333333,260837.3333,2.133333333,168159.6667,3.666666667,133259.3333,3.166666667,90482.66667,-1.366666667,34967,3.916666667,139.8,831,116405.01,429636,4027,2462,2616,13194
E06000059,Dorset,2015Q2,237655.6667,4.733333333,370684.3333,5.233333333,231126,4.466666667,189003.6667,4.333333333,138825.3333,4.3,26963.22667,0.5,100.0666667,1714,124947,668316,2644,1053,474,3248.01
E06000059,Dorset,2015Q3,241966.3333,3.7,379868.3333,4.733333333,235163.3333,3.566666667,191493,2.8,140145.6667,2.7,26899.83,0.5,100.1666667,2163,240512.01,539514.99,2686,1178,614,3229.98
E06000059,Dorset,2015Q4,248970,4.4,392346.6667,5.533333333,241801.3333,4.4,196470.3333,3.666666667,143547.3333,2.9,26753.82,0.5,100.3,2084,95876.01,339126.99,2590,1168,578,3192.99
E06000059,Dorset,2016Q1,250131.6667,6.766666667,395322.3333,7.933333333,242243.6667,6.533333333,196369.3333,5.866666667,144765,5.4,26607.80333,0.5,99.83333333,2029,89624.01,356235.99,2356,1136,695,2772
E06000059,Dorset,2016Q2,253062,6.5,398880.6667,7.6,244227.6667,5.666666667,199193.6667,5.4,147468.6667,6.233333333,26462.85,0.5,100.4,1490,147306.99,652428.99,2639,1465,795,2474.01
E06000059,Dorset,2016Q3,256707,6.066666667,403815,6.3,248723.3333,5.766666667,202708.6667,5.866666667,148948.3333,6.266666667,26388.6,0.333333333,100.8666667,1995,245307,527103,2860,1487,793,2117.01
E06000059,Dorset,2016Q4,260630.3333,4.7,411655.3333,4.933333333,252721.3333,4.533333333,204004.6667,3.833333333,151571,5.566666667,26350.42,0.25,101.5,1902,94007.01,366960,2646,1242,672,2580.99
E06000059,Dorset,2017Q1,262319.3333,4.866666667,414927.3333,5,253275.6667,4.533333333,204555,4.166666667,153519.6667,6.033333333,26312.38667,0.25,102,1698,96450.99,417771.99,2495,1187,747,2469
E06000059,Dorset,2017Q2,266249.3333,5.2,419304.6667,5.133333333,257183.6667,5.333333333,207881.6667,4.366666667,156983.6667,6.433333333,26274.77,0.25,103.1666667,1691,159168.99,725610,3122,1579,875,2187
E06000059,Dorset,2017Q3,272639.3333,6.233333333,430083.3333,6.5,263896.6667,6.1,212407.3333,4.766666667,160300.3333,7.6,26262,0.25,103.7,2098,257796.99,563834.01,3142,1679,960,2041.98
E06000059,Dorset,2017Q4,278463,6.833333333,438683.3333,6.566666667,270495.3333,7.033333333,217881.3333,6.8,162648.3333,7.333333333,26262,0.416666667,104.5666667,1884,98865.99,388368,2808,1537,782,1866
E06000059,Dorset,2018Q1,276057.3333,5.233333333,436175.6667,5.133333333,267997.3333,5.8,215534.6667,5.333333333,160778,4.733333333,26262,0.5,104.7666667,1466,97074.99,416469,2534,1452,885,2325.99
E06000059,Dorset,2018Q2,273994.3333,2.9,433971,3.466666667,266599,3.666666667,214618.3333,3.233333333,157710.3333,0.466666667,26262,0.5,105.6666667,1592,172416.99,764279.01,3024,1810,1238,2382
E06000059,Dorset,2018Q3,279343.3333,2.466666667,444435.3333,3.333333333,272309.6667,3.2,218102.3333,2.7,159644.3333,-0.4,26262,0.666666667,106.3,1892,284828.01,624605.01,3096,1924,1349,2611.98
E06000059,Dorset,2018Q4,276271.3333,-0.8,439506.3333,0.166666667,269611.3333,-0.333333333,215655,-1,157794.3333,-3,26262,0.75,106.9333333,1964,108036,434286,2718,1835,1063,2776.98
E06000059,Dorset,2019Q1,275919,-0.066666667,437705.3333,0.333333333,270389.3333,0.9,215878.6667,0.166666667,157384,-2.133333333,26262,0.75,106.7,1341,112719,453599.01,2456,1683,1192,3853.98
E06000059,Dorset,2019Q2,274777.6667,0.3,431712.3333,-0.533333333,271324.3333,1.8,217843.6667,1.5,155859.3333,-1.166666667,26262,0.75,107.8,1513,193596.99,792681.99,2457,1898,1255,3580.02
E06000059,Dorset,2019Q3,273498.3333,-2.1,429290.6667,-3.4,269851.6667,-0.9,217328.6667,-0.366666667,155088.6667,-2.866666667,26262,0.75,108.2666667,1743,321639.99,689672.01,2756,1957,1375,3656.01
E06000059,Dorset,2019Q4,277022,0.266666667,435216.6667,-0.966666667,274093,1.633333333,219758.6667,1.9,156635.3333,-0.766666667,26262,0.75,108.4333333,1817,130221.99,477507.99,2435,1808,1188,3990
E06000059,Dorset,2020Q1,277607.6667,0.633333333,436512.6667,-0.266666667,275007.3333,1.7,220539.6667,2.133333333,156073.3333,-0.833333333,26262,0.533333333,108.4666667,1310,108819,364535.01,2400,1663,1112,4024.02
E06000059,Dorset,2020Q2,279840.6667,1.866666667,440574.3333,2.066666667,277522,2.266666667,222736.6667,2.266666667,156202.3333,0.2,26262,0.1,108.5333333,802,9206.01,6153.99,1867,1503,1340,1573.02
E06000059,Dorset,2020Q3,277486.3333,1.466666667,436984,1.8,275428.6667,2.066666667,221053,1.733333333,154426.6667,-0.433333333,26262,0.1,108.9333333,1531,188156.01,63846.99,2277,1974,1511,1110
E06000059,Dorset,2020Q4,288573.3333,4.166666667,457472.6667,5.133333333,285352.6667,4.1,230028.3333,4.666666667,158600.3333,1.233333333,26262,0.1,109.0666667,2246,154866.99,66060,2068,1443,1181,2266.02
E06000059,Dorset,2021Q1,294702.3333,6.166666667,462236,5.9,290783.6667,5.733333333,236191,7.133333333,165426,6,26262,0.1,109.1666667,2619,132414,37779.99,1821,1209,1238,3291
E06000059,Dorset,2021Q2,295539.6667,5.6,460656,4.533333333,291032.6667,4.833333333,237951.6667,6.8,167746,7.4,26262,0.1,110.7333333,2741,155789.01,49665,2255,1742,1483,3336
E06000059,Dorset,2021Q3,299894.6667,8.066666667,468603.3333,7.266666667,295979.3333,7.466666667,241295,9.166666667,168839.3333,9.333333333,26262,0.1,111.9333333,2029,397026.99,105240.99,2143,1860,1454,3003.99
E06000059,Dorset,2021Q4,313925,8.833333333,496569.6667,8.566666667,309501,8.5,250165.6667,8.8,173792.6667,9.6,26262,0.15,114.4,1492,212738.01,209291.01,2119,1685,1346,3322.02
E06000059,Dorset,2022Q1,324437,10.06666667,513614.6667,11.13333333,320726.3333,10.26666667,258529,9.466666667,178657,8,26262,0.5,115.9333333,1592,231531.99,244452,1986,1680,1361,3880.98
E06000059,Dorset,2022Q2,334897,13.33333333,528738.3333,14.8,331526,13.9,268402.6667,12.8,183990.3333,9.7,26262,1,120.8666667,1598,320414.01,366537,2318,1967,1434,3633
E06000059,Dorset,2022Q3,344711,14.93333333,543276,15.93333333,342240,15.63333333,277830,15.16666667,188181.3333,11.46666667,26262,1.75,123.1333333,1885,580814.01,433932.99,2321,1820,1407,4697.01
E06000059,Dorset,2022Q4,348364.3333,11,551251.6667,11.06666667,345436,11.63333333,280220.6667,12,188789.3333,8.633333333,26262,2.916666667,126.7,1874,294774.99,351239.01,2177,1635,1347,5063.01
E06000059,Dorset,2023Q1,342061.3333,5.433333333,542419.3333,5.633333333,339882.6667,5.966666667,273746.6667,5.933333333,185222,3.666666667,26262,3.916666667,127.7333333,1220,297594.99,399660.99,2192,1612,1535,4217.01
E06000059,Dorset,2023Q2,337208.6667,0.733333333,535313.6667,1.266666667,334925.6667,1.066666667,268883.3333,0.2,182841.6667,-0.633333333,26262,4.583333333,131.0666667,1147,295668,630632.01,2382,1827,1579,6334.02
E06000059,Dorset,2023Q3,334903,-2.833333333,530458.6667,-2.366666667,333344.3333,-2.6,269001.3333,-3.166666667,180412.6667,-4.133333333,26262,5.166666667,131.4,1513,573971.01,532428,2480,1836,1435,22484.01
E06000059,Dorset,2023Q4,335883.6667,-3.566666667,531483.6667,-3.566666667,334590,-3.133333333,269648,-3.766666667,181282,-3.966666667,26262,5.25,131.9666667,1358,265236.99,392259.99,2018,1668,1307,28443
E06000059,Dorset,2024Q1,326047.6667,-4.7,514713.6667,-5.1,324996,-4.4,261984.6667,-4.3,176520,-4.666666667,26262,5.25,132.2666667,1124,229845.99,454544.01,2034,1563,1330,10417.02
E06000059,Dorset,2024Q2,325826.3333,-3.4,511210,-4.5,324869.6667,-3,262703,-2.3,178043.3333,-2.6,26262,5.25,133.8333333,1344,204254.01,728825.01,2338,1769,1472,5466
E06000059,Dorset,2024Q3,329250,-1.666666667,517036.3333,-2.533333333,328406.3333,-1.5,266875.6667,-0.8,178108.3333,-1.3,26262,5.083333333,134.1,1605,388326.99,555722.01,2433,1866,1504,8415.99
E06000059,Dorset,2024Q4,331490.6667,-1.3,523049,-1.566666667,330890.3333,-1.1,267878.3333,-0.666666667,177941.3333,-1.833333333,26262,4.833333333,135.2333333,1790,145505.01,420449.01,2385,1686,1329,16455
E06000059,Dorset,2025Q1,330676.6667,1.433333333,521610,1.333333333,331139.6667,1.866666667,267857.3333,2.233333333,176372.3333,-0.1,26262,4.583333333,135.9666667,2033,151643.01,452067.99,1921,1575,1306,16068
E06000059,Dorset,2025Q2,324723,-0.333333333,512504,0.266666667,327075.3333,0.7,263165,0.166666667,171647.6667,-3.566666667,26262,4.333333333,138.5,917,185370,790707.99,2135,1785,1388,12370.02
E06000059,Dorset,2025Q3,335793,2,529999.6667,2.5,339648.3333,3.433333333,273271.3333,2.4,175437.3333,-1.466666667,26262,4.083333333,139.2,1353,376097.01,568923.99,2082,1700,1296,13254.99
E06000059,Dorset,2025Q4,334454.6667,0.866666667,526966.3333,0.733333333,339681,2.666666667,272680.3333,1.8,174109.6667,-2.166666667,26262,3.916666667,139.8,1419,116405.01,429636,1882,1566,1145,13194
E08000027,Dudley,2015Q2,133003.3333,2.4,207675,2.966666667,135042.3333,2.5,114472.3333,1.833333333,79081.66667,1.9,25571.73667,0.5,100.0666667,1012,124947,668316,3004,888,441,3248.01
E08000027,Dudley,2015Q3,137780,5.533333333,214761,5.9,140073.3333,5.766666667,118738,4.966666667,81404.33333,4.966666667,25836.66667,0.5,100.1666667,1176,240512.01,539514.99,2949,815,409,3229.98
E08000027,Dudley,2015Q4,137838.3333,4.266666667,216236.6667,4.933333333,139983,4.4,118460.3333,3.766666667,81044,3.066666667,26139.71667,0.5,100.3,1246,95876.01,339126.99,2814,871,456,3192.99
E08000027,Dudley,2016Q1,138149,5.4,216399.3333,5.833333333,140631.6667,5.733333333,118440,4.9,81212,3.7,26442.77,0.5,99.83333333,1167,89624.01,356235.99,2930,909,467,2772
E08000027,Dudley,2016Q2,142121,6.866666667,222345,7.066666667,144446.6667,6.966666667,122093.3333,6.633333333,84035,6.233333333,26743.61333,0.5,100.4,960,147306.99,652428.99,2820,990,474,2474.01
E08000027,Dudley,2016Q3,146073.6667,6.033333333,228415.3333,6.366666667,148386.6667,5.933333333,125646.6667,5.833333333,86386.66667,6.133333333,26914.02333,0.333333333,100.8666667,1214,245307,527103,3189,1077,567,2117.01
E08000027,Dudley,2016Q4,146019.6667,5.933333333,229928,6.3,148335,5.966666667,124648.3333,5.2,86710.66667,7,27017.74333,0.25,101.5,1100,94007.01,366960,3402,1015,488,2580.99
E08000027,Dudley,2017Q1,148461.6667,7.466666667,234719,8.466666667,150531.6667,7.033333333,126418.3333,6.733333333,88650.66667,9.2,27121.08667,0.25,102,935,96450.99,417771.99,3326,961,444,2469
E08000027,Dudley,2017Q2,148696.3333,4.633333333,234167,5.333333333,150864.6667,4.466666667,126612,3.766666667,89612,6.666666667,27223.3,0.25,103.1666667,1010,159168.99,725610,3513,1162,641,2187
E08000027,Dudley,2017Q3,153686.3333,5.233333333,240809,5.433333333,156084.6667,5.166666667,131307.6667,4.5,92669.66667,7.266666667,27260.84,0.25,103.7,1325,257796.99,563834.01,3482,1149,609,2041.98
E08000027,Dudley,2017Q4,154811.6667,6.033333333,243322.3333,5.833333333,157436.6667,6.133333333,132016.6667,5.933333333,92408.66667,6.566666667,27265.11,0.416666667,104.5666667,1086,98865.99,388368,3523,1286,709,1866
E08000027,Dudley,2018Q1,156095.6667,5.133333333,245414,4.533333333,158937.6667,5.6,132997,5.166666667,92774,4.666666667,27269.36667,0.5,104.7666667,984,97074.99,416469,3398,1226,736,2325.99
E08000027,Dudley,2018Q2,158016.3333,6.266666667,248550.6667,6.133333333,161100.3333,6.8,134920.3333,6.566666667,92680.33333,3.433333333,27273.57333,0.5,105.6666667,1072,172416.99,764279.01,3213,1359,845,2382
E08000027,Dudley,2018Q3,162232,5.566666667,255335.6667,6.033333333,165543,6.066666667,138542.3333,5.5,94614.33333,2.1,27599.72,0.666666667,106.3,1219,284828.01,624605.01,3417,1508,1008,2611.98
E08000027,Dudley,2018Q4,162874.6667,5.2,256995.3333,5.633333333,166294.6667,5.6,138771.3333,5.1,94784,2.566666667,28087.68667,0.75,106.9333333,1241,108036,434286,3736,1552,1033,2776.98
E08000027,Dudley,2019Q1,162650,4.233333333,257143.3333,4.8,166284.3333,4.6,138160.3333,3.866666667,94450.33333,1.833333333,28573.88333,0.75,106.7,1021,112719,453599.01,3307,1658,1005,3853.98
E08000027,Dudley,2019Q2,163598,3.5,257615.3333,3.633333333,167453.6667,3.933333333,139538.3333,3.4,94350.66667,1.8,29054.75333,0.75,107.8,1037,193596.99,792681.99,2959,1625,1051,3580.02
E08000027,Dudley,2019Q3,169537.3333,4.533333333,266232.6667,4.3,173404.3333,4.733333333,145129,4.733333333,97796.66667,3.333333333,29530.16667,0.75,108.2666667,1186,321639.99,689672.01,3046,1704,1134,3656.01
E08000027,Dudley,2019Q4,170698.6667,4.833333333,267945,4.266666667,174915,5.2,145847,5.066666667,98231.66667,3.633333333,29999.27,0.75,108.4333333,1216,130221.99,477507.99,2737,1769,1314,3990
E08000027,Dudley,2020Q1,167648.6667,3.066666667,263940,2.633333333,171984.3333,3.433333333,143063.6667,3.566666667,95631.66667,1.266666667,30468.37,0.533333333,108.4666667,932,108819,364535.01,3135,1642,1328,4024.02
E08000027,Dudley,2020Q2,165441,1.133333333,261063.3333,1.333333333,169843.3333,1.433333333,141197.6667,1.2,93583.66667,-0.8,30934.06333,0.1,108.5333333,527,9206.01,6153.99,1843,1513,1514,1573.02
E08000027,Dudley,2020Q3,175390,3.466666667,276281,3.766666667,180271.6667,3.966666667,150044.6667,3.4,98492.33333,0.733333333,30791.35,0.1,108.9333333,950,188156.01,63846.99,2504,1986,1873,1110
E08000027,Dudley,2020Q4,178634.3333,4.666666667,283313.3333,5.733333333,183254,4.766666667,153366.3333,5.166666667,98796.33333,0.6,30341.05,0.1,109.0666667,1130,154866.99,66060,2576,1896,2036,2266.02
E08000027,Dudley,2021Q1,184836.3333,10.26666667,289739.3333,9.8,189380.6667,10.13333333,159478.3333,11.5,104098.3333,8.9,29892.39,0.1,109.1666667,1347,132414,37779.99,2266,1934,2453,3291
E08000027,Dudley,2021Q2,187673,13.46666667,292420.6667,12.03333333,192042,13.1,162452.3333,15.06666667,106889.3333,14.2,29448.64333,0.1,110.7333333,1378,155789.01,49665,2383,2247,2489,3336
E08000027,Dudley,2021Q3,193636.3333,10.4,302022.6667,9.3,198533.3333,10.13333333,167150.3333,11.4,109744,11.43333333,29442.89667,0.1,111.9333333,1476,397026.99,105240.99,2762,2397,2587,3003.99
E08000027,Dudley,2021Q4,196366,9.9,309852.6667,9.366666667,201368,9.866666667,168445.6667,9.833333333,109755.6667,11.1,29660.63667,0.15,114.4,1031,212738.01,209291.01,2754,2382,2535,3322.02
E08000027,Dudley,2022Q1,198580.6667,7.4,312789.3333,7.966666667,204037.3333,7.733333333,170356.3333,6.833333333,110406.6667,6.1,29877.58333,0.5,115.9333333,1010,231531.99,244452,3049,2173,2485,3880.98
E08000027,Dudley,2022Q2,205259.3333,9.366666667,322506.3333,10.3,210964,9.866666667,176646.3333,8.733333333,113707.3333,6.4,30092.15333,1,120.8666667,966,320414.01,366537,2896,2371,2482,3633
E08000027,Dudley,2022Q3,215756.6667,11.4,337206.3333,11.63333333,222070,11.86666667,186716.3333,11.7,118407.3333,7.9,30407.33,1.75,123.1333333,1105,580814.01,433932.99,2733,2348,2393,4697.01
E08000027,Dudley,2022Q4,219213.3333,11.63333333,343805.6667,10.96666667,225542,12,189551,12.53333333,119625,9,30771.48667,2.916666667,126.7,1027,294774.99,351239.01,2710,2108,2081,5063.01
E08000027,Dudley,2023Q1,217370.3333,9.466666667,342501.3333,9.533333333,223852.6667,9.733333333,186762.6667,9.633333333,118660.6667,7.466666667,31134.31667,3.916666667,127.7333333,729,297594.99,399660.99,2816,2100,2251,4217.01
E08000027,Dudley,2023Q2,212182.3333,3.366666667,335460.6667,4,218636,3.633333333,181581.3333,2.8,115687.3333,1.766666667,31493.17333,4.583333333,131.0666667,675,295668,630632.01,2974,2177,2088,6334.02
E08000027,Dudley,2023Q3,218451,1.233333333,342847,1.7,225243,1.433333333,188220.3333,0.8,118291.3333,-0.1,32143.5,5.166666667,131.4,827,573971.01,532428,2705,2114,1797,22484.01
E08000027,Dudley,2023Q4,218616,-0.266666667,342956.6667,-0.266666667,225381,-0.066666667,188271.3333,-0.7,118713.6667,-0.766666667,32937.69333,5.25,131.9666667,773,265236.99,392259.99,2835,2144,1687,28443
E08000027,Dudley,2024Q1,214399.3333,-1.366666667,335912.6667,-1.9,221037,-1.266666667,184572.6667,-1.166666667,116742.6667,-1.6,33731.88667,5.25,132.2666667,749,229845.99,454544.01,2607,1812,1548,10417.02
E08000027,Dudley,2024Q2,215340.3333,1.5,335184,-0.066666667,221808.3333,1.466666667,185822,2.333333333,118230,2.2,34520.30667,5.25,133.8333333,804,204254.01,728825.01,2701,2010,1690,5466
E08000027,Dudley,2024Q3,221402.6667,1.366666667,344559.3333,0.5,228090,1.266666667,191913,1.966666667,120249.6667,1.633333333,34902.98667,5.083333333,134.1,999,388326.99,555722.01,3016,1917,1657,8415.99
E08000027,Dudley,2024Q4,221676,1.366666667,347220.6667,1.266666667,228542.6667,1.4,191659.6667,1.833333333,119508.3333,0.666666667,35078.78333,4.833333333,135.2333333,1093,145505.01,420449.01,2769,1868,1453,16455
E08000027,Dudley,2025Q1,223107,4.066666667,348940,3.866666667,230567.6667,4.333333333,193062,4.633333333,119357.3333,2.266666667,35253.94333,4.583333333,135.9666667,1068,151643.01,452067.99,2648,1844,1540,16068
E08000027,Dudley,2025Q2,221354.3333,2.8,345899,3.233333333,229518,3.466666667,191417.3333,3.066666667,117262.6667,-0.8,35427.18667,4.333333333,138.5,649,185370,790707.99,2905,2011,1595,12370.02
E08000027,Dudley,2025Q3,228136.6667,3.033333333,355896.3333,3.3,237113.3333,3.933333333,197939.3333,3.133333333,119165,-0.9,35486,4.083333333,139.2,720,376097.01,568923.99,2598,1967,1670,13254.99
E08000027,Dudley,2025Q4,227858.3333,2.8,354378.6667,2.066666667,237246.6667,3.8,197795.6667,3.2,118751.3333,-0.633333333,35486,3.916666667,139.8,708,116405.01,429636,2583,1878,1579,13194
E06000011,East Riding of Yorkshire,2015Q2,145505,2.733333333,222161.3333,3.266666667,138131.3333,2.766666667,111243,2.066666667,78047.66667,2.233333333,26412.00667,0.5,100.0666667,1512,124947,668316,1950,782,304,3248.01
E06000011,East Riding of Yorkshire,2015Q3,149261,4.866666667,227669.3333,5.266666667,141887,5.033333333,114251.6667,4.233333333,79524.33333,4.3,26422.33333,0.5,100.1666667,1878,240512.01,539514.99,2253,916,402,3229.98
E06000011,East Riding of Yorkshire,2015Q4,150789.6667,3.866666667,230833.3333,4.4,143248.6667,3.933333333,115034,3.2,80021,2.5,26592.64333,0.5,100.3,1700,95876.01,339126.99,2312,922,435,3192.99
E06000011,East Riding of Yorkshire,2016Q1,151465.6667,4.666666667,231954,5,144103.6667,4.9,115300.3333,4.166666667,80236.33333,3.066666667,26762.95333,0.5,99.83333333,1582,89624.01,356235.99,2173,799,390,2772
E06000011,East Riding of Yorkshire,2016Q2,153532.3333,5.5,234607.3333,5.6,145751.3333,5.5,117412,5.533333333,81870.33333,4.9,26932.02333,0.5,100.4,1500,147306.99,652428.99,2266,1017,465,2474.01
E06000011,East Riding of Yorkshire,2016Q3,156810,5.066666667,239446.6667,5.2,148862,4.933333333,120020.6667,5.066666667,83676.66667,5.233333333,27074.4,0.333333333,100.8666667,1745,245307,527103,2360,1077,476,2117.01
E06000011,East Riding of Yorkshire,2016Q4,156800.3333,4,240726,4.266666667,148911.3333,3.933333333,118937,3.366666667,83922,4.866666667,27202.73333,0.25,101.5,1740,94007.01,366960,2500,1188,565,2580.99
E06000011,East Riding of Yorkshire,2017Q1,156952,3.633333333,241497.6667,4.133333333,148732.6667,3.2,118891.3333,3.133333333,84414,5.2,27330.6,0.25,102,1424,96450.99,417771.99,2285,1146,676,2469
E06000011,East Riding of Yorkshire,2017Q2,161972,5.533333333,248589,5.966666667,153508.6667,5.3,122820.3333,4.6,87979.33333,7.433333333,27457.06667,0.25,103.1666667,1673,159168.99,725610,2417,1335,542,2187
E06000011,East Riding of Yorkshire,2017Q3,165667.3333,5.666666667,253554.3333,5.9,157232.6667,5.666666667,125854,4.9,89991.33333,7.566666667,27709.40667,0.25,103.7,1867,257796.99,563834.01,2933,1351,609,2041.98
E06000011,East Riding of Yorkshire,2017Q4,165259.6667,5.4,253645.6667,5.366666667,156966,5.433333333,125225,5.266666667,88841.66667,5.866666667,28024.08667,0.416666667,104.5666667,1869,98865.99,388368,2619,1367,629,1866
E06000011,East Riding of Yorkshire,2018Q1,165110.6667,5.233333333,253708.6667,5.066666667,156961.6667,5.533333333,124938.6667,5.1,88180,4.5,28337.62333,0.5,104.7666667,1326,97074.99,416469,2531,1364,772,2325.99
E06000011,East Riding of Yorkshire,2018Q2,166624,2.866666667,255917.3333,2.966666667,158661,3.366666667,126416.6667,2.933333333,87596,-0.433333333,28647.72333,0.5,105.6666667,1737,172416.99,764279.01,2757,1535,1183,2382
E06000011,East Riding of Yorkshire,2018Q3,168335.6667,1.6,258593.3333,1.966666667,160391.6667,1.966666667,127585.3333,1.366666667,88433,-1.733333333,29035.94,0.666666667,106.3,1815,284828.01,624605.01,2676,1553,1296,2611.98
E06000011,East Riding of Yorkshire,2018Q4,170169.3333,2.933333333,261761.6667,3.2,162234,3.333333333,128654.3333,2.733333333,89238.33333,0.433333333,29461.12333,0.75,106.9333333,1898,108036,434286,2468,1439,1374,2776.98
E06000011,East Riding of Yorkshire,2019Q1,168436,2,259794.6667,2.4,160479.6667,2.233333333,126924,1.6,88327.66667,0.166666667,29884.76,0.75,106.7,1422,112719,453599.01,2486,1381,1335,3853.98
E06000011,East Riding of Yorkshire,2019Q2,170934.6667,2.6,262809.6667,2.7,163129,2.8,129307.3333,2.3,89195.33333,1.8,30303.75667,0.75,107.8,1569,193596.99,792681.99,2642,1579,1328,3580.02
E06000011,East Riding of Yorkshire,2019Q3,172136.6667,2.266666667,264405.3333,2.233333333,164081,2.3,130639,2.4,89820,1.566666667,30649.5,0.75,108.2666667,1794,321639.99,689672.01,2422,1675,1418,3656.01
E06000011,East Riding of Yorkshire,2019Q4,171901.3333,1.033333333,263876.6667,0.8,164261.3333,1.266666667,130204,1.2,89473,0.266666667,30955.30667,0.75,108.4333333,1799,130221.99,477507.99,2265,1541,1214,3990
E06000011,East Riding of Yorkshire,2020Q1,171414.6667,1.8,263444.6667,1.4,163862.3333,2.133333333,129805.3333,2.266666667,88498.33333,0.2,31261.11333,0.533333333,108.4666667,1358,108819,364535.01,2236,1372,1262,4024.02
E06000011,East Riding of Yorkshire,2020Q2,172690.3333,1,265932.3333,1.166666667,164990.6667,1.133333333,130828.3333,1.2,88249,-1.066666667,31564.69333,0.1,108.5333333,773,9206.01,6153.99,1462,1094,1425,1573.02
E06000011,East Riding of Yorkshire,2020Q3,175010,1.666666667,269149.6667,1.8,167528.3333,2.1,132598.6667,1.5,89073.33333,-0.833333333,31445.56333,0.1,108.9333333,1394,188156.01,63846.99,2029,1539,1900,1110
E06000011,East Riding of Yorkshire,2020Q4,181984.3333,5.866666667,281030,6.533333333,173822,5.833333333,137914,5.933333333,91407.66667,2.166666667,31112.79667,0.1,109.0666667,2083,154866.99,66060,1706,1098,1572,2266.02
E06000011,East Riding of Yorkshire,2021Q1,188455.3333,9.966666667,288083.3333,9.333333333,180097.3333,9.933333333,144102,11.03333333,97184.33333,9.8,30781.24667,0.1,109.1666667,2186,132414,37779.99,1450,1061,1411,3291
E06000011,East Riding of Yorkshire,2021Q2,189444,9.733333333,288440.3333,8.5,180791.6667,9.6,145733.6667,11.43333333,98649,11.76666667,30453.32333,0.1,110.7333333,2251,155789.01,49665,1761,1467,1825,3336
E06000011,East Riding of Yorkshire,2021Q3,192350.6667,9.9,292658.6667,8.766666667,183957.3333,9.8,147888.3333,11.53333333,99520.66667,11.73333333,30718.02667,0.1,111.9333333,2236,397026.99,105240.99,1768,1496,1703,3003.99
E06000011,East Riding of Yorkshire,2021Q4,196535.6667,8,301695,7.366666667,187593.3333,7.933333333,149847,8.666666667,99978,9.4,31283.09333,0.15,114.4,1689,212738.01,209291.01,1892,1456,1442,3322.02
E06000011,East Riding of Yorkshire,2022Q1,200194.3333,6.266666667,307090,6.6,191400.6667,6.3,152691,5.966666667,101125,4.066666667,31846.11,0.5,115.9333333,1566,231531.99,244452,1858,1412,1526,3880.98
E06000011,East Riding of Yorkshire,2022Q2,201536.3333,6.366666667,308366.3333,6.933333333,192870.6667,6.666666667,154374,5.933333333,101323,2.733333333,32402.95667,1,120.8666667,1649,320414.01,366537,1641,1284,1370,3633
E06000011,East Riding of Yorkshire,2022Q3,209052.3333,8.7,318939.6667,8.966666667,200337.3333,8.933333333,160905.3333,8.8,104323.6667,4.833333333,32684.25,1.75,123.1333333,1959,580814.01,433932.99,1723,1152,1424,4697.01
E06000011,East Riding of Yorkshire,2022Q4,211325.3333,7.533333333,323415.6667,7.2,202220.6667,7.8,162324.3333,8.333333333,104790,4.8,32822.88333,2.916666667,126.7,1931,294774.99,351239.01,1589,1213,1437,5063.01
E06000011,East Riding of Yorkshire,2023Q1,210999.6667,5.4,323811.3333,5.433333333,202096.6667,5.6,161155.6667,5.566666667,104296.6667,3.1,32961.01,3.916666667,127.7333333,1251,297594.99,399660.99,1753,1254,1803,4217.01
E06000011,East Riding of Yorkshire,2023Q2,206879,2.633333333,317939,3.1,198319.6667,2.833333333,157358.3333,1.933333333,102164.6667,0.833333333,33097.62333,4.583333333,131.0666667,1323,295668,630632.01,1760,1335,1918,6334.02
E06000011,East Riding of Yorkshire,2023Q3,211982,1.4,324517.6667,1.733333333,203272.6667,1.466666667,162283.3333,0.866666667,104013,-0.3,33727.83333,5.166666667,131.4,1459,573971.01,532428,1946,1476,1747,22484.01
E06000011,East Riding of Yorkshire,2023Q4,209528.3333,-0.833333333,320658.3333,-0.833333333,201018.6667,-0.6,160290.3333,-1.233333333,102965.3333,-1.733333333,34605.18,5.25,131.9666667,1337,265236.99,392259.99,1752,1375,1602,28443
E06000011,East Riding of Yorkshire,2024Q1,206228.6667,-2.266666667,315144.6667,-2.666666667,197956,-2.066666667,157870,-2,101611.3333,-2.6,35482.52,5.25,132.2666667,1172,229845.99,454544.01,1595,1419,1563,10417.02
E06000011,East Riding of Yorkshire,2024Q2,207882.6667,0.5,315824.3333,-0.666666667,199686.6667,0.7,159940,1.666666667,103482.3333,1.3,36353.49,5.25,133.8333333,1422,204254.01,728825.01,1733,1361,1693,5466
E06000011,East Riding of Yorkshire,2024Q3,210123.3333,-0.866666667,318671.3333,-1.833333333,201845,-0.733333333,162544.3333,0.133333333,103554,-0.433333333,36805.43333,5.083333333,134.1,1673,388326.99,555722.01,1854,1450,1598,8415.99
E06000011,East Riding of Yorkshire,2024Q4,210459,0.433333333,320667.6667,0,202179.3333,0.566666667,162028.6667,1.066666667,102804.6667,-0.133333333,37043.51667,4.833333333,135.2333333,1712,145505.01,420449.01,1633,1209,1449,16455
E06000011,East Riding of Yorkshire,2025Q1,215094,4.3,328083,4.1,206831.6667,4.5,165526.3333,4.833333333,104255.6667,2.6,37280.73,4.583333333,135.9666667,1719,151643.01,452067.99,1559,1241,1469,16068
E06000011,East Riding of Yorkshire,2025Q2,214240,3.1,327155,3.6,206447,3.366666667,164621,2.933333333,102383.3333,-1.066666667,37515.35,4.333333333,138.5,1127,185370,790707.99,1602,1410,1658,12370.02
E06000011,East Riding of Yorkshire,2025Q3,217806.3333,3.666666667,332046.3333,4.2,210449.6667,4.266666667,167780.3333,3.233333333,102390.3333,-1.133333333,37595,4.083333333,139.2,1281,376097.01,568923.99,1526,1454,1741,13254.99
E06000011,East Riding of Yorkshire,2025Q4,219880,4.466666667,335341.3333,4.566666667,212851.6667,5.266666667,169117.6667,4.366666667,102456,-0.333333333,37595,3.916666667,139.8,1230,116405.01,429636,1489,1336,1580,13194
E07000244,East Suffolk,2015Q2,198329.3333,7.666666667,291705.3333,8.2,184846.3333,7.666666667,140909.6667,7.133333333,121136,6.9,31394,0.5,100.0666667,1135,124947,668316,0,1,0,3248.01
E07000244,East Suffolk,2015Q3,203441,7.033333333,299151.6667,7.6,189776,7.2,144699,6.166666667,123555.3333,7.066666667,31394,0.5,100.1666667,1341,240512.01,539514.99,1,0,1,3229.98
E07000244,East Suffolk,2015Q4,205240.6667,5.066666667,302457.6667,5.633333333,191485,5.233333333,145963.6667,4.266666667,123237,4.233333333,31394,0.5,100.3,1345,95876.01,339126.99,897,672,350,3192.99
E07000244,East Suffolk,2016Q1,206939.3333,7,306087.6667,7.766666667,192818.3333,6.966666667,146047.6667,5.966666667,126110.6667,7.033333333,31394,0.5,99.83333333,1268,89624.01,356235.99,1589,719,498,2772
E07000244,East Suffolk,2016Q2,208715.6667,5.266666667,307215.6667,5.366666667,194346.3333,5.166666667,148560,5.433333333,126473.3333,4.433333333,31394,0.5,100.4,988,147306.99,652428.99,1638,807,562,2474.01
E07000244,East Suffolk,2016Q3,216017,6.166666667,317856,6.233333333,201348,6.066666667,153578.3333,6.133333333,131282,6.266666667,31394,0.333333333,100.8666667,1266,245307,527103,1759,843,679,2117.01
E07000244,East Suffolk,2016Q4,219521,6.933333333,325137.6667,7.5,204595.3333,6.833333333,154478.6667,5.833333333,134220,8.9,31394,0.25,101.5,1213,94007.01,366960,1647,941,702,2580.99
E07000244,East Suffolk,2017Q1,221171.6667,6.866666667,328148.3333,7.2,205731.6667,6.7,155378.3333,6.4,135635.6667,7.566666667,31394,0.25,102,1025,96450.99,417771.99,1607,989,761,2469
E07000244,East Suffolk,2017Q2,225272.6667,7.933333333,333001.3333,8.4,209847.6667,7.966666667,158483.3333,6.7,139089.3333,9.933333333,31394,0.25,103.1666667,1065,159168.99,725610,1923,1132,889,2187
E07000244,East Suffolk,2017Q3,230393.3333,6.666666667,339319.6667,6.766666667,214808.3333,6.7,162882.6667,6.066666667,141842.6667,8.033333333,31394,0.25,103.7,1330,257796.99,563834.01,2011,1165,939,2041.98
E07000244,East Suffolk,2017Q4,232587.3333,5.966666667,344163.3333,5.833333333,217320.6667,6.233333333,163223,5.666666667,142884,6.466666667,31394,0.416666667,104.5666667,1227,98865.99,388368,1932,1129,801,1866
E07000244,East Suffolk,2018Q1,231276,4.566666667,342709.3333,4.433333333,216252,5.133333333,162250.6667,4.433333333,141089.6667,4.033333333,31394,0.5,104.7666667,903,97074.99,416469,1618,1006,865,2325.99
E07000244,East Suffolk,2018Q2,232548.3333,3.233333333,344224.6667,3.366666667,217520.3333,3.666666667,164067,3.5,139880.3333,0.566666667,31394,0.5,105.6666667,1017,172416.99,764279.01,1646,1182,931,2382
E07000244,East Suffolk,2018Q3,240601.6667,4.466666667,356589.6667,5.1,225407.6667,4.966666667,169096.6667,3.833333333,144887,2.166666667,31394,0.666666667,106.3,1196,284828.01,624605.01,1669,1298,1045,2611.98
E07000244,East Suffolk,2018Q4,241371.6667,3.766666667,358444.3333,4.166666667,226252,4.1,168958,3.533333333,145503.6667,1.866666667,31394,0.75,106.9333333,1157,108036,434286,1598,1160,841,2776.98
E07000244,East Suffolk,2019Q1,237698.3333,2.8,352106.3333,2.733333333,222959.3333,3.1,168014,3.566666667,139625,-1.066666667,31394,0.75,106.7,895,112719,453599.01,1415,1263,934,3853.98
E07000244,East Suffolk,2019Q2,233220.3333,0.3,341404,-0.8,219821,1.066666667,168734.6667,2.833333333,131429.6667,-6,31394,0.75,107.8,1001,193596.99,792681.99,1666,1300,920,3580.02
E07000244,East Suffolk,2019Q3,239369,-0.5,349692.6667,-1.933333333,225356.6667,-0.033333333,173829.3333,2.8,134924,-6.866666667,31394,0.75,108.2666667,1104,321639.99,689672.01,1744,1451,1125,3656.01
E07000244,East Suffolk,2019Q4,240902.3333,-0.2,352140.3333,-1.766666667,227458.6667,0.566666667,174552,3.333333333,135315,-7,31394,0.75,108.4333333,1101,130221.99,477507.99,1375,1270,991,3990
E07000244,East Suffolk,2020Q1,239517,0.766666667,350907,-0.333333333,226076.3333,1.366666667,173472.3333,3.266666667,133398.6667,-4.433333333,31394,0.533333333,108.4666667,876,108819,364535.01,1502,1260,999,4024.02
E07000244,East Suffolk,2020Q2,238462.6667,2.266666667,349716,2.433333333,224897.3333,2.3,172993,2.533333333,131685.3333,0.2,31394,0.1,108.5333333,527,9206.01,6153.99,1185,1095,1139,1573.02
E07000244,East Suffolk,2020Q3,247109,3.233333333,362356.3333,3.633333333,233402.3333,3.566666667,179211.3333,3.133333333,135859.6667,0.666666667,31394,0.1,108.9333333,935,188156.01,63846.99,1339,1443,1285,1110
E07000244,East Suffolk,2020Q4,256494.6667,6.466666667,378019.3333,7.333333333,241437.6667,6.166666667,185889.3333,6.466666667,139266.3333,2.933333333,31394,0.1,109.0666667,1371,154866.99,66060,1276,1230,1121,2266.02
E07000244,East Suffolk,2021Q1,255292.3333,6.566666667,372946.3333,6.266666667,240028.6667,6.166666667,186541,7.566666667,141911.3333,6.433333333,31394,0.1,109.1666667,1518,132414,37779.99,1048,1022,989,3291
E07000244,East Suffolk,2021Q2,259413,8.766666667,376810.3333,7.733333333,243484.3333,8.266666667,190910.6667,10.36666667,145630,10.6,31394,0.1,110.7333333,1542,155789.01,49665,1338,1375,1214,3336
E07000244,East Suffolk,2021Q3,259267.6667,4.9,376694,3.966666667,243894,4.5,190623.3333,6.366666667,144524.6667,6.4,31394,0.1,111.9333333,1376,397026.99,105240.99,1479,1351,1347,3003.99
E07000244,East Suffolk,2021Q4,272660.3333,6.333333333,400785,6.033333333,255712.6667,5.9,198424.3333,6.733333333,149552.6667,7.366666667,31394,0.15,114.4,961,212738.01,209291.01,1507,1448,1167,3322.02
E07000244,East Suffolk,2022Q1,278165.6667,8.966666667,408732,9.6,261273.6667,8.833333333,202482,8.566666667,151704.3333,6.933333333,31394,0.5,115.9333333,949,231531.99,244452,1352,1283,1154,3880.98
E07000244,East Suffolk,2022Q2,287615,10.9,421617,11.9,270449.6667,11.1,210166.3333,10.06666667,156235.6667,7.3,31394,1,120.8666667,1078,320414.01,366537,1412,1480,1193,3633
E07000244,East Suffolk,2022Q3,297977.6667,14.93333333,435526.3333,15.6,280573.3333,15.06666667,218877.6667,14.83333333,160713.6667,11.2,31841.55667,1.75,123.1333333,1166,580814.01,433932.99,1234,1570,1168,4697.01
E07000244,East Suffolk,2022Q4,301033.6667,10.4,441265.6667,10.13333333,283034.3333,10.66666667,220686.3333,11.23333333,161380,7.933333333,32514.11333,2.916666667,126.7,1137,294774.99,351239.01,1071,1365,1065,5063.01
E07000244,East Suffolk,2023Q1,297506.6667,6.966666667,437205,7,280127.6667,7.266666667,217024.6667,7.166666667,158953.3333,4.766666667,33184.22667,3.916666667,127.7333333,827,297594.99,399660.99,1215,1256,985,4217.01
E07000244,East Suffolk,2023Q2,283778.6667,-1.266666667,417778.6667,-0.9,267373,-1.1,206173.3333,-1.866666667,151660.6667,-2.9,33846.99667,4.583333333,131.0666667,764,295668,630632.01,1346,1362,885,6334.02
E07000244,East Suffolk,2023Q3,289929.3333,-2.7,425002.6667,-2.433333333,273414,-2.566666667,212069,-3.1,154242.3333,-4.033333333,34148,5.166666667,131.4,827,573971.01,532428,1297,1382,922,22484.01
E07000244,East Suffolk,2023Q4,291159.3333,-3.266666667,426453.3333,-3.366666667,274741,-2.9,213015.3333,-3.466666667,155097,-3.9,34262.20667,5.25,131.9666667,827,265236.99,392259.99,1237,1302,826,28443
E07000244,East Suffolk,2024Q1,288991.6667,-2.866666667,422694.3333,-3.3,272902.3333,-2.566666667,211476,-2.533333333,154534,-2.766666667,34376.41667,5.25,132.2666667,722,229845.99,454544.01,1256,1230,785,10417.02
E07000244,East Suffolk,2024Q2,282206.3333,-0.566666667,410770,-1.666666667,266578.6667,-0.3,207377.6667,0.6,152319.3333,0.433333333,34489.79333,5.25,133.8333333,838,204254.01,728825.01,1411,1279,761,5466
E07000244,East Suffolk,2024Q3,287905,-0.7,418657.6667,-1.5,271702.6667,-0.6,212775.6667,0.333333333,153610.6667,-0.4,34906.53,5.083333333,134.1,1032,388326.99,555722.01,1255,1290,779,8415.99
E07000244,East Suffolk,2024Q4,285396.3333,-2,416597,-2.3,269408,-1.933333333,210199.6667,-1.3,150980.6667,-2.633333333,35475.37,4.833333333,135.2333333,1055,145505.01,420449.01,1178,1228,640,16455
E07000244,East Suffolk,2025Q1,283537,-1.9,413561,-2.166666667,268331.3333,-1.666666667,209112,-1.1,148762.3333,-3.733333333,36042.13667,4.583333333,135.9666667,1115,151643.01,452067.99,1181,1067,647,16068
E07000244,East Suffolk,2025Q2,279000.3333,-1.1,407018,-0.933333333,264939,-0.6,205620.3333,-0.833333333,144810,-4.933333333,36602.7,4.333333333,138.5,639,185370,790707.99,1198,1238,672,12370.02
E07000244,East Suffolk,2025Q3,287605,-0.1,418780,0.066666667,273941,0.833333333,212668.6667,0,147161.3333,-4.2,36793,4.083333333,139.2,795,376097.01,568923.99,1226,1273,699,13254.99
E07000244,East Suffolk,2025Q4,287558,0.766666667,417802.6667,0.3,274758.6667,2,212633.6667,1.166666667,147059,-2.6,36793,3.916666667,139.8,837,116405.01,429636,1155,1218,707,13194
E08000034,Kirklees,2015Q2,126555.6667,3.466666667,216697.3333,4.233333333,131649.3333,3.7,100887.3333,2.933333333,83640.33333,3,25023.78333,0.5,100.0666667,1402,124947,668316,4873,1805,1063,3248.01
E08000034,Kirklees,2015Q3,130199.3333,3.533333333,222576,4.066666667,135584.6667,3.9,103934.6667,3.066666667,85339,2.933333333,25099,0.5,100.1666667,1567,240512.01,539514.99,4927,1931,1125,3229.98
E08000034,Kirklees,2015Q4,131168,4.333333333,225574.3333,5.166666667,136548.3333,4.666666667,104461.3333,3.9,85564.33333,3,25249.27333,0.5,100.3,1735,95876.01,339126.99,4783,1822,972,3192.99
E08000034,Kirklees,2016Q1,132031,6.233333333,226848.6667,6.733333333,137728.3333,6.6,105039,5.9,86125,4.3,25399.54667,0.5,99.83333333,1582,89624.01,356235.99,4948,1790,1238,2772
E08000034,Kirklees,2016Q2,132743.3333,4.9,227296.6667,4.866666667,138152.3333,4.933333333,105916.3333,5,87007.66667,4,25548.72667,0.5,100.4,1333,147306.99,652428.99,5083,2094,1575,2474.01
E08000034,Kirklees,2016Q3,134636.3333,3.4,230404.6667,3.533333333,139983,3.266666667,107527,3.466666667,88332.33333,3.5,25719.16333,0.333333333,100.8666667,1681,245307,527103,5432,2208,1842,2117.01
E08000034,Kirklees,2016Q4,134316.6667,2.4,231833.6667,2.8,139934.6667,2.466666667,106518.6667,1.966666667,88517.33333,3.433333333,25899.73,0.25,101.5,1591,94007.01,366960,5661,2438,2162,2580.99
E08000034,Kirklees,2017Q1,133803.3333,1.333333333,231741,2.133333333,139236.6667,1.1,105877.6667,0.833333333,88828.66667,3.166666667,26079.64667,0.25,102,1380,96450.99,417771.99,4950,2340,1948,2469
E08000034,Kirklees,2017Q2,136974,3.166666667,236405.3333,4,142639,3.266666667,108383,2.3,91733,5.433333333,26257.59,0.25,103.1666667,1563,159168.99,725610,5043,2675,2262,2187
E08000034,Kirklees,2017Q3,138769.6667,3.033333333,238501.6667,3.533333333,144533.6667,3.266666667,110052.6667,2.333333333,92921.66667,5.2,26461.39,0.25,103.7,1682,257796.99,563834.01,5058,2838,2235,2041.98
E08000034,Kirklees,2017Q4,141673.6667,5.5,244490,5.466666667,147776.6667,5.6,112146,5.3,93974.33333,6.2,26676.87,0.416666667,104.5666667,1685,98865.99,388368,5630,2811,2388,1866
E08000034,Kirklees,2018Q1,140243,4.8,242444.6667,4.6,146567,5.3,110816.6667,4.666666667,92704,4.366666667,26891.57,0.5,104.7666667,1322,97074.99,416469,4899,2742,2598,2325.99
E08000034,Kirklees,2018Q2,141166.6667,3.1,243810,3.1,147532.6667,3.433333333,111919,3.266666667,92052,0.333333333,27103.91333,0.5,105.6666667,1480,172416.99,764279.01,4834,3156,2878,2382
E08000034,Kirklees,2018Q3,144862.6667,4.4,250362,4.966666667,151539.3333,4.833333333,114754.6667,4.266666667,94246.66667,1.433333333,27223.13,0.666666667,106.3,1727,284828.01,624605.01,5047,3105,3179,2611.98
E08000034,Kirklees,2018Q4,145056.6667,2.4,251146.6667,2.733333333,151877,2.766666667,114760,2.366666667,94045.66667,0.066666667,27293.95333,0.75,106.9333333,1791,108036,434286,5393,3242,3384,2776.98
E08000034,Kirklees,2019Q1,142948,1.9,248466.6667,2.5,149884,2.3,112686,1.7,92569,-0.133333333,27364.51667,0.75,106.7,1371,112719,453599.01,5213,3020,3592,3853.98
E08000034,Kirklees,2019Q2,142765.3333,1.133333333,247251.6667,1.433333333,149776,1.5,112830.6667,0.833333333,91872.33333,-0.2,27434.30667,0.75,107.8,1563,193596.99,792681.99,4965,3213,3666,3580.02
E08000034,Kirklees,2019Q3,147535.6667,1.833333333,255005.3333,1.866666667,154534.6667,2,116899,1.866666667,94921.66667,0.733333333,27690.16667,0.75,108.2666667,1696,321639.99,689672.01,5018,3249,3766,3656.01
E08000034,Kirklees,2019Q4,147337.6667,1.566666667,254563.3333,1.366666667,154729,1.866666667,116603.6667,1.6,94323.66667,0.333333333,28039.05,0.75,108.4333333,1676,130221.99,477507.99,4796,3189,3631,3990
E08000034,Kirklees,2020Q1,148362.6667,3.766666667,256676,3.3,156039.3333,4.1,117352,4.133333333,94027.33333,1.6,28387.93667,0.533333333,108.4666667,1279,108819,364535.01,4433,3055,3632,4024.02
E08000034,Kirklees,2020Q2,144173,1,249917.6667,1.066666667,151661,1.266666667,114080.3333,1.133333333,90391.66667,-1.633333333,28734.28,0.1,108.5333333,877,9206.01,6153.99,2914,2787,3948,1573.02
E08000034,Kirklees,2020Q3,150768,2.2,261053.3333,2.366666667,158859.3333,2.766666667,119255,2,94350.66667,-0.6,28680.70333,0.1,108.9333333,1346,188156.01,63846.99,3359,3028,4222,1110
E08000034,Kirklees,2020Q4,156757,6.366666667,272420,7,164716.3333,6.433333333,124283.6667,6.6,96652.66667,2.466666667,28424.78667,0.1,109.0666667,1976,154866.99,66060,3476,2744,3668,2266.02
E08000034,Kirklees,2021Q1,162208.3333,9.333333333,278163.6667,8.366666667,170129,9,129569,10.4,101782.3333,8.266666667,28169.80333,0.1,109.1666667,1914,132414,37779.99,2957,2438,4003,3291
E08000034,Kirklees,2021Q2,164705.6667,14.26666667,280569.3333,12.26666667,172324,13.6,132245,15.93333333,104160,15.2,27917.61667,0.1,110.7333333,2009,155789.01,49665,3157,3256,4817,3336
E08000034,Kirklees,2021Q3,167749,11.3,285280,9.333333333,175877.3333,10.76666667,134798.3333,13.06666667,105016,11.33333333,28396.71,0.1,111.9333333,2008,397026.99,105240.99,3321,3230,4625,3003.99
E08000034,Kirklees,2021Q4,171407.6667,9.333333333,295095.6667,8.333333333,179873.6667,9.2,136746,10.03333333,106041,9.733333333,29245.31667,0.15,114.4,1555,212738.01,209291.01,3704,3251,4754,3322.02
E08000034,Kirklees,2022Q1,173698,7.1,298555,7.333333333,182663.6667,7.366666667,138597,7,106768,4.933333333,30090.84,0.5,115.9333333,1384,231531.99,244452,3404,3204,4565,3880.98
E08000034,Kirklees,2022Q2,178194.6667,8.2,305407.6667,8.833333333,187482,8.8,142480.3333,7.733333333,109104,4.733333333,30927.10333,1,120.8666667,1525,320414.01,366537,3818,3545,5018,3633
E08000034,Kirklees,2022Q3,184954,10.26666667,315693.6667,10.7,194714,10.7,148384,10.1,112325.3333,6.966666667,31478.73,1.75,123.1333333,1707,580814.01,433932.99,3836,3374,5035,4697.01
E08000034,Kirklees,2022Q4,189650.6667,10.66666667,324525.3333,10,199479.6667,10.86666667,152112.6667,11.23333333,114551.3333,8.033333333,31881.05667,2.916666667,126.7,1593,294774.99,351239.01,3730,3193,4426,5063.01
E08000034,Kirklees,2023Q1,186075.3333,7.133333333,320106,7.233333333,196175,7.366666667,148475.3333,7.1,112217,5.133333333,32281.92667,3.916666667,127.7333333,1197,297594.99,399660.99,4115,3218,4665,4217.01
E08000034,Kirklees,2023Q2,182387.3333,2.4,315096,3.166666667,192569.6667,2.733333333,144953.6667,1.733333333,109984.6667,0.8,32678.40333,4.583333333,131.0666667,1200,295668,630632.01,4132,3514,4778,6334.02
E08000034,Kirklees,2023Q3,184787.3333,-0.1,317056,0.433333333,194936.6667,0.133333333,147614.3333,-0.533333333,110687.3333,-1.466666667,33071,5.166666667,131.4,1275,573971.01,532428,3862,3234,4304,22484.01
E08000034,Kirklees,2023Q4,188418.3333,-0.666666667,322978,-0.466666667,198741,-0.4,150603,-1,112852,-1.5,33458.70333,5.25,131.9666667,1307,265236.99,392259.99,3605,2902,3732,28443
E08000034,Kirklees,2024Q1,184945.3333,-0.6,316696.3333,-1.1,195202.6667,-0.5,147804.3333,-0.433333333,111003.6667,-1.066666667,33846.41,5.25,132.2666667,1002,229845.99,454544.01,3541,2858,3623,10417.02
E08000034,Kirklees,2024Q2,186205.3333,2.1,316661,0.533333333,196429,2,149241.6667,2.966666667,112784,2.533333333,34231.29667,5.25,133.8333333,1241,204254.01,728825.01,3745,3201,3806,5466
E08000034,Kirklees,2024Q3,192854,4.333333333,327143.3333,3.166666667,203250,4.266666667,155171.3333,5.1,115477.6667,4.366666667,34612.68667,5.083333333,134.1,1521,388326.99,555722.01,3628,3169,4026,8415.99
E08000034,Kirklees,2024Q4,194970.6667,3.466666667,332398,2.9,205565,3.466666667,156584.3333,3.966666667,115798.3333,2.6,34990.90667,4.833333333,135.2333333,1773,145505.01,420449.01,3266,2988,3542,16455
E08000034,Kirklees,2025Q1,197903.3333,7,337625.3333,6.633333333,209083.6667,7.133333333,158868.3333,7.5,116529.6667,5,35367.75333,4.583333333,135.9666667,1566,151643.01,452067.99,3121,2846,3652,16068
E08000034,Kirklees,2025Q2,197186.3333,5.9,336937,6.4,209003.6667,6.433333333,157918.6667,5.833333333,115025,2.033333333,35740.46667,4.333333333,138.5,925,185370,790707.99,3274,3076,4122,12370.02
E08000034,Kirklees,2025Q3,200291,3.833333333,341114.6667,4.266666667,212767.3333,4.7,160744.3333,3.6,115060,-0.366666667,35867,4.083333333,139.2,1139,376097.01,568923.99,3276,3050,3976,13254.99
E08000034,Kirklees,2025Q4,204707,5,347420.6667,4.5,217803.6667,5.966666667,164554.3333,5.066666667,116808,0.9,35867,3.916666667,139.8,1143,116405.01,429636,3401,2707,3429,13194
E08000035,Leeds,2015Q2,147791.3333,4.5,271028.3333,4.966666667,156798.3333,4.7,119928,4.1,103471,4.166666667,26316.86667,0.5,100.0666667,3063,124947,668316,11638,3896,2403,3248.01
E08000035,Leeds,2015Q3,153070.6667,5.033333333,280024.6667,5.366666667,162696.6667,5.366666667,124455,4.733333333,106517.6667,4.766666667,26580,0.5,100.1666667,3385,240512.01,539514.99,11572,3948,2635,3229.98
E08000035,Leeds,2015Q4,156237.6667,6.366666667,287892.3333,7.133333333,166221,6.7,126708.3333,6.1,108210,5.6,26951.17333,0.5,100.3,3399,95876.01,339126.99,12504,4261,2718,3192.99
E08000035,Leeds,2016Q1,156192,7.133333333,287466.6667,7.6,166508,7.733333333,126538,7,108041,5.633333333,27322.35,0.5,99.83333333,3334,89624.01,356235.99,11795,4476,3398,2772
E08000035,Leeds,2016Q2,158831.6667,7.466666667,291282.6667,7.466666667,168729,7.6,129019.3333,7.566666667,110596.6667,6.866666667,27690.82667,0.5,100.4,2756,147306.99,652428.99,11910,4780,3920,2474.01
E08000035,Leeds,2016Q3,165272,7.966666667,302438.6667,8,175385.6667,7.8,134371.6667,8,115421.6667,8.366666667,27815.50333,0.333333333,100.8666667,3547,245307,527103,13001,4942,4273,2117.01
E08000035,Leeds,2016Q4,164530.6667,5.3,303797,5.5,174911.3333,5.233333333,132680.3333,4.7,115349.6667,6.633333333,27816.25333,0.25,101.5,3154,94007.01,366960,13424,5330,4072,2580.99
E08000035,Leeds,2017Q1,164571.3333,5.366666667,304782.6667,6.033333333,174429.3333,4.766666667,132543.6667,4.733333333,116113.6667,7.466666667,27817.00333,0.25,102,2881,96450.99,417771.99,13399,5258,4210,2469
E08000035,Leeds,2017Q2,166743.6667,5.033333333,307316.6667,5.533333333,176604.3333,4.666666667,134293,4.1,118370.3333,7.066666667,27817.75,0.25,103.1666667,3228,159168.99,725610,12781,5935,4501,2187
E08000035,Leeds,2017Q3,171593.6667,3.833333333,314672.6667,4.066666667,181928.3333,3.7,138504,3.066666667,121614.3333,5.366666667,27855.43667,0.25,103.7,3339,257796.99,563834.01,13374,5890,4594,2041.98
E08000035,Leeds,2017Q4,172188.3333,4.633333333,317642.6667,4.566666667,183127.6667,4.7,138711.6667,4.533333333,121002.6667,4.933333333,27911.69333,0.416666667,104.5666667,3334,98865.99,388368,13773,6313,4922,1866
E08000035,Leeds,2018Q1,173798.6667,5.6,321051.6667,5.3,185205.6667,6.2,139899.3333,5.566666667,121704.3333,4.8,27967.74333,0.5,104.7666667,2685,97074.99,416469,12883,6367,5280,2325.99
E08000035,Leeds,2018Q2,174876.6667,4.866666667,323227.6667,5.2,186716.6667,5.733333333,141324,5.233333333,121159,2.366666667,28023.18,0.5,105.6666667,3157,172416.99,764279.01,13227,7016,5977,2382
E08000035,Leeds,2018Q3,179048.6667,4.333333333,331646.3333,5.4,191349.6667,5.2,144583.3333,4.366666667,123719.3333,1.733333333,28186.73,0.666666667,106.3,3289,284828.01,624605.01,13296,6980,6590,2611.98
E08000035,Leeds,2018Q4,177863,3.3,330476.3333,4.066666667,190262,3.9,143493,3.433333333,122489.6667,1.233333333,28404.22,0.75,106.9333333,3277,108036,434286,13100,7175,6846,2776.98
E08000035,Leeds,2019Q1,178289.3333,2.566666667,332194.6667,3.466666667,191168.6667,3.233333333,143334.6667,2.433333333,122570,0.7,28620.91667,0.75,106.7,2803,112719,453599.01,12492,6864,6784,3853.98
E08000035,Leeds,2019Q2,178303,1.933333333,330727.6667,2.333333333,191373.6667,2.5,143869.6667,1.833333333,122036,0.7,28835.24,0.75,107.8,2897,193596.99,792681.99,11791,6936,7102,3580.02
E08000035,Leeds,2019Q3,182931.6667,2.166666667,338625,2.1,196060.6667,2.466666667,148074,2.4,125146.6667,1.166666667,29131.5,0.75,108.2666667,3255,321639.99,689672.01,12528,6874,7525,3656.01
E08000035,Leeds,2019Q4,184675.3333,3.833333333,342534,3.666666667,198644.6667,4.433333333,149316,4.066666667,125302.3333,2.3,29467.36,0.75,108.4333333,3198,130221.99,477507.99,12339,6885,7111,3990
E08000035,Leeds,2020Q1,183845.6667,3.133333333,341672.6667,2.866666667,198078.3333,3.633333333,148716,3.766666667,123904.3333,1.1,29803.22,0.533333333,108.4666667,2438,108819,364535.01,10809,6481,6731,4024.02
E08000035,Leeds,2020Q2,181423.3333,1.733333333,338735.3333,2.433333333,195584,2.2,146856.3333,2.066666667,121362.3333,-0.533333333,30136.64,0.1,108.5333333,1567,9206.01,6153.99,6952,5404,7631,1573.02
E08000035,Leeds,2020Q3,190626,4.2,354567,4.7,205739.3333,4.933333333,154342.6667,4.233333333,127601.6667,1.933333333,30341.08333,0.1,108.9333333,2509,188156.01,63846.99,9416,6557,8406,1110
E08000035,Leeds,2020Q4,197429.6667,6.9,369204,7.8,212796.6667,7.133333333,160280.3333,7.3,131188,4.7,30479.46333,0.1,109.0666667,3410,154866.99,66060,9027,5850,7689,2266.02
E08000035,Leeds,2021Q1,202111,9.933333333,371713,8.8,216947.6667,9.533333333,165173.6667,11.06666667,136395,10.1,30617.34,0.1,109.1666667,3737,132414,37779.99,7725,5394,8025,3291
E08000035,Leeds,2021Q2,202813.3333,11.76666667,370009.6667,9.233333333,216876.3333,10.9,166665.3333,13.46666667,137836.6667,13.56666667,30753.70667,0.1,110.7333333,3948,155789.01,49665,8603,7050,9205,3336
E08000035,Leeds,2021Q3,204692.6667,7.4,375034.6667,5.766666667,219404.3333,6.633333333,168033.6667,8.9,137748,7.966666667,31056.53,0.1,111.9333333,3445,397026.99,105240.99,9825,7459,9777,3003.99
E08000035,Leeds,2021Q4,205702.3333,4.2,381951.3333,3.466666667,221229.6667,4,167885,4.766666667,136469.6667,4.033333333,31442.03667,0.15,114.4,2526,212738.01,209291.01,10511,7576,9474,3322.02
E08000035,Leeds,2022Q1,213398.3333,5.6,395578,6.466666667,230054.3333,6.033333333,174322,5.533333333,140693,3.133333333,31826.13667,0.5,115.9333333,2682,231531.99,244452,10222,7267,9337,3880.98
E08000035,Leeds,2022Q2,218186,7.566666667,403372.6667,9.033333333,235286.6667,8.5,178794,7.3,143282.3333,3.966666667,32206.03333,1,120.8666667,2613,320414.01,366537,11557,7843,9911,3633
E08000035,Leeds,2022Q3,227473,11.13333333,418658,11.63333333,245626.6667,11.96666667,187253.3333,11.46666667,148152.6667,7.566666667,32597.72,1.75,123.1333333,3067,580814.01,433932.99,11403,7965,10425,4697.01
E08000035,Leeds,2022Q4,233247.3333,13.4,430629,12.76666667,251869,13.86666667,192046,14.36666667,151008.3333,10.66666667,32992.51333,2.916666667,126.7,3072,294774.99,351239.01,10976,7337,9082,5063.01
E08000035,Leeds,2023Q1,225995.3333,5.966666667,419290.3333,6,244322.3333,6.233333333,185187.3333,6.266666667,146354,4.066666667,33385.87333,3.916666667,127.7333333,2190,297594.99,399660.99,11040,7512,9477,4217.01
E08000035,Leeds,2023Q2,223400.6667,2.366666667,416371,3.233333333,241639.6667,2.7,182153.6667,1.866666667,145137.3333,1.3,33774.92333,4.583333333,131.0666667,2067,295668,630632.01,11160,7561,9391,6334.02
E08000035,Leeds,2023Q3,230528.3333,1.366666667,427311.3333,2.1,249200,1.466666667,189013.3333,0.966666667,149004.3333,0.6,34335.66667,5.166666667,131.4,2420,573971.01,532428,11494,7247,8746,22484.01
E08000035,Leeds,2023Q4,229177.6667,-1.766666667,424087.6667,-1.5,247778.3333,-1.633333333,188018,-2.1,148150,-1.9,34979.83667,5.25,131.9666667,2359,265236.99,392259.99,11471,7064,7457,28443
E08000035,Leeds,2024Q1,228587,1.166666667,422121,0.666666667,247175.3333,1.166666667,187572.3333,1.333333333,148026,1.133333333,35624.01,5.25,132.2666667,2016,229845.99,454544.01,10604,6463,7577,10417.02
E08000035,Leeds,2024Q2,225563.3333,0.966666667,413534.6667,-0.666666667,243471.6667,0.766666667,185538.3333,1.866666667,147256.3333,1.466666667,36263.49333,5.25,133.8333333,2457,204254.01,728825.01,11366,7162,7738,5466
E08000035,Leeds,2024Q3,233670.3333,1.366666667,427445.3333,0.033333333,252345.3333,1.266666667,193339,2.3,150848.6667,1.233333333,36518.61,5.083333333,134.1,2633,388326.99,555722.01,11557,6921,7528,8415.99
E08000035,Leeds,2024Q4,237783,3.733333333,437952.3333,3.3,257110,3.766666667,196341,4.433333333,152420.6667,2.9,36578.13,4.833333333,135.2333333,2957,145505.01,420449.01,10763,6977,7157,16455
E08000035,Leeds,2025Q1,237835.3333,4.066666667,437912,3.733333333,257664.3333,4.233333333,196751,4.866666667,151282.3333,2.2,36637.43,4.583333333,135.9666667,2857,151643.01,452067.99,9527,6666,7596,16068
E08000035,Leeds,2025Q2,238136.6667,5.6,440374,6.5,258620.6667,6.233333333,196659.6667,6,150151,1.966666667,36696.08667,4.333333333,138.5,1639,185370,790707.99,10385,7119,7807,12370.02
E08000035,Leeds,2025Q3,241932.3333,3.533333333,446291.3333,4.4,263513.3333,4.433333333,200396.3333,3.666666667,150705.3333,-0.066666667,36716,4.083333333,139.2,2214,376097.01,568923.99,10277,6997,8120,13254.99
E08000035,Leeds,2025Q4,245812.6667,3.366666667,451172,3,268236,4.333333333,204134,3.966666667,152484,0.066666667,36716,3.916666667,139.8,1980,116405.01,429636,9901,6608,7164,13194
E08000012,Liverpool,2015Q2,105003,1.833333333,214948.3333,2.433333333,127110.3333,2.2,94238.66667,1.5,84551,1.7,25722.75333,0.5,100.0666667,1444,124947,668316,6934,2369,1897,3248.01
E08000012,Liverpool,2015Q3,107069.6667,3.933333333,218370.3333,4.466666667,129747.3333,4.433333333,96354.33333,3.5,85606,3.966666667,25752.16667,0.5,100.1666667,1699,240512.01,539514.99,6654,2418,1902,3229.98
E08000012,Liverpool,2015Q4,107737.3333,2.866666667,221700.3333,3.766666667,130817.3333,3.4,96800.66667,2.5,85823,2.5,25812.52667,0.5,100.3,1618,95876.01,339126.99,7256,2648,2228,3192.99
E08000012,Liverpool,2016Q1,106009,2.333333333,217879.6667,2.733333333,129028,3.033333333,95183.33333,2.4,84351.66667,0.933333333,25872.88667,0.5,99.83333333,1654,89624.01,356235.99,6553,2359,2155,2772
E08000012,Liverpool,2016Q2,108762.3333,3.566666667,223276,3.866666667,132066.3333,3.866666667,97737.66667,3.733333333,86714.66667,2.566666667,25932.80667,0.5,100.4,1331,147306.99,652428.99,6593,2653,2480,2474.01
E08000012,Liverpool,2016Q3,110396,3.1,226265,3.666666667,133782,3.1,99215.66667,3,88343.66667,3.2,25963.69667,0.333333333,100.8666667,1693,245307,527103,6719,2604,2374,2117.01
E08000012,Liverpool,2016Q4,108798.3333,0.966666667,225628.6667,1.8,132454,1.266666667,97162.33333,0.366666667,87405.33333,1.833333333,25979.77,0.25,101.5,1769,94007.01,366960,7763,2872,2646,2580.99
E08000012,Liverpool,2017Q1,109787,3.6,228374,4.833333333,133286.3333,3.3,97910.66667,2.866666667,88729,5.2,25995.78333,0.25,102,1770,96450.99,417771.99,7634,2665,2733,2469
E08000012,Liverpool,2017Q2,111702.6667,2.7,230619,3.266666667,135262.6667,2.433333333,99511.33333,1.8,91160.66667,5.133333333,26011.62,0.25,103.1666667,1770,159168.99,725610,7992,3102,3017,2187
E08000012,Liverpool,2017Q3,117208.3333,6.133333333,240237.3333,6.166666667,141759,5.966666667,104708,5.533333333,95443,8.033333333,26132.15,0.25,103.7,1794,257796.99,563834.01,7387,3129,2961,2041.98
E08000012,Liverpool,2017Q4,117976,8.433333333,243904.3333,8.1,143378.3333,8.266666667,105230.6667,8.266666667,95401.33333,9.133333333,26305.18333,0.416666667,104.5666667,1805,98865.99,388368,8049,3255,3241,1866
E08000012,Liverpool,2018Q1,117225.3333,6.766666667,243351.6667,6.533333333,143071,7.333333333,104595,6.8,94134.66667,6.1,26477.59,0.5,104.7666667,1806,97074.99,416469,7237,3257,3409,2325.99
E08000012,Liverpool,2018Q2,115350.6667,3.233333333,239575.3333,3.866666667,141451.3333,4.6,103745.3333,4.233333333,91178.66667,0,26648.11,0.5,105.6666667,1795,172416.99,764279.01,6780,3914,4206,2382
E08000012,Liverpool,2018Q3,121840.6667,3.966666667,252881,5.266666667,149435.3333,5.4,109480.6667,4.566666667,96446.66667,1.066666667,27055.95667,0.666666667,106.3,1740,284828.01,624605.01,6798,3827,4349,2611.98
E08000012,Liverpool,2018Q4,123721,4.9,257922.3333,5.733333333,152031.3333,6.033333333,111245.6667,5.733333333,97524.33333,2.233333333,27581.84667,0.75,106.9333333,1973,108036,434286,7717,3876,4166,2776.98
E08000012,Liverpool,2019Q1,121931.6667,4,255922.3333,5.2,150156,4.933333333,109004.3333,4.2,96547.33333,2.6,28105.82667,0.75,106.7,1764,112719,453599.01,6222,3823,4171,3853.98
E08000012,Liverpool,2019Q2,119672,3.766666667,250393.3333,4.533333333,147350.3333,4.2,107249.3333,3.4,94459.66667,3.6,28624.06333,0.75,107.8,1598,193596.99,792681.99,6256,4050,4200,3580.02
E08000012,Liverpool,2019Q3,124989,2.566666667,260004.3333,2.833333333,153584,2.8,112524,2.766666667,98315.66667,1.933333333,29141.66667,0.75,108.2666667,1681,321639.99,689672.01,6076,3940,4710,3656.01
E08000012,Liverpool,2019Q4,122298,-1.166666667,255344.3333,-1.033333333,151275.6667,-0.533333333,110199.6667,-0.966666667,95281,-2.333333333,29655.1,0.75,108.4333333,1981,130221.99,477507.99,6995,4239,5002,3990
E08000012,Liverpool,2020Q1,118761.6667,-2.6,250418,-2.166666667,147500.3333,-1.766666667,107204,-1.633333333,91730,-5,30168.53333,0.533333333,108.4666667,1312,108819,364535.01,6117,3924,4770,4024.02
E08000012,Liverpool,2020Q2,123669.6667,3.366666667,263576.6667,5.266666667,154147.3333,4.6,111936.6667,4.366666667,94714,0.266666667,30678.23333,0.1,108.5333333,808,9206.01,6153.99,3821,3558,5122,1573.02
E08000012,Liverpool,2020Q3,130507.3333,4.4,277219.3333,6.633333333,162985.6667,6.1,118262.3333,5.1,99724.66667,1.433333333,30717.80667,0.1,108.9333333,1174,188156.01,63846.99,5214,4506,6072,1110
E08000012,Liverpool,2020Q4,134428.3333,10,288271,13,168289,11.3,122649.3333,11.4,101393.3333,6.533333333,30519.15333,0.1,109.0666667,1513,154866.99,66060,5184,3883,5017,2266.02
E08000012,Liverpool,2021Q1,142505.3333,20,298194.3333,19.13333333,176453.3333,19.66666667,130351,21.6,108710,18.46666667,30321.22333,0.1,109.1666667,1734,132414,37779.99,4381,3464,5444,3291
E08000012,Liverpool,2021Q2,146242.3333,18.26666667,301015.3333,14.2,179207.6667,16.23333333,134114.6667,19.8,112570,18.86666667,30125.45667,0.1,110.7333333,1690,155789.01,49665,5155,4866,6660,3336
E08000012,Liverpool,2021Q3,149746,14.76666667,311084.6667,12.23333333,184729,13.36666667,137816.6667,16.53333333,113500.6667,13.83333333,30164.79,0.1,111.9333333,1801,397026.99,105240.99,5732,5514,6935,3003.99
E08000012,Liverpool,2021Q4,148674.6667,10.63333333,315701,9.533333333,185367.3333,10.16666667,136898.3333,11.66666667,110716,9.2,30323.76333,0.15,114.4,1476,212738.01,209291.01,6520,5759,6610,3322.02
E08000012,Liverpool,2022Q1,151737.3333,6.5,322369,8.1,189870.3333,7.6,140105,7.5,112064.6667,3.133333333,30482.15667,0.5,115.9333333,1466,231531.99,244452,5975,5341,6828,3880.98
E08000012,Liverpool,2022Q2,158227,8.2,335309.3333,11.43333333,197965,10.46666667,146357.3333,9.166666667,116517.6667,3.533333333,30638.81667,1,120.8666667,1450,320414.01,366537,6071,5622,7285,3633
E08000012,Liverpool,2022Q3,162734.6667,8.7,342335.6667,10.03333333,203561.3333,10.16666667,151260.3333,9.766666667,118627,4.533333333,31046.97,1.75,123.1333333,1581,580814.01,433932.99,5855,5334,7680,4697.01
E08000012,Liverpool,2022Q4,164911.3333,10.93333333,348294.3333,10.33333333,206275,11.26666667,153397.6667,12.06666667,119743.3333,8.166666667,31580.39333,2.916666667,126.7,1548,294774.99,351239.01,6358,5100,6866,5063.01
E08000012,Liverpool,2023Q1,161821.6667,6.666666667,344058.6667,6.733333333,203112.6667,6.966666667,149893.6667,7,117755,5.1,32111.88,3.916666667,127.7333333,1210,297594.99,399660.99,6257,4811,6593,4217.01
E08000012,Liverpool,2023Q2,158118,-0.033333333,338402,0.933333333,198805,0.433333333,145709.3333,-0.433333333,115820,-0.633333333,32637.54667,4.583333333,131.0666667,1041,295668,630632.01,5771,5173,6704,6334.02
E08000012,Liverpool,2023Q3,162988.3333,0.166666667,346120.6667,1.1,204612,0.5,151073.3333,-0.166666667,118364.6667,-0.233333333,33127.66667,5.166666667,131.4,1286,573971.01,532428,5868,4828,5765,22484.01
E08000012,Liverpool,2023Q4,163290,-0.966666667,346063.6667,-0.666666667,204796.6667,-0.7,151356,-1.333333333,118777.3333,-0.8,33596.01667,5.25,131.9666667,1282,265236.99,392259.99,6206,4711,5300,28443
E08000012,Liverpool,2024Q1,159326.6667,-1.566666667,337568.6667,-1.9,199916,-1.566666667,147574,-1.533333333,116043,-1.466666667,34064.37333,5.25,132.2666667,1057,229845.99,454544.01,5159,4650,5499,10417.02
E08000012,Liverpool,2024Q2,161108.3333,1.9,338408.3333,0.033333333,201521.3333,1.366666667,149271.6667,2.466666667,118050.6667,1.933333333,34529.31333,5.25,133.8333333,1279,204254.01,728825.01,5406,4859,5741,5466
E08000012,Liverpool,2024Q3,167538.6667,2.833333333,350752.6667,1.366666667,209285.6667,2.333333333,156160,3.366666667,121321.6667,2.5,35096.79,5.083333333,134.1,1339,388326.99,555722.01,5311,4747,5539,8415.99
E08000012,Liverpool,2024Q4,169642.6667,3.866666667,357850,3.433333333,212227.6667,3.666666667,158074,4.466666667,122410,3.1,35714.09667,4.833333333,135.2333333,1415,145505.01,420449.01,5265,4644,5204,16455
E08000012,Liverpool,2025Q1,173002.6667,8.6,364016,7.833333333,216565,8.333333333,161519.6667,9.5,124130.3333,6.966666667,36329.15667,4.583333333,135.9666667,1406,151643.01,452067.99,4736,4476,5548,16068
E08000012,Liverpool,2025Q2,173618.3333,7.766666667,366780.6667,8.366666667,218464,8.433333333,162285,8.766666667,123519.6667,4.633333333,36937.48333,4.333333333,138.5,844,185370,790707.99,5051,4815,6020,12370.02
E08000012,Liverpool,2025Q3,179884,7.4,379064.3333,8.066666667,227047,8.466666667,169167,8.3,126324,4.1,37144,4.083333333,139.2,977,376097.01,568923.99,5231,4798,6078,13254.99
E08000012,Liverpool,2025Q4,184636.6667,8.833333333,386223.3333,7.9,232675.6667,9.633333333,173912.6667,10.03333333,129758.3333,6,37144,3.916666667,139.8,939,116405.01,429636,5753,4695,5652,13194
E08000003,Manchester,2015Q2,130545.3333,7.4,239276.6667,8.433333333,160232,7.966666667,124407.6667,7.3,112656,6.966666667,24847.63333,0.5,100.0666667,1693,124947,668316,9793,3288,2000,3248.01
E08000003,Manchester,2015Q3,135864.6667,5.866666667,248764.6667,6.933333333,167244.6667,6.533333333,129956,5.666666667,116624,5.433333333,24757.5,0.5,100.1666667,2015,240512.01,539514.99,9758,3275,1953,3229.98
E08000003,Manchester,2015Q4,139294,7.5,257522.3333,8.933333333,172037.6667,8.266666667,133224.6667,7.5,119194.6667,6.9,24585.43667,0.5,100.3,2052,95876.01,339126.99,10536,3343,2026,3192.99
E08000003,Manchester,2016Q1,141306.3333,9.733333333,261228,11.06666667,175055,11.06666667,135132.3333,10.16666667,120689.3333,8.266666667,24413.37333,0.5,99.83333333,2291,89624.01,356235.99,9836,3142,2005,2772
E08000003,Manchester,2016Q2,143646,10.06666667,265617,11.03333333,177097,10.56666667,137255.6667,10.33333333,123173,9.333333333,24242.56333,0.5,100.4,1410,147306.99,652428.99,9943,3432,2370,2474.01
E08000003,Manchester,2016Q3,147096,8.266666667,271224.6667,9.033333333,180829.3333,8.133333333,140405.3333,8.066666667,126532.6667,8.5,24321.20667,0.333333333,100.8666667,2002,245307,527103,10358,3627,2519,2117.01
E08000003,Manchester,2016Q4,149149.3333,7.1,276966.6667,7.533333333,183703,6.766666667,141257,6.033333333,128997.3333,8.233333333,24525.88667,0.25,101.5,1918,94007.01,366960,12389,4458,3512,2580.99
E08000003,Manchester,2017Q1,152659,8.066666667,284442.6667,8.9,187334.3333,7,144159,6.7,132673,9.933333333,24729.82333,0.25,102,1567,96450.99,417771.99,12540,4927,4786,2469
E08000003,Manchester,2017Q2,153440.3333,6.8,283915,6.9,187782.6667,6.033333333,144506,5.3,134023.6667,8.833333333,24931.52333,0.25,103.1666667,1716,159168.99,725610,12174,5926,6403,2187
E08000003,Manchester,2017Q3,160381,9.033333333,294403,8.566666667,196306,8.533333333,151514.6667,7.9,139778.3333,10.46666667,25200.38,0.25,103.7,1957,257796.99,563834.01,12467,6046,6970,2041.98
E08000003,Manchester,2017Q4,164892.6667,10.56666667,304991.3333,10.13333333,203057.6667,10.53333333,155887,10.36666667,142923.6667,10.76666667,25501.49667,0.416666667,104.5666667,1743,98865.99,388368,12898,6010,6026,1866
E08000003,Manchester,2018Q1,162555.6667,6.5,302452.3333,6.333333333,201097.6667,7.333333333,153993.6667,6.833333333,140124.6667,5.633333333,25801.52667,0.5,104.7666667,1568,97074.99,416469,12352,5539,5615,2325.99
E08000003,Manchester,2018Q2,167073,8.9,312077,9.9,207590.6667,10.56666667,159313.3333,10.26666667,142702.3333,6.466666667,26098.26333,0.5,105.6666667,1638,172416.99,764279.01,12637,5871,6047,2382
E08000003,Manchester,2018Q3,170661,6.466666667,318782.3333,8.3,212270,8.166666667,162633,7.333333333,145733.3333,4.266666667,26270.86,0.666666667,106.3,1684,284828.01,624605.01,12074,5601,5437,2611.98
E08000003,Manchester,2018Q4,170739.3333,3.533333333,320029.3333,4.933333333,212799.6667,4.8,162779.6667,4.4,145464.6667,1.766666667,26378.85667,0.75,106.9333333,1669,108036,434286,12742,5283,4914,2776.98
E08000003,Manchester,2019Q1,171174.3333,5.3,322691.3333,6.666666667,214159,6.466666667,162921,5.8,145497.6667,3.833333333,26486.45333,0.75,106.7,1447,112719,453599.01,11764,5030,4981,3853.98
E08000003,Manchester,2019Q2,171374,2.6,322195.6667,3.266666667,214465,3.3,163737.6667,2.766666667,145119,1.7,26592.87333,0.75,107.8,1555,193596.99,792681.99,10633,5021,5353,3580.02
E08000003,Manchester,2019Q3,173828.3333,1.866666667,325158.3333,2,217120.3333,2.266666667,166620,2.433333333,147066,0.9,26881.33333,0.75,108.2666667,1584,321639.99,689672.01,7789,2902,2746,3656.01
E08000003,Manchester,2019Q4,178010.3333,4.266666667,334172.6667,4.433333333,223677.3333,5.1,170682.3333,4.866666667,149767,2.966666667,27260.52333,0.75,108.4333333,1517,130221.99,477507.99,12164,4595,4169,3990
E08000003,Manchester,2020Q1,173525,1.366666667,327911.3333,1.633333333,219095.3333,2.3,166828.3333,2.433333333,144928.6667,-0.366666667,27639.71,0.533333333,108.4666667,1414,108819,364535.01,11103,4427,4299,4024.02
E08000003,Manchester,2020Q2,167402,-2.3,318304,-1.2,211925.3333,-1.166666667,161479,-1.4,138954.3333,-4.233333333,28016.14667,0.1,108.5333333,864,9206.01,6153.99,5645,3524,4091,1573.02
E08000003,Manchester,2020Q3,181938.3333,4.633333333,343398.6667,5.6,230480,6.133333333,175512.6667,5.333333333,151069,2.733333333,28035.54,0.1,108.9333333,1253,188156.01,63846.99,8548,4529,5038,1110
E08000003,Manchester,2020Q4,189761.6667,6.633333333,359683.3333,7.633333333,240335.6667,7.466666667,183845.3333,7.7,156857.3333,4.733333333,27874.05667,0.1,109.0666667,1646,154866.99,66060,7698,4079,4705,2266.02
E08000003,Manchester,2021Q1,203612,17.33333333,378815.3333,15.53333333,255694.3333,16.7,197443.6667,18.36666667,169751.3333,17.16666667,27713.16,0.1,109.1666667,1944,132414,37779.99,7255,4775,6560,3291
E08000003,Manchester,2021Q2,210617.6667,25.86666667,388676.3333,22.13333333,262821,24.03333333,204856,26.86666667,176178.6667,26.8,27554.02333,0.1,110.7333333,1907,155789.01,49665,8276,6242,7780,3336
E08000003,Manchester,2021Q3,208053.6667,14.46666667,386258.6667,12.56666667,260763.3333,13.23333333,202878.6667,15.66666667,172831,14.5,27766.22667,0.1,111.9333333,1633,397026.99,105240.99,9779,6693,7555,3003.99
E08000003,Manchester,2021Q4,216329,14.03333333,410113.3333,14.03333333,274295.6667,14.13333333,211361,14.93333333,177106,12.9,28166.29333,0.15,114.4,1574,212738.01,209291.01,10952,6573,6667,3322.02
E08000003,Manchester,2022Q1,229917,13,435877,15.1,292803.6667,14.56666667,225353.6667,14.2,186974.6667,10.23333333,28564.91,0.5,115.9333333,1564,231531.99,244452,9867,6293,6872,3880.98
E08000003,Manchester,2022Q2,232360,10.3,440141.3333,13.23333333,296528.6667,12.83333333,228339.6667,11.46666667,188100.3333,6.766666667,28959.15667,1,120.8666667,1585,320414.01,366537,11049,7192,8397,3633
E08000003,Manchester,2022Q3,231355.3333,11.2,436237.6667,12.96666667,295584.6667,13.36666667,228823,12.8,185866.3333,7.533333333,29716.03667,1.75,123.1333333,1550,580814.01,433932.99,10315,6883,8345,4697.01
E08000003,Manchester,2022Q4,233065,7.766666667,442147.6667,7.866666667,298616.6667,8.9,231143.6667,9.4,185970.3333,5.033333333,30652.29333,2.916666667,126.7,1462,294774.99,351239.01,10857,6325,7654,5063.01
E08000003,Manchester,2023Q1,227220.6667,-1.166666667,432680.6667,-0.733333333,291365,-0.466666667,223759.3333,-0.7,182239,-2.533333333,31585.14333,3.916666667,127.7333333,1058,297594.99,399660.99,10790,6286,8153,4217.01
E08000003,Manchester,2023Q2,223486,-3.8,425793.6667,-3.233333333,285546,-3.7,218381,-4.366666667,180817.6667,-3.833333333,32507.78,4.583333333,131.0666667,886,295668,630632.01,10477,6485,8324,6334.02
E08000003,Manchester,2023Q3,236887.3333,2.366666667,448127,2.7,302640.3333,2.4,233291.6667,1.933333333,190658.6667,2.566666667,32799,5.166666667,131.4,1167,573971.01,532428,10278,6293,7331,22484.01
E08000003,Manchester,2023Q4,244322.6667,4.833333333,461617.6667,4.4,312174,4.533333333,240556.6667,4.1,196688,5.8,32765.94,5.25,131.9666667,1128,265236.99,392259.99,10351,6343,6973,28443
E08000003,Manchester,2024Q1,231048,1.7,435899,0.733333333,294948,1.266666667,227105.3333,1.5,186398,2.266666667,32732.88,5.25,132.2666667,1032,229845.99,454544.01,9211,6010,6521,10417.02
E08000003,Manchester,2024Q2,244214,9.3,456661.6667,7.266666667,310281.3333,8.666666667,239787,9.8,198327.6667,9.666666667,32700.06,5.25,133.8333333,1336,204254.01,728825.01,9398,6673,7139,5466
E08000003,Manchester,2024Q3,248983.3333,5.233333333,465475,3.966666667,316746.6667,4.766666667,246189.3333,5.7,200308.6667,5.166666667,33288.80667,5.083333333,134.1,1268,388326.99,555722.01,8598,6260,6901,8415.99
E08000003,Manchester,2024Q4,243637,-0.3,459425,-0.466666667,310741,-0.433333333,240917.6667,0.166666667,195264,-0.7,34190.15333,4.833333333,135.2333333,1316,145505.01,420449.01,9067,6195,6541,16455
E08000003,Manchester,2025Q1,243290.3333,5.3,458749,5.233333333,311061.6667,5.5,241252.3333,6.233333333,193735,3.933333333,35088.22333,4.583333333,135.9666667,1396,151643.01,452067.99,7356,5793,6646,16068
E08000003,Manchester,2025Q2,242517.6667,-0.533333333,458115.6667,0.433333333,311824,0.633333333,240773.3333,0.533333333,192158.6667,-2.9,35976.45667,4.333333333,138.5,827,185370,790707.99,7843,6499,7362,12370.02
E08000003,Manchester,2025Q3,248077.6667,-0.3,469112,0.833333333,320875.3333,1.333333333,248290,0.866666667,194808.3333,-2.666666667,36278,4.083333333,139.2,1033,376097.01,568923.99,7949,6448,7403,13254.99
E08000003,Manchester,2025Q4,254119,4.3,479333.6667,4.333333333,328566.6667,5.733333333,254172,5.5,199723,2.266666667,36278,3.916666667,139.8,1029,116405.01,429636,7825,6168,7131,13194
E06000035,Medway,2015Q2,183754.6667,8.866666667,327564.6667,9.933333333,211319.3333,9.233333333,166484,8.533333333,120332.3333,8.666666667,29258.57667,0.5,100.0666667,1170,124947,668316,2973,1399,420,3248.01
E06000035,Medway,2015Q3,193026.6667,8.266666667,343498,9.166666667,222130.6667,8.8,175315,7.866666667,125425.6667,8.333333333,29239.83333,0.5,100.1666667,1421,240512.01,539514.99,2907,1456,445,3229.98
E06000035,Medway,2015Q4,200064,9.666666667,358304,10.8,230413,10.16666667,181510.6667,9.433333333,129565.3333,9.066666667,29241.08667,0.5,100.3,1291,95876.01,339126.99,3121,1529,523,3192.99
E06000035,Medway,2016Q1,205998,12.8,369055.6667,13.56666667,237899.6667,13.46666667,186595,12.86666667,133490.3333,11.03333333,29242.33667,0.5,99.83333333,1299,89624.01,356235.99,2961,1562,528,2772
E06000035,Medway,2016Q2,217588.3333,18.43333333,388612,18.63333333,250791.3333,18.7,197186.6667,18.43333333,141620.3333,17.7,29243.58333,0.5,100.4,934,147306.99,652428.99,2825,1760,656,2474.01
E06000035,Medway,2016Q3,226072.6667,17.13333333,403404,17.46666667,260135.6667,17.1,204923,16.9,147535,17.63333333,29431.34667,0.333333333,100.8666667,1286,245307,527103,3028,1781,609,2117.01
E06000035,Medway,2016Q4,227509,13.73333333,409587.6667,14.3,262601,13.96666667,205127,13.03333333,149215,15.16666667,29712.87667,0.25,101.5,1206,94007.01,366960,3089,1782,672,2580.99
E06000035,Medway,2017Q1,230601.3333,11.96666667,416049.6667,12.73333333,265746,11.73333333,207474.6667,11.2,152524.6667,14.26666667,29993.38,0.25,102,1126,96450.99,417771.99,3283,1982,714,2469
E06000035,Medway,2017Q2,235643,8.333333333,422929.3333,8.833333333,271597.6667,8.3,211692.6667,7.366666667,157444.6667,11.2,30270.81333,0.25,103.1666667,1094,159168.99,725610,3304,2409,1259,2187
E06000035,Medway,2017Q3,241544,6.833333333,430899.6667,6.833333333,278129.6667,6.933333333,217472,6.1,161209,9.266666667,30389.90333,0.25,103.7,1203,257796.99,563834.01,3281,2642,1664,2041.98
E06000035,Medway,2017Q4,242217.6667,6.466666667,435063,6.2,279937.3333,6.633333333,217836.6667,6.2,160251.3333,7.4,30427.32,0.416666667,104.5666667,1159,98865.99,388368,3657,2678,1718,1866
E06000035,Medway,2018Q1,241758.3333,4.866666667,434601.6667,4.466666667,279999.6667,5.4,217376.6667,4.766666667,159372,4.466666667,30464.60333,0.5,104.7666667,979,97074.99,416469,3320,2481,1879,2325.99
E06000035,Medway,2018Q2,244110.3333,3.6,437945.3333,3.533333333,283177.3333,4.3,220368,4.1,158950,0.966666667,30501.48333,0.5,105.6666667,987,172416.99,764279.01,3609,2772,2634,2382
E06000035,Medway,2018Q3,247629,2.5,445672.3333,3.433333333,287652.6667,3.433333333,223676,2.866666667,160241.6667,-0.6,30659.06,0.666666667,106.3,1093,284828.01,624605.01,3306,3169,2714,2611.98
E06000035,Medway,2018Q4,246262,1.7,444185.6667,2.1,286362.6667,2.3,222275.6667,2.033333333,159180.3333,-0.666666667,30877.05667,0.75,106.9333333,1070,108036,434286,2979,2756,2053,2776.98
E06000035,Medway,2019Q1,243746.6667,0.833333333,442192.3333,1.733333333,284271.6667,1.533333333,219344.3333,0.9,157535.3333,-1.133333333,31094.25333,0.75,106.7,915,112719,453599.01,3251,2384,1935,3853.98
E06000035,Medway,2019Q2,242205,-0.8,437488,-0.1,282705,-0.166666667,218466.3333,-0.866666667,155634,-2.066666667,31309.07333,0.75,107.8,909,193596.99,792681.99,3287,2737,1929,3580.02
E06000035,Medway,2019Q3,241664,-2.366666667,435451.6667,-2.266666667,281285.6667,-2.233333333,218565,-2.3,155062.6667,-3.233333333,31696,0.75,108.2666667,1153,321639.99,689672.01,2933,2842,2059,3656.01
E06000035,Medway,2019Q4,240654,-2.266666667,434267.6667,-2.233333333,281121,-1.833333333,217443.3333,-2.166666667,153619.3333,-3.5,32167.85667,0.75,108.4333333,1103,130221.99,477507.99,3176,2540,1959,3990
E06000035,Medway,2020Q1,237028.6667,-2.766666667,428703.3333,-3.066666667,277442.6667,-2.4,214304.3333,-2.3,150085.3333,-4.733333333,32639.71667,0.533333333,108.4666667,897,108819,364535.01,2799,2425,1887,4024.02
E06000035,Medway,2020Q2,240288.3333,-0.8,434907.6667,-0.566666667,281482.6667,-0.433333333,217495.6667,-0.433333333,151227.3333,-2.833333333,33108.14333,0.1,108.5333333,511,9206.01,6153.99,2131,2223,2256,1573.02
E06000035,Medway,2020Q3,244020.3333,0.966666667,441729.3333,1.466666667,286198.6667,1.733333333,221209.6667,1.2,152380,-1.733333333,32745.91333,0.1,108.9333333,836,188156.01,63846.99,2591,2702,2460,1110
E06000035,Medway,2020Q4,249583,3.733333333,454672,4.7,292223.3333,3.933333333,226954.6667,4.366666667,153835.3333,0.133333333,31964.36,0.1,109.0666667,1105,154866.99,66060,2217,2184,2123,2266.02
E06000035,Medway,2021Q1,256083.6667,8.033333333,458853.3333,7.033333333,298232.3333,7.5,233832,9.133333333,159878,6.533333333,31185.64667,0.1,109.1666667,1612,132414,37779.99,2080,2314,2313,3291
E06000035,Medway,2021Q2,258044,7.366666667,458221.3333,5.366666667,298988.3333,6.2,236454.3333,8.733333333,162436.3333,7.433333333,30415.46667,0.1,110.7333333,1680,155789.01,49665,2343,2702,2487,3336
E06000035,Medway,2021Q3,264052.6667,8.2,469725.3333,6.366666667,306983.3333,7.233333333,241881,9.333333333,164683.6667,8.066666667,30709.52,0.1,111.9333333,1325,397026.99,105240.99,2415,2694,2471,3003.99
E06000035,Medway,2021Q4,271897.3333,8.966666667,490872,7.933333333,317501.6667,8.633333333,248223.6667,9.366666667,166743,8.4,31544.31333,0.15,114.4,940,212738.01,209291.01,2643,2549,2227,3322.02
E06000035,Medway,2022Q1,280527.3333,9.566666667,506204,10.33333333,328275,10.06666667,256227.3333,9.6,170982,6.933333333,32376.07333,0.5,115.9333333,992,231531.99,244452,2532,2320,2071,3880.98
E06000035,Medway,2022Q2,285341.3333,10.56666667,513417.6667,12.06666667,333952.3333,11.66666667,261139.3333,10.46666667,173100,6.566666667,33198.72333,1,120.8666667,981,320414.01,366537,2554,2619,2053,3633
E06000035,Medway,2022Q3,296012.3333,12.1,529423.6667,12.7,346295.3333,12.8,272115.3333,12.5,177737,7.933333333,33802.22,1.75,123.1333333,1124,580814.01,433932.99,2554,2527,2102,4697.01
E06000035,Medway,2022Q4,301835.3333,11.03333333,541906.3333,10.36666667,353147.6667,11.23333333,277345,11.76666667,180467.3333,8.233333333,34289.43667,2.916666667,126.7,1132,294774.99,351239.01,2574,2279,1926,5063.01
E06000035,Medway,2023Q1,300249.6667,7.033333333,543176.3333,7.3,352524.6667,7.4,274563.3333,7.166666667,179504.3333,5,34774.87333,3.916666667,127.7333333,841,297594.99,399660.99,2292,2324,1836,4217.01
E06000035,Medway,2023Q2,287713.3333,0.833333333,523267.3333,1.9,338722,1.433333333,262115.3333,0.4,172049,-0.6,35255.00333,4.583333333,131.0666667,735,295668,630632.01,2424,2406,1901,6334.02
E06000035,Medway,2023Q3,292575,-1.133333333,528631.3333,-0.133333333,344041,-0.666666667,267867,-1.533333333,173526.6667,-2.366666667,35903.33333,5.166666667,131.4,847,573971.01,532428,2390,2081,1739,22484.01
E06000035,Medway,2023Q4,291568.3333,-3.4,526489.6667,-2.833333333,342719.6667,-2.966666667,266780,-3.8,173499.3333,-3.866666667,36632.66,5.25,131.9666667,816,265236.99,392259.99,1968,1817,1447,28443
E06000035,Medway,2024Q1,280719.6667,-6.533333333,506242.6667,-6.8,330123.3333,-6.333333333,256770,-6.466666667,167261.6667,-6.8,37361.98333,5.25,132.2666667,721,229845.99,454544.01,1822,1730,1248,10417.02
E06000035,Medway,2024Q2,278132.3333,-3.3,497205.6667,-4.966666667,326573,-3.566666667,254826,-2.8,166610.6667,-3.133333333,38086.01,5.25,133.8333333,788,204254.01,728825.01,1904,1717,1286,5466
E06000035,Medway,2024Q3,285795.6667,-2.3,509962,-3.533333333,335195,-2.566666667,263141.3333,-1.766666667,169103.6667,-2.533333333,38545.92,5.083333333,134.1,954,388326.99,555722.01,789,637,503,8415.99
E06000035,Medway,2024Q4,287516.3333,-1.4,516878.3333,-1.833333333,337658.6667,-1.466666667,264349.6667,-0.933333333,169364,-2.4,38870.4,4.833333333,135.2333333,969,145505.01,420449.01,2,9,2,16455
E06000035,Medway,2025Q1,293403.3333,4.566666667,527820.3333,4.3,344824,4.466666667,270051.6667,5.2,172155.6667,2.966666667,39193.69333,4.583333333,135.9666667,1052,151643.01,452067.99,5,7,1,16068
E06000035,Medway,2025Q2,295617.3333,6.3,533247.3333,7.233333333,348282.6667,6.6,271975.6667,6.7,172159.3333,3.366666667,39513.45,4.333333333,138.5,550,185370,790707.99,11,5,2,12370.02
E06000035,Medway,2025Q3,299653,4.833333333,539436.6667,5.8,354087,5.633333333,276290.6667,4.966666667,172263.3333,1.866666667,39622,4.083333333,139.2,787,376097.01,568923.99,7,10,12,13254.99
E06000035,Medway,2025Q4,298455.3333,3.833333333,536830,3.866666667,352734.3333,4.433333333,275382,4.166666667,171236.6667,1.1,39622,3.916666667,139.8,714,116405.01,429636,13,9,7,13194
E06000042,Milton Keynes,2015Q2,217370.6667,9.9,362974,10.53333333,211389,9.9,176987.3333,9.366666667,124780.3333,9.633333333,27804.83,0.5,100.0666667,1167,124947,668316,3233,1010,503,3248.01
E06000042,Milton Keynes,2015Q3,227904.6667,9.766666667,380315.6667,10.06666667,221921.6667,9.966666667,185983.3333,9.366666667,130129,9.6,27938.83,0.5,100.1666667,1230,240512.01,539514.99,3219,1079,476,3229.98
E06000042,Milton Keynes,2015Q4,236263,12.03333333,396076.3333,12.6,230038,12.3,192466.3333,11.8,134268.3333,11.1,28293.23,0.5,100.3,1392,95876.01,339126.99,3060,1003,467,3192.99
E06000042,Milton Keynes,2016Q1,245868.6667,14.5,411935,14.93333333,240060.3333,15.03333333,199802.6667,14.33333333,140026.6667,13.3,28647.62333,0.5,99.83333333,1315,89624.01,356235.99,3044,1069,494,2772
E06000042,Milton Keynes,2016Q2,252448,16.13333333,421317,16.06666667,246308,16.5,205540.6667,16.16666667,144393.3333,15.73333333,28999.44,0.5,100.4,1048,147306.99,652428.99,3052,1255,521,2474.01
E06000042,Milton Keynes,2016Q3,256222.6667,12.46666667,427919.6667,12.56666667,249839.6667,12.6,208692.3333,12.23333333,146368.6667,12.5,29505.39,0.333333333,100.8666667,1244,245307,527103,3201,1261,533,2117.01
E06000042,Milton Keynes,2016Q4,250362.6667,5.966666667,421147.6667,6.333333333,244117.3333,6.1,202407.6667,5.2,143339.6667,6.766666667,30087.53667,0.25,101.5,1226,94007.01,366960,3108,1168,528,2580.99
E06000042,Milton Keynes,2017Q1,260047.6667,5.8,437971,6.333333333,253212.3333,5.466666667,209623.3333,4.9,149487.3333,6.766666667,30667.57,0.25,102,1069,96450.99,417771.99,3254,1174,515,2469
E06000042,Milton Keynes,2017Q2,264495,4.766666667,442747.3333,5.066666667,257502.3333,4.566666667,213208.6667,3.733333333,153285.6667,6.133333333,31241.24667,0.25,103.1666667,1184,159168.99,725610,3452,1335,533,2187
E06000042,Milton Keynes,2017Q3,265917,3.8,443421,3.633333333,258777.6667,3.6,215151.3333,3.133333333,154102,5.333333333,31223.08333,0.25,103.7,1262,257796.99,563834.01,3555,1331,561,2041.98
E06000042,Milton Keynes,2017Q4,272419,8.8,456096,8.3,265555.6667,8.766666667,220364,8.866666667,156717,9.333333333,30903.13,0.416666667,104.5666667,1341,98865.99,388368,3415,1328,601,1866
E06000042,Milton Keynes,2018Q1,269106,3.5,451758.3333,3.166666667,262741.6667,3.8,217320.6667,3.666666667,154410,3.333333333,30584.34,0.5,104.7666667,1061,97074.99,416469,3244,1348,658,2325.99
E06000042,Milton Keynes,2018Q2,269796,2,454019,2.533333333,264455.3333,2.733333333,218693.3333,2.566666667,153200.6667,-0.033333333,30269.04,0.5,105.6666667,1113,172416.99,764279.01,3467,1781,928,2382
E06000042,Milton Keynes,2018Q3,271308.3333,2.033333333,456923,3.066666667,266327.6667,2.933333333,220310,2.4,153398.6667,-0.433333333,30514.29667,0.666666667,106.3,1200,284828.01,624605.01,3583,1803,974,2611.98
E06000042,Milton Keynes,2018Q4,268189.6667,-1.566666667,452657.6667,-0.766666667,263500.6667,-0.766666667,217461,-1.333333333,151338.3333,-3.466666667,31043.70333,0.75,106.9333333,1177,108036,434286,3259,1662,922,2776.98
E06000042,Milton Keynes,2019Q1,260652.3333,-3.133333333,440717.3333,-2.433333333,256379.3333,-2.4,210774.3333,-3.033333333,147055,-4.766666667,31571.18333,0.75,106.7,874,112719,453599.01,2947,1635,1066,3853.98
E06000042,Milton Keynes,2019Q2,259994.6667,-3.633333333,438603.6667,-3.4,256198.6667,-3.1,211182.6667,-3.4,145912.6667,-4.766666667,32092.88667,0.75,107.8,1130,193596.99,792681.99,3348,1754,1128,3580.02
E06000042,Milton Keynes,2019Q3,265296.3333,-2.2,447290.3333,-2.133333333,260963.3333,-2.033333333,216203.6667,-1.866666667,148677,-3.066666667,32434.33333,0.75,108.2666667,1132,321639.99,689672.01,3983,1823,1245,3656.01
E06000042,Milton Keynes,2019Q4,263699.6667,-1.666666667,444288.3333,-1.833333333,259993.6667,-1.333333333,214774,-1.233333333,147577.3333,-2.466666667,32681.28333,0.75,108.4333333,1308,130221.99,477507.99,3693,1768,1252,3990
E06000042,Milton Keynes,2020Q1,263680,1.166666667,445737,1.133333333,260438,1.566666667,214672.6667,1.833333333,146583,-0.333333333,32928.23,0.533333333,108.4666667,922,108819,364535.01,3430,1886,1413,4024.02
E06000042,Milton Keynes,2020Q2,263294.6667,1.3,446501.6667,1.8,260472,1.7,214486.3333,1.566666667,145244,-0.466666667,33173.38667,0.1,108.5333333,507,9206.01,6153.99,1982,1639,1546,1573.02
E06000042,Milton Keynes,2020Q3,267956,1,453735,1.466666667,264968,1.533333333,218952,1.266666667,147652.6667,-0.666666667,33374.82333,0.1,108.9333333,822,188156.01,63846.99,2518,1823,1698,1110
E06000042,Milton Keynes,2020Q4,270234.6667,2.466666667,460662.3333,3.7,266509.6667,2.5,221595.3333,3.166666667,147298.6667,-0.2,33553.38667,0.1,109.0666667,1212,154866.99,66060,2070,1556,1714,2266.02
E06000042,Milton Keynes,2021Q1,276830.6667,5,465365.6667,4.4,272209.3333,4.533333333,228527.6667,6.466666667,153547,4.766666667,33731.3,0.1,109.1666667,1739,132414,37779.99,1761,1503,1794,3291
E06000042,Milton Keynes,2021Q2,278030.3333,5.633333333,464277.6667,4,272901.6667,4.8,230082.3333,7.3,155757.6667,7.266666667,33907.26333,0.1,110.7333333,1674,155789.01,49665,2291,1938,2252,3336
E06000042,Milton Keynes,2021Q3,290130,8.266666667,485528,7.033333333,285922,7.933333333,239580.6667,9.433333333,161301.6667,9.266666667,34212.50333,0.1,111.9333333,1241,397026.99,105240.99,2452,2053,2407,3003.99
E06000042,Milton Keynes,2021Q4,292103.3333,8.066666667,494890.6667,7.433333333,287942,8.033333333,239934,8.3,159844.3333,8.533333333,34581.43,0.15,114.4,1151,212738.01,209291.01,2255,2022,2187,3322.02
E06000042,Milton Keynes,2022Q1,300338,8.5,508357,9.266666667,296865,9.1,246969.3333,8.066666667,163689,6.6,34949.01667,0.5,115.9333333,1061,231531.99,244452,2516,1842,1965,3880.98
E06000042,Milton Keynes,2022Q2,304148,9.4,513235.6667,10.53333333,300802.6667,10.2,251108.6667,9.133333333,165643.3333,6.333333333,35312.58,1,120.8666667,1271,320414.01,366537,2861,2119,2150,3633
E06000042,Milton Keynes,2022Q3,315200,8.633333333,531054,9.4,312290,9.233333333,261755.3333,9.233333333,170017.6667,5.4,35681.50333,1.75,123.1333333,1374,580814.01,433932.99,2865,2085,2267,4697.01
E06000042,Milton Keynes,2022Q4,324444,11.06666667,547316.6667,10.6,321562.3333,11.66666667,269685.3333,12.43333333,174098.6667,8.933333333,36050.43,2.916666667,126.7,1279,294774.99,351239.01,2732,1967,2005,5063.01
E06000042,Milton Keynes,2023Q1,315989.3333,5.233333333,535997.6667,5.433333333,313634,5.666666667,260479,5.433333333,169397.6667,3.5,36418.01667,3.916666667,127.7333333,812,297594.99,399660.99,3030,1963,2025,4217.01
E06000042,Milton Keynes,2023Q2,314690.6667,3.466666667,536530,4.533333333,312528.6667,3.9,257697.6667,2.666666667,168445.6667,1.7,36781.58,4.583333333,131.0666667,715,295668,630632.01,2868,2137,1944,6334.02
E06000042,Milton Keynes,2023Q3,313271.6667,-0.633333333,531268.6667,0.066666667,311234,-0.3,258765.6667,-1.133333333,166921.3333,-1.8,37438,5.166666667,131.4,863,573971.01,532428,2680,2062,1823,22484.01
E06000042,Milton Keynes,2023Q4,311963,-3.833333333,528860.3333,-3.366666667,310150.6667,-3.533333333,257304,-4.566666667,166536,-4.333333333,38238.95667,5.25,131.9666667,910,265236.99,392259.99,2713,1954,1657,28443
E06000042,Milton Keynes,2024Q1,310525,-1.7,525838.3333,-1.9,308902.3333,-1.5,256168.3333,-1.633333333,165890.6667,-2.066666667,39039.91333,5.25,132.2666667,758,229845.99,454544.01,2791,1985,1575,10417.02
E06000042,Milton Keynes,2024Q2,306786.6667,-2.5,516550.6667,-3.7,305029.3333,-2.4,253828,-1.5,164980.6667,-2.033333333,39835.04333,5.25,133.8333333,822,204254.01,728825.01,3167,2100,1754,5466
E06000042,Milton Keynes,2024Q3,314897.6667,0.5,529624,-0.333333333,313260.6667,0.633333333,262258,1.333333333,167854,0.533333333,40317.92,5.083333333,134.1,1027,388326.99,555722.01,2950,2102,1860,8415.99
E06000042,Milton Keynes,2024Q4,322995,3.533333333,546296,3.266666667,321595,3.666666667,268136,4.2,171030.3333,2.733333333,40640.88667,4.833333333,135.2333333,1076,145505.01,420449.01,2913,2106,1713,16455
E06000042,Milton Keynes,2025Q1,323978,4.333333333,548620,4.366666667,323586.6667,4.733333333,269240.6667,5.1,170177.6667,2.6,40962.68333,4.583333333,135.9666667,1104,151643.01,452067.99,2633,1953,1802,16068
E06000042,Milton Keynes,2025Q2,325871.3333,6.233333333,554614.6667,7.366666667,326440.6667,7.033333333,270274.3333,6.466666667,169236.6667,2.6,41280.95333,4.333333333,138.5,580,185370,790707.99,2838,2199,1901,12370.02
E06000042,Milton Keynes,2025Q3,319421.6667,1.466666667,543328.3333,2.633333333,321295.6667,2.533333333,265810.6667,1.366666667,164071,-2.233333333,41389,4.083333333,139.2,644,376097.01,568923.99,2884,2179,1966,13254.99
E06000042,Milton Keynes,2025Q4,326238,1,554243.6667,1.466666667,329361.6667,2.433333333,271529,1.266666667,166963.6667,-2.366666667,41389,3.916666667,139.8,657,116405.01,429636,2593,2051,1701,13194
E08000021,Newcastle upon Tyne,2015Q2,148707.6667,7.766666667,280162.3333,8.166666667,163023.6667,8,144537.3333,7.6,102103,7.533333333,26334.09,0.5,100.0666667,1015,124947,668316,4097,1316,748,3248.01
E08000021,Newcastle upon Tyne,2015Q3,150518.6667,3.7,282648.6667,3.833333333,165403,4.1,146736.3333,3.5,102883.6667,3.4,26450.33333,0.5,100.1666667,1053,240512.01,539514.99,3896,1265,749,3229.98
E08000021,Newcastle upon Tyne,2015Q4,152673.6667,9.366666667,289247.6667,10.16666667,168199.3333,9.9,148443.3333,9.266666667,104036.3333,8.666666667,26488.40333,0.5,100.3,1059,95876.01,339126.99,4580,1611,1211,3192.99
E08000021,Newcastle upon Tyne,2016Q1,149774.6667,4.4,283390.3333,4.833333333,165378.3333,5.233333333,145540.6667,4.466666667,101943.3333,3.266666667,26526.47,0.5,99.83333333,1045,89624.01,356235.99,4402,1633,1348,2772
E08000021,Newcastle upon Tyne,2016Q2,150124.6667,0.933333333,283951,1.333333333,165412,1.433333333,145859,0.9,102436.3333,0.333333333,26564.26667,0.5,100.4,835,147306.99,652428.99,4334,1744,1607,2474.01
E08000021,Newcastle upon Tyne,2016Q3,156300.3333,3.833333333,295512,4.566666667,171905.3333,3.933333333,151877,3.533333333,106847,3.833333333,26596.05,0.333333333,100.8666667,1075,245307,527103,4964,1852,1687,2117.01
E08000021,Newcastle upon Tyne,2016Q4,156542.3333,2.533333333,299149,3.433333333,172558,2.6,150965,1.733333333,107222.6667,3.066666667,26624.68333,0.25,101.5,974,94007.01,366960,4854,1915,1619,2580.99
E08000021,Newcastle upon Tyne,2017Q1,153167,2.233333333,293739.6667,3.633333333,168311.6667,1.766666667,147203,1.166666667,105517.3333,3.5,26653.21,0.25,102,917,96450.99,417771.99,5180,1889,1752,2469
E08000021,Newcastle upon Tyne,2017Q2,151891.3333,1.166666667,288745.6667,1.666666667,166578,0.7,145704,-0.1,105441,2.9,26681.42333,0.25,103.1666667,988,159168.99,725610,5145,2300,2250,2187
E08000021,Newcastle upon Tyne,2017Q3,156259.6667,-0.033333333,295008.6667,-0.166666667,171320,-0.333333333,150360,-1,108362.6667,1.433333333,26730.61,0.25,103.7,1152,257796.99,563834.01,5441,2440,2519,2041.98
E08000021,Newcastle upon Tyne,2017Q4,156127.3333,-0.266666667,296920,-0.733333333,172012.3333,-0.333333333,150310,-0.466666667,107361.3333,0.133333333,26790.13,0.416666667,104.5666667,1006,98865.99,388368,5513,2491,2449,1866
E08000021,Newcastle upon Tyne,2018Q1,155340.3333,1.466666667,297112.6667,1.233333333,171550.3333,1.966666667,149454,1.6,106383,0.833333333,26849.43,0.5,104.7666667,826,97074.99,416469,4937,2396,2554,2325.99
E08000021,Newcastle upon Tyne,2018Q2,156256.6667,2.933333333,298581.6667,3.4,172970,3.866666667,150954.6667,3.633333333,106207.3333,0.766666667,26908.08667,0.5,105.6666667,969,172416.99,764279.01,5493,2780,2817,2382
E08000021,Newcastle upon Tyne,2018Q3,158594.3333,1.5,303054.6667,2.7,175481.6667,2.433333333,153284.6667,1.966666667,107781.6667,-0.533333333,27111.16667,0.666666667,106.3,1010,284828.01,624605.01,5196,2658,2823,2611.98
E08000021,Newcastle upon Tyne,2018Q4,159500.3333,2.166666667,306118,3.1,176970,2.866666667,154027,2.5,107925.6667,0.533333333,27386.41667,0.75,106.9333333,1032,108036,434286,5454,2581,2836,2776.98
E08000021,Newcastle upon Tyne,2019Q1,154011,-0.833333333,297320.3333,0.066666667,171495,0,148377.3333,-0.733333333,103770.3333,-2.433333333,27660.67,0.75,106.7,791,112719,453599.01,4954,2450,2568,3853.98
E08000021,Newcastle upon Tyne,2019Q2,152553.6667,-2.4,294066.6667,-1.5,170089,-1.666666667,147595.3333,-2.233333333,102061.6667,-3.9,27931.91667,0.75,107.8,943,193596.99,792681.99,4739,2403,2614,3580.02
E08000021,Newcastle upon Tyne,2019Q3,161351.6667,1.733333333,309255.6667,2.033333333,179342,2.2,156713.3333,2.233333333,108077.6667,0.3,28195,0.75,108.2666667,974,321639.99,689672.01,4678,2336,2557,3656.01
E08000021,Newcastle upon Tyne,2019Q4,161608.3333,1.333333333,310723.3333,1.5,180578,2.033333333,156915.6667,1.866666667,107413,-0.466666667,28451.96667,0.75,108.4333333,1094,130221.99,477507.99,4399,2344,2471,3990
E08000021,Newcastle upon Tyne,2020Q1,154190,0.1,298216.6667,0.3,173032.6667,0.9,149640.6667,0.866666667,101752.6667,-1.933333333,28708.93333,0.533333333,108.4666667,805,108819,364535.01,4483,2109,2524,4024.02
E08000021,Newcastle upon Tyne,2020Q2,154242.3333,1.1,300570.3333,2.2,173541,2.033333333,149802.3333,1.466666667,100893.3333,-1.133333333,28964.03333,0.1,108.5333333,458,9206.01,6153.99,2495,1581,2304,1573.02
E08000021,Newcastle upon Tyne,2020Q3,161909.6667,0.4,312081.6667,0.966666667,181949.6667,1.5,157930.6667,0.8,106146,-1.733333333,29258.4,0.1,108.9333333,877,188156.01,63846.99,3222,2204,2676,1110
E08000021,Newcastle upon Tyne,2020Q4,164598,1.9,316696.3333,1.966666667,184592.6667,2.266666667,161308,2.833333333,107560.3333,0.2,29571.58,0.1,109.0666667,1140,154866.99,66060,3129,1880,2483,2266.02
E08000021,Newcastle upon Tyne,2021Q1,167593.6667,8.7,315301.6667,5.733333333,186721,7.933333333,164363.6667,9.866666667,111966.6667,10.06666667,29883.61333,0.1,109.1666667,1135,132414,37779.99,2656,1704,2377,3291
E08000021,Newcastle upon Tyne,2021Q2,169258.6667,9.733333333,316425.3333,5.3,187449,8,165633.3333,10.56666667,114685.3333,13.66666667,30192.23,0.1,110.7333333,1305,155789.01,49665,3412,2298,2676,3336
E08000021,Newcastle upon Tyne,2021Q3,170313,5.233333333,318377,2,189770.6667,4.3,166759.3333,5.633333333,114526.3333,7.9,30413.32,0.1,111.9333333,1370,397026.99,105240.99,3670,2530,2430,3003.99
E08000021,Newcastle upon Tyne,2021Q4,174727.6667,6.133333333,329993,4.2,195795,6.033333333,170912,5.933333333,116050.3333,7.9,30588.11333,0.15,114.4,1225,212738.01,209291.01,3923,2952,2320,3322.02
E08000021,Newcastle upon Tyne,2022Q1,176689.6667,5.433333333,333654.6667,5.833333333,198625.3333,6.366666667,173134,5.333333333,116715.3333,4.266666667,30762.27333,0.5,115.9333333,976,231531.99,244452,3944,2820,2387,3880.98
E08000021,Newcastle upon Tyne,2022Q2,179135.6667,5.833333333,338236,6.9,201370.3333,7.466666667,175934.3333,6.233333333,117939,2.833333333,30934.52333,1,120.8666667,1024,320414.01,366537,3932,2722,2276,3633
E08000021,Newcastle upon Tyne,2022Q3,184868.3333,8.533333333,346963,9,207988,9.6,182795.3333,9.6,120801,5.466666667,31265.57667,1.75,123.1333333,1171,580814.01,433932.99,4233,2733,2450,4697.01
E08000021,Newcastle upon Tyne,2022Q4,186422.6667,6.7,350400.6667,6.233333333,210119.3333,7.333333333,184427.3333,7.9,121267,4.5,31675.19,2.916666667,126.7,1223,294774.99,351239.01,4181,2640,2251,5063.01
E08000021,Newcastle upon Tyne,2023Q1,184771.3333,4.566666667,351765.6667,5.433333333,208594.6667,5.033333333,181554.3333,4.866666667,120039.6667,2.866666667,32083.31333,3.916666667,127.7333333,952,297594.99,399660.99,4258,2663,2455,4217.01
E08000021,Newcastle upon Tyne,2023Q2,182663.3333,1.966666667,351113.6667,3.8,206207.6667,2.4,178618.3333,1.5,118701.3333,0.633333333,32486.96667,4.583333333,131.0666667,810,295668,630632.01,4445,2817,2674,6334.02
E08000021,Newcastle upon Tyne,2023Q3,186612.3333,0.933333333,355245,2.4,210462.6667,1.2,184079.3333,0.7,120656.3333,-0.1,32994.16667,5.166666667,131.4,921,573971.01,532428,4461,2791,2368,22484.01
E08000021,Newcastle upon Tyne,2023Q4,188794,1.266666667,360071.6667,2.766666667,213219.6667,1.466666667,185879.6667,0.8,122058,0.666666667,33550.42667,5.25,131.9666667,958,265236.99,392259.99,4220,2695,2164,28443
E08000021,Newcastle upon Tyne,2024Q1,186610,1,356401.6667,1.3,210779.6667,1.066666667,183559.6667,1.133333333,120698,0.533333333,34106.69,5.25,132.2666667,743,229845.99,454544.01,4011,2580,2284,10417.02
E08000021,Newcastle upon Tyne,2024Q2,185413.3333,1.5,351495.6667,0.1,208862,1.3,182526,2.2,120784.3333,1.766666667,34658.90333,5.25,133.8333333,826,204254.01,728825.01,4389,2663,2330,5466
E08000021,Newcastle upon Tyne,2024Q3,192388,3.1,362900.6667,2.166666667,216810.6667,3.033333333,190893.3333,3.7,124369.6667,3.1,34945.44,5.083333333,134.1,1005,388326.99,555722.01,4274,2442,2208,8415.99
E08000021,Newcastle upon Tyne,2024Q4,195029.3333,3.3,371001.6667,3.066666667,220399.6667,3.366666667,193021.3333,3.866666667,125383.3333,2.733333333,35096.37667,4.833333333,135.2333333,1044,145505.01,420449.01,4212,2557,2237,16455
E08000021,Newcastle upon Tyne,2025Q1,199207,6.733333333,381356,7,225477.6667,7,197218,7.433333333,127264.6667,5.466666667,35246.76667,4.583333333,135.9666667,982,151643.01,452067.99,3606,2547,2258,16068
E08000021,Newcastle upon Tyne,2025Q2,198076.3333,6.833333333,381921.6667,8.633333333,224950,7.733333333,196221.6667,7.5,125371,3.833333333,35395.50667,4.333333333,138.5,596,185370,790707.99,3679,2683,2520,12370.02
E08000021,Newcastle upon Tyne,2025Q3,202582.6667,5.333333333,390459.3333,7.6,230979,6.566666667,201740,5.7,126735.6667,1.9,35446,4.083333333,139.2,724,376097.01,568923.99,4016,2521,2472,13254.99
E08000021,Newcastle upon Tyne,2025Q4,204118.6667,4.666666667,395221.3333,6.533333333,233508,5.966666667,203012.6667,5.166666667,127007.3333,1.3,35446,3.916666667,139.8,639,116405.01,429636,3964,2495,2258,13194
E06000061,North Northamptonshire,2015Q2,153979.6667,7.7,247804.3333,8.5,147701.3333,7.733333333,120649.6667,7.033333333,81624.33333,7.4,31542,0.5,100.0666667,1653,124947,668316,3123,1468,535,3248.01
E06000061,North Northamptonshire,2015Q3,157991,6.766666667,253599.3333,7.2,151755,7.066666667,124021.6667,6.2,83498.33333,6.666666667,31542,0.5,100.1666667,1828,240512.01,539514.99,3139,1422,660,3229.98
E06000061,North Northamptonshire,2015Q4,162063,7.4,261406,7.866666667,155585.3333,7.666666667,126838,6.966666667,85078,6.366666667,31542,0.5,100.3,1960,95876.01,339126.99,3379,1474,561,3192.99
E06000061,North Northamptonshire,2016Q1,166332.3333,10.56666667,268472.6667,10.83333333,159705,10.76666667,129944,10.23333333,87792.66667,9.766666667,31542,0.5,99.83333333,1900,89624.01,356235.99,3348,1452,492,2772
E06000061,North Northamptonshire,2016Q2,171215,11.16666667,275905.6667,11.33333333,164137.3333,11.13333333,134102.6667,11.13333333,90602.33333,10.96666667,31542,0.5,100.4,1516,147306.99,652428.99,3546,1517,526,2474.01
E06000061,North Northamptonshire,2016Q3,176307.6667,11.56666667,283496,11.76666667,169295.6667,11.56666667,138281.3333,11.5,92911.66667,11.26666667,31542,0.333333333,100.8666667,1855,245307,527103,3883,1658,531,2117.01
E06000061,North Northamptonshire,2016Q4,178674,10.23333333,289424,10.7,171690,10.36666667,139016,9.633333333,94231,10.76666667,31542,0.25,101.5,1788,94007.01,366960,3954,1621,536,2580.99
E06000061,North Northamptonshire,2017Q1,181293.6667,9,294728.6667,9.8,173902,8.9,140674.6667,8.266666667,95830.66667,9.133333333,31542,0.25,102,1514,96450.99,417771.99,3768,1620,510,2469
E06000061,North Northamptonshire,2017Q2,184530.3333,7.766666667,298233.3333,8.066666667,177231.3333,7.966666667,143420.6667,6.933333333,98487,8.7,31542,0.25,103.1666667,1760,159168.99,725610,3576,1792,623,2187
E06000061,North Northamptonshire,2017Q3,192381.6667,9.133333333,309750.6667,9.266666667,184809.6667,9.2,149946.6667,8.466666667,102781,10.6,31542,0.25,103.7,1847,257796.99,563834.01,3595,1747,545,2041.98
E06000061,North Northamptonshire,2017Q4,194312.6667,8.766666667,314179.3333,8.533333333,186915.6667,8.9,151050,8.666666667,102784,9.1,31542,0.416666667,104.5666667,1821,98865.99,388368,3460,1755,555,1866
E06000061,North Northamptonshire,2018Q1,197981,9.233333333,320815.6667,8.833333333,190860.6667,9.766666667,153496.3333,9.133333333,104202,8.766666667,31542,0.5,104.7666667,1429,97074.99,416469,3351,1831,713,2325.99
E06000061,North Northamptonshire,2018Q2,199589.6667,8.166666667,323240,8.4,192627.6667,8.7,155163.3333,8.2,103792.6667,5.4,31542,0.5,105.6666667,1630,172416.99,764279.01,2923,2007,1002,2382
E06000061,North Northamptonshire,2018Q3,204059.3333,6.066666667,330622.3333,6.766666667,197009.3333,6.633333333,158691.3333,5.833333333,105609,2.733333333,31542,0.666666667,106.3,1665,284828.01,624605.01,3681,2137,1099,2611.98
E06000061,North Northamptonshire,2018Q4,203109.6667,4.533333333,329928.3333,5,196080.6667,4.933333333,157563,4.3,105056,2.2,31542,0.75,106.9333333,1756,108036,434286,3503,1976,1049,2776.98
E06000061,North Northamptonshire,2019Q1,203920.6667,3,332472.6667,3.633333333,197062.6667,3.266666667,157425,2.566666667,105443.6667,1.2,31542,0.75,106.7,1277,112719,453599.01,3677,2154,1138,3853.98
E06000061,North Northamptonshire,2019Q2,202860,1.633333333,329767,2.033333333,196540.3333,2.033333333,157004.6667,1.2,104172.6667,0.366666667,31542,0.75,107.8,1484,193596.99,792681.99,3335,2224,1322,3580.02
E06000061,North Northamptonshire,2019Q3,203939.3333,-0.066666667,331122.6667,0.166666667,197423.6667,0.233333333,158291,-0.266666667,104542.6667,-1,31542,0.75,108.2666667,1518,321639.99,689672.01,3388,2171,1420,3656.01
E06000061,North Northamptonshire,2019Q4,202818.6667,-0.133333333,328600.6667,-0.4,196928,0.433333333,157407,-0.1,103567.6667,-1.433333333,31542,0.75,108.4333333,1581,130221.99,477507.99,3546,2246,1421,3990
E06000061,North Northamptonshire,2020Q1,205165.6667,0.6,333702.3333,0.366666667,199115.3333,1,158824.3333,0.9,104132.3333,-1.233333333,31542,0.533333333,108.4666667,1189,108819,364535.01,3192,2345,1773,4024.02
E06000061,North Northamptonshire,2020Q2,208555.6667,2.833333333,339972.3333,3.1,202529,3.066666667,161257,2.7,104891.3333,0.7,31542,0.1,108.5333333,705,9206.01,6153.99,2268,1992,2030,1573.02
E06000061,North Northamptonshire,2020Q3,207170,1.566666667,337004,1.8,201366.3333,2,160662,1.5,103482.6667,-1.033333333,31542,0.1,108.9333333,1142,188156.01,63846.99,2780,2584,2467,1110
E06000061,North Northamptonshire,2020Q4,210557.6667,3.833333333,344141.3333,4.733333333,203836,3.5,163696.3333,4,103715.3333,0.133333333,31542,0.1,109.0666667,1707,154866.99,66060,2659,2234,2572,2266.02
E06000061,North Northamptonshire,2021Q1,214172,4.4,345026.3333,3.4,207435,4.166666667,168286,5.966666667,108293,3.966666667,31542,0.1,109.1666667,1954,132414,37779.99,2150,1949,2278,3291
E06000061,North Northamptonshire,2021Q2,219140.3333,5.1,350575.3333,3.133333333,211929,4.666666667,173267,7.466666667,112611.3333,7.366666667,31542,0.1,110.7333333,2085,155789.01,49665,2223,2470,2290,3336
E06000061,North Northamptonshire,2021Q3,226869,9.5,363078.3333,7.733333333,219910.6667,9.2,178999,11.43333333,116084,12.2,31542,0.1,111.9333333,1935,397026.99,105240.99,2334,2507,2119,3003.99
E06000061,North Northamptonshire,2021Q4,233176.6667,10.76666667,377367.6667,9.666666667,225723,10.73333333,182521,11.5,117240.6667,13.06666667,31542,0.15,114.4,1479,212738.01,209291.01,2466,2420,2046,3322.02
E06000061,North Northamptonshire,2022Q1,237570.6667,10.93333333,383907.3333,11.26666667,230434,11.1,186123.6667,10.63333333,118795.3333,9.733333333,31542,0.5,115.9333333,1467,231531.99,244452,2480,2257,2124,3880.98
E06000061,North Northamptonshire,2022Q2,244833,11.73333333,394565,12.53333333,237703.6667,12.16666667,192476.3333,11.1,121880,8.233333333,31542,1,120.8666667,1631,320414.01,366537,2579,2416,2189,3633
E06000061,North Northamptonshire,2022Q3,253308,11.66666667,406833.3333,12.06666667,246135,11.93333333,200152.3333,11.83333333,125095.6667,7.8,31617.37333,1.75,123.1333333,1752,580814.01,433932.99,2617,2384,2176,4697.01
E06000061,North Northamptonshire,2022Q4,258317.6667,10.76666667,415879,10.23333333,250755.3333,11.1,203939,11.73333333,126886,8.2,31730.64,2.916666667,126.7,1602,294774.99,351239.01,2582,2286,2113,5063.01
E06000061,North Northamptonshire,2023Q1,254724.3333,7.233333333,411672,7.233333333,247725,7.5,199784,7.333333333,124879.3333,5.1,31843.49,3.916666667,127.7333333,1063,297594.99,399660.99,2768,2231,2222,4217.01
E06000061,North Northamptonshire,2023Q2,250963,2.533333333,406975.6667,3.166666667,244322.3333,2.766666667,195868.6667,1.8,122712,0.7,31955.11,4.583333333,131.0666667,966,295668,630632.01,2699,2321,2118,6334.02
E06000061,North Northamptonshire,2023Q3,252303.6667,-0.366666667,406818.3333,0,245572,-0.233333333,198392.3333,-0.866666667,122540,-2.033333333,32747.5,5.166666667,131.4,1207,573971.01,532428,2540,2288,1962,22484.01
E06000061,North Northamptonshire,2023Q4,247860,-4.033333333,399266.3333,-4,241319.3333,-3.766666667,194790,-4.5,120919.6667,-4.666666667,33881.31,5.25,131.9666667,1220,265236.99,392259.99,2379,2183,1879,28443
E06000061,North Northamptonshire,2024Q1,242761,-4.7,390582.3333,-5.133333333,236551.3333,-4.5,190719.6667,-4.533333333,118696.6667,-4.933333333,35015.12333,5.25,132.2666667,971,229845.99,454544.01,2520,2218,1875,10417.02
E06000061,North Northamptonshire,2024Q2,243228.6667,-3.066666667,389025.6667,-4.4,237030.6667,-3,191728.6667,-2.1,120059.3333,-2.166666667,36140.69,5.25,133.8333333,1252,204254.01,728825.01,2493,2244,1945,5466
E06000061,North Northamptonshire,2024Q3,246053,-2.466666667,392840.3333,-3.433333333,239587,-2.433333333,195015.6667,-1.733333333,120146,-1.933333333,36759.15333,5.083333333,134.1,1439,388326.99,555722.01,2883,2219,1950,8415.99
E06000061,North Northamptonshire,2024Q4,247730.3333,-0.066666667,397229.6667,-0.5,241386.6667,0.033333333,195731.3333,0.5,120031.6667,-0.7,37118.53667,4.833333333,135.2333333,1569,145505.01,420449.01,2612,2104,1843,16455
E06000061,North Northamptonshire,2025Q1,247946.6667,2.133333333,397358.3333,1.733333333,242099.6667,2.366666667,196100.3333,2.833333333,119268.3333,0.466666667,37476.61333,4.583333333,135.9666667,1651,151643.01,452067.99,2462,1940,1876,16068
E06000061,North Northamptonshire,2025Q2,248320.3333,2.066666667,398474.6667,2.433333333,243050,2.533333333,196114,2.266666667,117771.6667,-1.866666667,37830.77,4.333333333,138.5,941,185370,790707.99,2626,2298,1995,12370.02
E06000061,North Northamptonshire,2025Q3,254668,3.5,407634.6667,3.766666667,249967.3333,4.3,201748,3.466666667,119050.3333,-0.9,37951,4.083333333,139.2,1066,376097.01,568923.99,2586,2115,2062,13254.99
E06000061,North Northamptonshire,2025Q4,256652.3333,3.6,410055.3333,3.233333333,252791,4.733333333,203152.3333,3.766666667,119295,-0.6,37951,3.916666667,139.8,1083,116405.01,429636,2422,1825,1848,13194
E06000024,North Somerset,2015Q2,203034.3333,5.666666667,341248,6.366666667,211510.6667,5.766666667,172392.3333,5.1,122590.6667,5.233333333,29520.19667,0.5,100.0666667,1053,124947,668316,1925,719,526,3248.01
E06000024,North Somerset,2015Q3,209714.6667,6.233333333,352712.6667,6.733333333,218814.3333,6.4,178519.6667,5.8,125908.6667,5.633333333,29586,0.5,100.1666667,1277,240512.01,539514.99,1848,768,700,3229.98
E06000024,North Somerset,2015Q4,214975,7,363354.3333,7.766666667,224221.6667,7.266666667,182570,6.733333333,128526.3333,5.866666667,29736.27333,0.5,100.3,1247,95876.01,339126.99,1773,788,723,3192.99
E06000024,North Somerset,2016Q1,217328.6667,8.266666667,367396.6667,8.966666667,227208.3333,8.733333333,184144.6667,8.066666667,129831,6.766666667,29886.54667,0.5,99.83333333,1170,89624.01,356235.99,1912,810,838,2772
E06000024,North Somerset,2016Q2,228194.3333,12.36666667,384049.3333,12.53333333,238135.6667,12.6,193858.6667,12.43333333,137139,11.86666667,30035.72667,0.5,100.4,974,147306.99,652428.99,2127,957,1230,2474.01
E06000024,North Somerset,2016Q3,233210.6667,11.26666667,392267,11.26666667,243252.6667,11.23333333,198264,11.1,140243.6667,11.43333333,30229.39,0.333333333,100.8666667,1181,245307,527103,2154,943,1086,2117.01
E06000024,North Somerset,2016Q4,231238.6667,7.566666667,390975.6667,7.6,241112.6667,7.566666667,194868.6667,6.733333333,139366.3333,8.433333333,30444.87,0.25,101.5,1135,94007.01,366960,1939,858,945,2580.99
E06000024,North Somerset,2017Q1,231440.6667,6.466666667,391453.3333,6.566666667,240788.6667,5.966666667,194487.3333,5.633333333,140093.6667,7.9,30659.57,0.25,102,802,96450.99,417771.99,1698,935,980,2469
E06000024,North Somerset,2017Q2,234214.6667,2.666666667,394223.6667,2.7,243567.6667,2.333333333,196485,1.4,142855.3333,4.233333333,30871.91333,0.25,103.1666667,995,159168.99,725610,1872,940,1085,2187
E06000024,North Somerset,2017Q3,241465.6667,3.533333333,405122,3.266666667,251357.6667,3.366666667,203025.6667,2.4,147380.3333,5.1,30827.35,0.25,103.7,1072,257796.99,563834.01,1748,1028,1080,2041.98
E06000024,North Somerset,2017Q4,240346,3.933333333,405274.3333,3.666666667,250843.3333,4.033333333,202065.6667,3.666666667,145439,4.366666667,30652.05,0.416666667,104.5666667,1169,98865.99,388368,1688,976,945,1866
E06000024,North Somerset,2018Q1,245130,5.9,413773,5.7,256286.6667,6.466666667,206011.3333,5.933333333,147937.3333,5.6,30477.39,0.5,104.7666667,919,97074.99,416469,1382,955,924,2325.99
E06000024,North Somerset,2018Q2,244198,4.266666667,412662,4.7,255944.6667,5.066666667,206145.3333,4.933333333,146210,2.366666667,30304.64333,0.5,105.6666667,990,172416.99,764279.01,1720,1131,1108,2382
E06000024,North Somerset,2018Q3,248992.3333,3.133333333,421524.3333,4.066666667,261384.3333,4,210189.6667,3.5,148466.3333,0.733333333,30383.21,0.666666667,106.3,1122,284828.01,624605.01,1801,1138,1223,2611.98
E06000024,North Somerset,2018Q4,253228,5.366666667,429761,6.033333333,265904,6,213301.3333,5.566666667,150750.6667,3.633333333,30589.39667,0.75,106.9333333,1096,108036,434286,1858,988,1028,2776.98
E06000024,North Somerset,2019Q1,248976,1.566666667,423508.6667,2.366666667,261831.6667,2.166666667,209029.6667,1.5,147951.6667,-7.40E-17,30794.83,0.75,106.7,847,112719,453599.01,1655,973,1037,3853.98
E06000024,North Somerset,2019Q2,247980.6667,1.566666667,420657,1.966666667,261616,2.2,209311.3333,1.533333333,146544,0.233333333,30998.02,0.75,107.8,842,193596.99,792681.99,1870,1114,1150,3580.02
E06000024,North Somerset,2019Q3,252604.6667,1.466666667,428271,1.633333333,266279.6667,1.9,213722.3333,1.7,149218,0.533333333,31662.16667,0.75,108.2666667,1088,321639.99,689672.01,1867,1091,1301,3656.01
E06000024,North Somerset,2019Q4,255066.3333,0.733333333,432979.6667,0.766666667,269576,1.366666667,215559.3333,1.066666667,150061.3333,-0.466666667,32556.54333,0.75,108.4333333,1056,130221.99,477507.99,1729,1107,1148,3990
E06000024,North Somerset,2020Q1,251686,1.1,427969,1.066666667,266440.3333,1.766666667,212938.3333,1.9,147241,-0.466666667,33450.91667,0.533333333,108.4666667,792,108819,364535.01,1564,1117,1145,4024.02
E06000024,North Somerset,2020Q2,247972,0.033333333,422744.3333,0.5,262914.3333,0.5,210160.6667,0.4,143983,-1.766666667,34338.79,0.1,108.5333333,437,9206.01,6153.99,1135,990,1248,1573.02
E06000024,North Somerset,2020Q3,259580.6667,2.733333333,442278.6667,3.266666667,275670,3.533333333,220369,3.1,150286.6667,0.733333333,33835.14,0.1,108.9333333,836,188156.01,63846.99,1311,1281,1277,1110
E06000024,North Somerset,2020Q4,265087,3.9,454932,5.066666667,281146.3333,4.266666667,225627,4.7,151753.6667,1.133333333,32628.65667,0.1,109.0666667,1155,154866.99,66060,1213,892,1010,2266.02
E06000024,North Somerset,2021Q1,266378,5.833333333,451018.6667,5.4,281509,5.633333333,227643.6667,6.933333333,155655,5.7,31426.56,0.1,109.1666667,1466,132414,37779.99,1039,859,1094,3291
E06000024,North Somerset,2021Q2,268540.3333,8.3,451525.3333,6.8,282857.6667,7.566666667,230177.6667,9.5,158767.6667,10.26666667,30237.62333,0.1,110.7333333,1658,155789.01,49665,1195,1170,1230,3336
E06000024,North Somerset,2021Q3,270386.3333,4.133333333,456378.3333,3.2,285824,3.666666667,231378.6667,5,158399,5.4,30582.71333,0.1,111.9333333,1283,397026.99,105240.99,1285,1322,1435,3003.99
E06000024,North Somerset,2021Q4,280832.6667,5.933333333,479940.3333,5.5,297356.3333,5.766666667,238500.6667,5.733333333,162199.6667,6.9,31707.82667,0.15,114.4,992,212738.01,209291.01,1297,1225,1254,3322.02
E06000024,North Somerset,2022Q1,288362.6667,8.233333333,492698.6667,9.233333333,306331.6667,8.8,245141.3333,7.7,165800,6.533333333,32828.84667,0.5,115.9333333,1006,231531.99,244452,1262,1138,1177,3880.98
E06000024,North Somerset,2022Q2,295322.6667,9.966666667,503453,11.46666667,314119.6667,11.03333333,252361.3333,9.633333333,169258.6667,6.6,33937.6,1,120.8666667,1025,320414.01,366537,1438,1241,1283,3633
E06000024,North Somerset,2022Q3,306288,13.3,520917,14.13333333,326652,14.26666667,263066.6667,13.7,174554.6667,10.2,34676.15667,1.75,123.1333333,1179,580814.01,433932.99,1365,1275,1329,4697.01
E06000024,North Somerset,2022Q4,313787.3333,11.73333333,535638.6667,11.6,334335.3333,12.46666667,269271,12.86666667,177919.3333,9.666666667,35220.38,2.916666667,126.7,1127,294774.99,351239.01,1259,1088,1136,5063.01
E06000024,North Somerset,2023Q1,312442.6667,8.366666667,534912,8.566666667,333304.6667,8.8,266816.3333,8.833333333,176705.3333,6.6,35762.62667,3.916666667,127.7333333,773,297594.99,399660.99,1403,1150,1157,4217.01
E06000024,North Somerset,2023Q2,305360.6667,3.433333333,524084.3333,4.133333333,325664,3.666666667,259586,2.9,172537.6667,1.933333333,36298.93,4.583333333,131.0666667,667,295668,630632.01,1491,1255,1232,6334.02
E06000024,North Somerset,2023Q3,303852.6667,-0.8,519630,-0.233333333,324782.3333,-0.566666667,260322.3333,-1.033333333,170951.3333,-2.066666667,36795.5,5.166666667,131.4,859,573971.01,532428,1679,1278,1216,22484.01
E06000024,North Somerset,2023Q4,305949,-2.533333333,522563,-2.433333333,326826.3333,-2.233333333,261780.3333,-2.766666667,172666.3333,-2.933333333,37268.11,5.25,131.9666667,784,265236.99,392259.99,1473,1303,1210,28443
E06000024,North Somerset,2024Q1,298629.6667,-4.433333333,509397.3333,-4.766666667,319124,-4.266666667,255746.6667,-4.133333333,168687.3333,-4.533333333,37740.72,5.25,132.2666667,717,229845.99,454544.01,1429,1324,1314,10417.02
E06000024,North Somerset,2024Q2,299277,-2,507213,-3.233333333,319593.6667,-1.866666667,257047.6667,-0.966666667,170454.6667,-1.233333333,38209.89,5.25,133.8333333,810,204254.01,728825.01,1562,1512,1503,5466
E06000024,North Somerset,2024Q3,308697,1.6,523585,0.766666667,330224.3333,1.666666667,266846.6667,2.5,174218,1.933333333,38635.56333,5.083333333,134.1,934,388326.99,555722.01,1926,1550,1565,8415.99
E06000024,North Somerset,2024Q4,305748.6667,-0.066666667,521706.6667,-0.133333333,327262.3333,0.133333333,263496,0.633333333,171362,-0.766666667,39037.64,4.833333333,135.2333333,1111,145505.01,420449.01,1694,1368,1399,16455
E06000024,North Somerset,2025Q1,304653.3333,2,520254.6667,2.133333333,327184.3333,2.533333333,263070.3333,2.866666667,169557,0.533333333,39438.25667,4.583333333,135.9666667,1172,151643.01,452067.99,1545,1373,1339,16068
E06000024,North Somerset,2025Q2,298004.3333,-0.4,510121,0.566666667,321455,0.566666667,257216,0.033333333,164344,-3.566666667,39834.48667,4.333333333,138.5,619,185370,790707.99,1742,1459,1704,12370.02
E06000024,North Somerset,2025Q3,306648,-0.633333333,524832.6667,0.233333333,332509.3333,0.7,265718,-0.4,167241,-4,39969,4.083333333,139.2,775,376097.01,568923.99,1770,1421,1702,13254.99
E06000024,North Somerset,2025Q4,309142.6667,1.1,527748.6667,1.2,336385.6667,2.8,268488.6667,1.933333333,168091.3333,-1.866666667,39969,3.916666667,139.8,816,116405.01,429636,1560,1377,1539,13194
E06000065,North Yorkshire,2015Q2,192133.6667,4.3,305686,5.033333333,186069.6667,4.333333333,154542.6667,3.766666667,114377.6667,3.433333333,26287.76,0.5,100.0666667,2672,124947,668316,4169,1560,865,3248.01
E06000065,North Yorkshire,2015Q3,198282.3333,4.833333333,315196.3333,5.666666667,192188,4.9,159894.6667,4.433333333,117315.6667,3.3,26477.16667,0.5,100.1666667,3266,240512.01,539514.99,4150,1717,916,3229.98
E06000065,North Yorkshire,2015Q4,199496,5,319960.3333,6.066666667,193490,5.266666667,159852.6667,4.3,116764.3333,2.8,26609.65667,0.5,100.3,3074,95876.01,339126.99,4081,1668,947,3192.99
E06000065,North Yorkshire,2016Q1,198399.3333,4.333333333,318387.6667,5.166666667,192387.6667,4.566666667,158692.3333,3.733333333,116517,2.7,26742.15,0.5,99.83333333,2791,89624.01,356235.99,3860,1666,879,2772
E06000065,North Yorkshire,2016Q2,202290,5.266666667,323307.6667,5.733333333,195471,5.066666667,162597,5.233333333,119736.3333,4.7,26873.67333,0.5,100.4,2482,147306.99,652428.99,3769,1729,935,2474.01
E06000065,North Yorkshire,2016Q3,203947.6667,2.866666667,325342,3.233333333,197413.3333,2.733333333,164240,2.733333333,120272,2.5,26918.50333,0.333333333,100.8666667,3155,245307,527103,4051,1894,979,2117.01
E06000065,North Yorkshire,2016Q4,204255.6667,2.4,327867.6667,2.466666667,197961.3333,2.3,162941.6667,1.933333333,120846.3333,3.5,26919.25333,0.25,101.5,2882,94007.01,366960,3752,1719,845,2580.99
E06000065,North Yorkshire,2017Q1,205026,3.333333333,329334.6667,3.433333333,198291.3333,3.066666667,163326.3333,2.9,121993.3333,4.7,26920.00333,0.25,102,2453,96450.99,417771.99,3652,1698,1012,2469
E06000065,North Yorkshire,2017Q2,206441,2.033333333,329999.3333,2.066666667,199552.3333,2.066666667,164256,1.033333333,124835,4.266666667,26920.75,0.25,103.1666667,3003,159168.99,725610,3864,1869,984,2187
E06000065,North Yorkshire,2017Q3,209951,2.966666667,335060.6667,3,203134.3333,2.866666667,167559.6667,2.066666667,126329.3333,5.033333333,27086.45,0.25,103.7,3244,257796.99,563834.01,3972,1913,881,2041.98
E06000065,North Yorkshire,2017Q4,214475.6667,5,342799,4.566666667,207821.6667,5,170917,4.9,128546.3333,6.4,27335.08333,0.416666667,104.5666667,3143,98865.99,388368,3932,1946,863,1866
E06000065,North Yorkshire,2018Q1,214545,4.633333333,343671.3333,4.333333333,208438.6667,5.1,170594.6667,4.433333333,127756.3333,4.733333333,27582.81,0.5,104.7666667,2328,97074.99,416469,3740,1942,1112,2325.99
E06000065,North Yorkshire,2018Q2,213374.3333,3.333333333,342195,3.7,207759.3333,4.1,170099,3.566666667,125263.6667,0.366666667,27827.82333,0.5,105.6666667,2750,172416.99,764279.01,4107,2397,1558,2382
E06000065,North Yorkshire,2018Q3,216955,3.333333333,347476.6667,3.7,211377,4.066666667,173249.6667,3.4,127169.6667,0.633333333,28272.82333,0.666666667,106.3,3082,284828.01,624605.01,4368,2488,1418,2611.98
E06000065,North Yorkshire,2018Q4,217072.3333,1.2,348687,1.733333333,211595,1.8,173068.6667,1.266666667,126434,-1.633333333,28816.54333,0.75,106.9333333,3188,108036,434286,4057,2293,1401,2776.98
E06000065,North Yorkshire,2019Q1,215069.6667,0.233333333,346365.3333,0.766666667,209624,0.533333333,171012.3333,0.233333333,125102.3333,-2.066666667,29358.28667,0.75,106.7,2309,112719,453599.01,3899,2372,1642,3853.98
E06000065,North Yorkshire,2019Q2,215271.6667,0.9,345821,1.066666667,210343.3333,1.233333333,171678,0.933333333,124500.6667,-0.6,29894.1,0.75,107.8,2752,193596.99,792681.99,3929,2742,1755,3580.02
E06000065,North Yorkshire,2019Q3,218064,0.5,350396,0.833333333,212742,0.633333333,174282.3333,0.6,125896,-1,30042.33,0.75,108.2666667,3018,321639.99,689672.01,4185,2872,1790,3656.01
E06000065,North Yorkshire,2019Q4,220364.3333,1.533333333,353335.6667,1.333333333,215650.6667,1.9,175728.6667,1.533333333,127672.3333,0.966666667,29991.74333,0.75,108.4333333,3017,130221.99,477507.99,3717,2727,1701,3990
E06000065,North Yorkshire,2020Q1,219321,2,351091.3333,1.4,214864,2.5,175135,2.433333333,126891.6667,1.433333333,29941.15,0.533333333,108.4666667,2173,108819,364535.01,3327,2543,1646,4024.02
E06000065,North Yorkshire,2020Q2,217535,1.066666667,350066.3333,1.233333333,213328,1.433333333,173856.6667,1.266666667,122963.6667,-1.2,29890.92667,0.1,108.5333333,1318,9206.01,6153.99,2397,2077,1954,1573.02
E06000065,North Yorkshire,2020Q3,223117.6667,2.333333333,358108.3333,2.2,218850.3333,2.866666667,178824.6667,2.6,126160,0.2,29888.87333,0.1,108.9333333,2597,188156.01,63846.99,3313,2754,2173,1110
E06000065,North Yorkshire,2020Q4,229685,4.233333333,371152,5.066666667,224870.3333,4.233333333,183973.3333,4.7,127784.6667,0.1,29911.22667,0.1,109.0666667,3511,154866.99,66060,2822,2401,2052,2266.02
E06000065,North Yorkshire,2021Q1,235700.3333,7.466666667,376418.3333,7.2,230936.6667,7.466666667,189207,8.033333333,135567.3333,6.833333333,29933.49667,0.1,109.1666667,3874,132414,37779.99,2179,2081,2016,3291
E06000065,North Yorkshire,2021Q2,236157.6667,8.566666667,374801.6667,7.033333333,231137,8.366666667,190159.6667,9.4,138110,12.33333333,29955.52333,0.1,110.7333333,4291,155789.01,49665,2766,2976,2510,3336
E06000065,North Yorkshire,2021Q3,239840.3333,7.5,380972,6.4,235300,7.5,193026,7.933333333,139023.3333,10.2,30120.76333,0.1,111.9333333,3747,397026.99,105240.99,3110,3274,2453,3003.99
E06000065,North Yorkshire,2021Q4,243811,6.2,391282,5.4,238946,6.266666667,194774.3333,5.866666667,139450.3333,9.166666667,30357.84,0.15,114.4,2667,212738.01,209291.01,2831,2974,2231,3322.02
E06000065,North Yorkshire,2022Q1,252369,7.066666667,404791,7.533333333,247874,7.333333333,201639.3333,6.566666667,143553,5.933333333,30594.05667,0.5,115.9333333,2512,231531.99,244452,2721,2911,2111,3880.98
E06000065,North Yorkshire,2022Q2,257311.6667,8.966666667,411553.3333,9.833333333,252918.6667,9.4,206487,8.6,145799.6667,5.566666667,30827.68667,1,120.8666667,2859,320414.01,366537,3091,3041,2174,3633
E06000065,North Yorkshire,2022Q3,267160,11.43333333,426137.6667,11.86666667,262979.6667,11.76666667,215402.6667,11.63333333,150390.6667,8.166666667,30907,1.75,123.1333333,3200,580814.01,433932.99,3265,3162,3007,4697.01
E06000065,North Yorkshire,2022Q4,269252,10.43333333,431059,10.2,264726.3333,10.83333333,216812,11.33333333,150631.6667,8.033333333,30907,2.916666667,126.7,3170,294774.99,351239.01,2956,3027,2373,5063.01
E06000065,North Yorkshire,2023Q1,265000.6667,5,425701,5.166666667,260957.3333,5.266666667,212256,5.266666667,147856.6667,3,30907,3.916666667,127.7333333,2023,297594.99,399660.99,3185,2805,2410,4217.01
E06000065,North Yorkshire,2023Q2,262060,1.833333333,421896.3333,2.533333333,258155.3333,2.1,209034.6667,1.266666667,146292.3333,0.333333333,30907,4.583333333,131.0666667,2094,295668,630632.01,3393,3085,2218,6334.02
E06000065,North Yorkshire,2023Q3,265600,-0.6,426162.6667,-2.78E-17,261679.6667,-0.466666667,213244.6667,-1,147430.6667,-1.966666667,30907,5.166666667,131.4,2433,573971.01,532428,3400,3039,2214,22484.01
E06000065,North Yorkshire,2023Q4,264134,-1.933333333,423596.3333,-1.733333333,260417.6667,-1.666666667,211916,-2.266666667,146788,-2.566666667,30907,5.25,131.9666667,2413,265236.99,392259.99,2979,2786,2059,28443
E06000065,North Yorkshire,2024Q1,261209.6667,-1.433333333,418197,-1.766666667,257611,-1.3,209728.3333,-1.2,145472.3333,-1.6,30907,5.25,132.2666667,1961,229845.99,454544.01,2998,2589,1821,10417.02
E06000065,North Yorkshire,2024Q2,259789.3333,-0.866666667,413534,-2,256201.3333,-0.766666667,209371,0.2,145955,-0.233333333,30907,5.25,133.8333333,2298,204254.01,728825.01,3182,2928,1957,5466
E06000065,North Yorkshire,2024Q3,264566.3333,-0.366666667,420642.6667,-1.3,261005,-0.266666667,214403,0.566666667,147147.3333,-0.2,30907,5.083333333,134.1,2780,388326.99,555722.01,3321,2918,1835,8415.99
E06000065,North Yorkshire,2024Q4,268482,1.666666667,429240,1.333333333,265144.3333,1.833333333,216639,2.233333333,147960.3333,0.833333333,30907,4.833333333,135.2333333,2970,145505.01,420449.01,2884,2533,1741,16455
E06000065,North Yorkshire,2025Q1,267596.6667,2.466666667,427951.3333,2.333333333,264905.6667,2.866666667,216018.6667,3,146286,0.566666667,30907,4.583333333,135.9666667,2945,151643.01,452067.99,2662,2590,1789,16068
E06000065,North Yorkshire,2025Q2,263845,1.566666667,422432.3333,2.166666667,262201,2.366666667,212739.6667,1.633333333,142761.6667,-2.2,30907,4.333333333,138.5,1567,185370,790707.99,3090,2847,1959,12370.02
E06000065,North Yorkshire,2025Q3,269889.3333,2.033333333,431662,2.633333333,269160.3333,3.133333333,218271.6667,1.8,144169,-2.033333333,30907,4.083333333,139.2,2137,376097.01,568923.99,3094,2934,1941,13254.99
E06000065,North Yorkshire,2025Q4,274659.3333,2.3,438721,2.2,274723.3333,3.633333333,222285,2.6,145953,-1.333333333,30907,3.916666667,139.8,2193,116405.01,429636,2639,2758,1828,13194
E06000057,Northumberland,2015Q2,137880.3333,1.3,242985.6667,1.866666667,130213.6667,1.4,109123.3333,0.8,77938.33333,0.8,25095.35,0.5,100.0666667,1256,124947,668316,2312,632,276,3248.01
E06000057,Northumberland,2015Q3,144738.6667,3.966666667,254521.3333,4.333333333,136983,4.333333333,114696,3.5,81456,3.433333333,25337.33333,0.5,100.1666667,1379,240512.01,539514.99,2373,703,339,3229.98
E06000057,Northumberland,2015Q4,144535.6667,3.766666667,255333.3333,4.366666667,136755.6667,4.033333333,114207.6667,3.333333333,81045,2.633333333,25672.94333,0.5,100.3,1400,95876.01,339126.99,2308,876,622,3192.99
E06000057,Northumberland,2016Q1,141584.3333,3.066666667,250163.3333,3.366666667,134234,3.466666667,111721,2.766666667,79236,1.6,26008.55333,0.5,99.83333333,1278,89624.01,356235.99,2310,1073,790,2772
E06000057,Northumberland,2016Q2,141768.6667,2.833333333,249644.3333,2.733333333,134007,2.9,112301.3333,2.933333333,79849,2.466666667,26341.72333,0.5,100.4,1183,147306.99,652428.99,2532,1125,930,2474.01
E06000057,Northumberland,2016Q3,147835.6667,2.133333333,260172.3333,2.233333333,139625.3333,1.933333333,117264,2.233333333,83239.66667,2.2,26564.13,0.333333333,100.8666667,1427,245307,527103,2738,1144,935,2117.01
E06000057,Northumberland,2016Q4,145815.6667,0.9,258478.3333,1.266666667,137886.3333,0.833333333,114680.6667,0.466666667,82414,1.7,26729.63667,0.25,101.5,1454,94007.01,366960,2685,1105,866,2580.99
E06000057,Northumberland,2017Q1,143902,1.633333333,255788.3333,2.233333333,135903,1.233333333,112908.3333,1.066666667,81645,3.066666667,26894.53667,0.25,102,1226,96450.99,417771.99,2748,1203,1143,2469
E06000057,Northumberland,2017Q2,145568.3333,2.7,257994.3333,3.333333333,137337,2.466666667,114360.3333,1.866666667,83247,4.233333333,27057.63333,0.25,103.1666667,1455,159168.99,725610,3003,1421,1478,2187
E06000057,Northumberland,2017Q3,149415.6667,1.066666667,263793,1.4,141053.6667,1,117694,0.366666667,85483.33333,2.666666667,27170.99,0.25,103.7,1480,257796.99,563834.01,3266,1655,1618,2041.98
E06000057,Northumberland,2017Q4,148798.3333,2.033333333,263526.3333,1.933333333,140781.3333,2.1,116972,2,84305,2.3,27258.13667,0.416666667,104.5666667,1528,98865.99,388368,2925,1505,1673,1866
E06000057,Northumberland,2018Q1,148482.6667,3.2,263314.3333,2.966666667,140824.3333,3.633333333,116464.6667,3.133333333,83786.33333,2.633333333,27344.97,0.5,104.7666667,1076,97074.99,416469,2865,1648,1732,2325.99
E06000057,Northumberland,2018Q2,150784.6667,3.6,267017.3333,3.5,143233,4.266666667,118686.6667,3.766666667,84126,1.066666667,27430.84667,0.5,105.6666667,1474,172416.99,764279.01,3003,1752,1827,2382
E06000057,Northumberland,2018Q3,152597.6667,2.133333333,270558.3333,2.566666667,144997.6667,2.833333333,120061.3333,2.033333333,84794.33333,-0.8,27454.98667,0.666666667,106.3,1519,284828.01,624605.01,3001,1728,1856,2611.98
E06000057,Northumberland,2018Q4,150091,0.866666667,266666.6667,1.2,142745,1.4,117790,0.7,83250.66667,-1.233333333,27447.45,0.75,106.9333333,1534,108036,434286,2880,1544,1659,2776.98
E06000057,Northumberland,2019Q1,146356.3333,-1.433333333,260762.6667,-0.966666667,139288.6667,-1.1,114488,-1.7,81076.33333,-3.233333333,27439.94333,0.75,106.7,1161,112719,453599.01,2801,1542,1698,3853.98
E06000057,Northumberland,2019Q2,145262.6667,-3.666666667,257949,-3.4,138507.6667,-3.3,114041,-3.9,79921,-4.966666667,27432.52,0.75,107.8,1382,193596.99,792681.99,2781,1679,1868,3580.02
E06000057,Northumberland,2019Q3,150858,-1.133333333,267508,-1.133333333,143546.3333,-1,118862.6667,-0.966666667,82961.33333,-2.166666667,27603.66667,0.75,108.2666667,1439,321639.99,689672.01,2808,1669,1910,3656.01
E06000057,Northumberland,2019Q4,148606.3333,-1,263440,-1.2,141742.3333,-0.666666667,116950,-0.733333333,81489,-2.133333333,27864.64,0.75,108.4333333,1492,130221.99,477507.99,2727,1501,1737,3990
E06000057,Northumberland,2020Q1,148992.3333,1.866666667,264435,1.4,142395.6667,2.266666667,117084,2.266666667,81279.66667,0.233333333,28125.61667,0.533333333,108.4666667,1148,108819,364535.01,2516,1482,1760,4024.02
E06000057,Northumberland,2020Q2,149988,3.266666667,267303.3333,3.633333333,143216,3.433333333,117757.3333,3.266666667,81057,1.433333333,28384.69,0.1,108.5333333,660,9206.01,6153.99,1810,1388,1979,1573.02
E06000057,Northumberland,2020Q3,155133.3333,2.833333333,275799.3333,3.1,148263.6667,3.266666667,122101.6667,2.733333333,83641.66667,0.833333333,28570.43667,0.1,108.9333333,1167,188156.01,63846.99,2090,1764,2326,1110
E06000057,Northumberland,2020Q4,163177.6667,9.833333333,290949.3333,10.43333333,155392.3333,9.633333333,128854,10.16666667,86954.33333,6.733333333,28718.36,0.1,109.0666667,1650,154866.99,66060,1814,1480,1983,2266.02
E06000057,Northumberland,2021Q1,166317.3333,11.63333333,292544,10.63333333,158203.6667,11.13333333,132695.6667,13.3,90966.66667,11.9,28865.74333,0.1,109.1666667,1674,132414,37779.99,1677,1312,1808,3291
E06000057,Northumberland,2021Q2,168996.3333,12.66666667,295487.6667,10.56666667,160520.3333,12.1,135515,15.06666667,93639.66667,15.53333333,29011.51333,0.1,110.7333333,1890,155789.01,49665,2025,1840,2110,3336
E06000057,Northumberland,2021Q3,171587,10.63333333,299966,8.8,163410.6667,10.23333333,137476.3333,12.6,94473,12.96666667,29340.76333,0.1,111.9333333,1782,397026.99,105240.99,2043,1664,1818,3003.99
E06000057,Northumberland,2021Q4,169130.6667,3.666666667,298582.3333,2.666666667,160706.3333,3.433333333,134721,4.6,92002,5.833333333,29761.17333,0.15,114.4,1547,212738.01,209291.01,2034,1634,1718,3322.02
E06000057,Northumberland,2022Q1,173424,4.3,305883.6667,4.6,165065,4.333333333,138207.6667,4.133333333,93841.66667,3.166666667,30180.05667,0.5,115.9333333,1300,231531.99,244452,2145,1806,1829,3880.98
E06000057,Northumberland,2022Q2,176847,4.666666667,311095.3333,5.3,168351,4.9,141417.6667,4.366666667,95332.66667,1.833333333,30594.35333,1,120.8666667,1448,320414.01,366537,2420,1925,1955,3633
E06000057,Northumberland,2022Q3,186695.6667,8.833333333,327201.6667,9.066666667,177926.3333,8.9,150004,9.1,99876,5.733333333,31317.92667,1.75,123.1333333,1656,580814.01,433932.99,2561,1866,1958,4697.01
E06000057,Northumberland,2022Q4,191892.6667,13.46666667,337246,12.96666667,182769.3333,13.76666667,154018.3333,14.36666667,102070.3333,10.96666667,32193.90667,2.916666667,126.7,1722,294774.99,351239.01,2371,1754,1709,5063.01
E06000057,Northumberland,2023Q1,186583.3333,7.633333333,329457.6667,7.733333333,178013.3333,7.866666667,148881.6667,7.766666667,98994.33333,5.5,33066.70333,3.916666667,127.7333333,1112,297594.99,399660.99,2398,1735,1875,4217.01
E06000057,Northumberland,2023Q2,184169.6667,4.166666667,326670,5,175666,4.366666667,146331,3.5,97610,2.4,33929.94333,4.583333333,131.0666667,1091,295668,630632.01,2466,2034,2050,6334.02
E06000057,Northumberland,2023Q3,190128,1.866666667,335816,2.666666667,181085,1.8,152113,1.433333333,99993.66667,0.133333333,34517.5,5.166666667,131.4,1264,573971.01,532428,2693,1776,1914,22484.01
E06000057,Northumberland,2023Q4,188686,-1.666666667,332952.6667,-1.3,179853.6667,-1.6,150899,-2,99403.66667,-2.6,34960.05333,5.25,131.9666667,1256,265236.99,392259.99,2333,1782,1719,28443
E06000057,Northumberland,2024Q1,188675.6667,1.1,332479,0.9,179994.6667,1.133333333,150876.6667,1.333333333,99649.33333,0.633333333,35402.61,5.25,132.2666667,1003,229845.99,454544.01,2530,1853,1691,10417.02
E06000057,Northumberland,2024Q2,184061,-0.066666667,322495.3333,-1.233333333,175540,-0.033333333,147721.6667,0.933333333,98094.66667,0.466666667,35841.94667,5.25,133.8333333,1251,204254.01,728825.01,2537,1811,1680,5466
E06000057,Northumberland,2024Q3,193635.3333,1.866666667,338472,0.833333333,184694.3333,2,156284,2.766666667,102120.6667,2.133333333,36279.29,5.083333333,134.1,1388,388326.99,555722.01,2810,1896,1769,8415.99
E06000057,Northumberland,2024Q4,195609.3333,3.633333333,343682.6667,3.233333333,186763.3333,3.866666667,157286,4.233333333,102278.6667,2.9,36714.01667,4.833333333,135.2333333,1626,145505.01,420449.01,2310,1786,1648,16455
E06000057,Northumberland,2025Q1,196523.6667,4.166666667,345258,3.866666667,188226.3333,4.6,158039,4.766666667,101918,2.3,37147.16,4.583333333,135.9666667,1463,151643.01,452067.99,2097,1682,1701,16068
E06000057,Northumberland,2025Q2,192967,4.866666667,339964.6667,5.433333333,185373.6667,5.633333333,154755.3333,4.8,98871.66667,0.833333333,37575.56333,4.333333333,138.5,887,185370,790707.99,2339,2058,1892,12370.02
E06000057,Northumberland,2025Q3,204709,5.7,360063,6.366666667,197178.3333,6.733333333,164722.6667,5.366666667,103315.6667,1.166666667,37721,4.083333333,139.2,1079,376097.01,568923.99,2442,1893,1925,13254.99
E06000057,Northumberland,2025Q4,212153.6667,8.433333333,372761.3333,8.433333333,205043,9.8,170698.3333,8.533333333,106245,3.9,37721,3.916666667,139.8,948,116405.01,429636,2273,1713,1651,13194
E08000006,Salford,2015Q2,112949,5.866666667,215698.6667,6.733333333,133295.6667,6.2,104737.3333,5.566666667,86859.66667,5.566666667,24289.86333,0.5,100.0666667,1058,124947,668316,2910,848,640,3248.01
E08000006,Salford,2015Q3,115908.6667,6.533333333,221319.6667,7.433333333,137159,6.966666667,107917.6667,6.2,88547.66667,6.133333333,24487.16667,0.5,100.1666667,1295,240512.01,539514.99,2728,902,663,3229.98
E08000006,Salford,2015Q4,116966.3333,5.8,225507.6667,7.3,138607,6.333333333,108720.3333,5.633333333,89120.33333,5.1,24727.85333,0.5,100.3,1294,95876.01,339126.99,3170,882,638,3192.99
E08000006,Salford,2016Q1,118685,5.366666667,228357.3333,6.533333333,141003.6667,6.266666667,110330.3333,5.633333333,90257.33333,3.966666667,24968.54333,0.5,99.83333333,1376,89624.01,356235.99,2905,917,610,2772
E08000006,Salford,2016Q2,125450.6667,11.06666667,240612,11.56666667,148594,11.46666667,116567.3333,11.3,95813.33333,10.3,25207.47667,0.5,100.4,1015,147306.99,652428.99,2795,1005,689,2474.01
E08000006,Salford,2016Q3,130555.6667,12.66666667,249937.3333,12.93333333,154303,12.5,121200.6667,12.3,100066.3333,13,25423.2,0.333333333,100.8666667,1153,245307,527103,2828,1011,763,2117.01
E08000006,Salford,2016Q4,132746.3333,13.46666667,256366.3333,13.66666667,157147.3333,13.36666667,122210.6667,12.4,102172.6667,14.63333333,25626.38,0.25,101.5,1392,94007.01,366960,3522,1204,1090,2580.99
E08000006,Salford,2017Q1,136355.3333,14.9,264092.6667,15.63333333,160978.6667,14.2,125027.6667,13.33333333,105554,16.93333333,25828.81333,0.25,102,1023,96450.99,417771.99,3399,1313,1260,2469
E08000006,Salford,2017Q2,136983.6667,9.233333333,264097.6667,9.766666667,161669,8.8,125584.6667,7.766666667,106228.6667,10.93333333,26029.03,0.25,103.1666667,1046,159168.99,725610,3710,1595,1676,2187
E08000006,Salford,2017Q3,142631.6667,9.233333333,273017.3333,9.233333333,168335.6667,9.1,131190.6667,8.233333333,110485.3333,10.4,26109.70333,0.25,103.7,1356,257796.99,563834.01,3861,1896,2406,2041.98
E08000006,Salford,2017Q4,142201,7.133333333,273909.3333,6.9,168509,7.266666667,130831.6667,7.033333333,109515,7.2,26128.78667,0.416666667,104.5666667,1471,98865.99,388368,3622,1873,2095,1866
E08000006,Salford,2018Q1,145514.6667,6.7,280787,6.333333333,172606.3333,7.2,133549,6.8,112181,6.3,26147.80333,0.5,104.7666667,1007,97074.99,416469,3502,1960,2112,2325.99
E08000006,Salford,2018Q2,146369.6667,6.866666667,282920.3333,7.1,174150.3333,7.733333333,135061,7.533333333,112021,5.466666667,26166.61667,0.5,105.6666667,1048,172416.99,764279.01,3434,2126,2361,2382
E08000006,Salford,2018Q3,145041.6667,1.7,280841.6667,2.866666667,172972.3333,2.766666667,133865,2.033333333,110708.3333,0.2,26301.85,0.666666667,106.3,1309,284828.01,624605.01,3368,2186,2234,2611.98
E08000006,Salford,2018Q4,151408.3333,6.466666667,294349,7.5,180859.3333,7.333333333,139717,6.8,115282.6667,5.266666667,26495.48333,0.75,106.9333333,1286,108036,434286,3486,2048,2181,2776.98
E08000006,Salford,2019Q1,150800,3.633333333,294098.3333,4.766666667,180506.6667,4.566666667,138736.3333,3.9,114794,2.333333333,26688.41,0.75,106.7,890,112719,453599.01,3480,2077,2256,3853.98
E08000006,Salford,2019Q2,149467.3333,2.1,291005.3333,2.866666667,179372,3.033333333,138110.6667,2.266666667,113164.3333,1.033333333,26879.22333,0.75,107.8,1170,193596.99,792681.99,3187,2101,2126,3580.02
E08000006,Salford,2019Q3,154032.3333,6.2,298698,6.366666667,184570.6667,6.733333333,142884.3333,6.733333333,116512.3333,5.233333333,27371.16667,0.75,108.2666667,1378,321639.99,689672.01,2230,1076,1118,3656.01
E08000006,Salford,2019Q4,152893.6667,0.966666667,297502.6667,1.1,184236.6667,1.866666667,141763.3333,1.466666667,115055.3333,-0.2,28013.08333,0.75,108.4333333,1151,130221.99,477507.99,3351,1762,1665,3990
E08000006,Salford,2020Q1,154893.3333,2.733333333,302843.3333,2.966666667,187248.3333,3.7,143808.3333,3.666666667,116046,1.066666667,28655,0.533333333,108.4666667,828,108819,364535.01,3307,1708,1537,4024.02
E08000006,Salford,2020Q2,156133.3333,4.466666667,306436.6667,5.3,188729.6667,5.233333333,145098.6667,5.066666667,116862,3.266666667,29292.25,0.1,108.5333333,485,9206.01,6153.99,2090,1646,1939,1573.02
E08000006,Salford,2020Q3,157186,2.066666667,307637.3333,3,190970,3.466666667,146851.3333,2.766666667,116858.3333,0.3,29251.13,0.1,108.9333333,792,188156.01,63846.99,2853,1941,2191,1110
E08000006,Salford,2020Q4,164375.6667,7.533333333,324136.6667,8.966666667,200434,8.766666667,154873.6667,9.266666667,120937,5.133333333,28866.63667,0.1,109.0666667,1048,154866.99,66060,2711,1685,2079,2266.02
E08000006,Salford,2021Q1,180278,16.4,349110.3333,15.26666667,218442.6667,16.63333333,170373.6667,18.43333333,133764.3333,15.23333333,28483.53667,0.1,109.1666667,1416,132414,37779.99,2516,1956,2548,3291
E08000006,Salford,2021Q2,184631.3333,18.26666667,354644.6667,15.76666667,222156.6667,17.73333333,174740.6667,20.46666667,138072.6667,18.16666667,28104.63333,0.1,110.7333333,1135,155789.01,49665,2628,2200,2814,3336
E08000006,Salford,2021Q3,197142.3333,25.43333333,380683.3333,23.76666667,238752,25.03333333,187580.3333,27.76666667,145151.6667,24.23333333,28506.95,0.1,111.9333333,1418,397026.99,105240.99,2804,2160,2631,3003.99
E08000006,Salford,2021Q4,203741.3333,23.96666667,399001,23.06666667,248648.6667,24.03333333,194073.6667,25.3,147609.6667,22.03333333,29304.82667,0.15,114.4,1140,212738.01,209291.01,3234,2184,2630,3322.02
E08000006,Salford,2022Q1,206935,14.93333333,404560,15.96666667,253333.3333,16.06666667,197630,16.13333333,148968.6667,11.6,30099.80333,0.5,115.9333333,1013,231531.99,244452,3133,2121,2808,3880.98
E08000006,Salford,2022Q2,207745,12.53333333,405581.6667,14.36666667,254533.6667,14.56666667,198908.6667,13.83333333,149101.6667,8,30886.07333,1,120.8666667,885,320414.01,366537,3381,2501,3217,3633
E08000006,Salford,2022Q3,213660.3333,8.366666667,416106.3333,9.333333333,262756.6667,10.06666667,206220,9.933333333,151681.6667,4.5,31296.39,1.75,123.1333333,1148,580814.01,433932.99,3372,2436,3370,4697.01
E08000006,Salford,2022Q4,222451.3333,9.266666667,435336.6667,9.166666667,273881.6667,10.23333333,215101.6667,10.9,157163.6667,6.5,31511.87,2.916666667,126.7,1013,294774.99,351239.01,3339,2277,3004,5063.01
E08000006,Salford,2023Q1,213776.3333,3.3,418731.3333,3.5,262757.6667,3.733333333,204717,3.566666667,152629.3333,2.466666667,31726.57,3.916666667,127.7333333,801,297594.99,399660.99,3274,2178,3206,4217.01
E08000006,Salford,2023Q2,206678.3333,-0.533333333,405052.3333,-0.133333333,253543.3333,-0.4,196209,-1.366666667,148932.6667,-0.1,31938.91333,4.583333333,131.0666667,699,295668,630632.01,3171,2426,3329,6334.02
E08000006,Salford,2023Q3,210840.3333,-1.3,411092.3333,-1.166666667,259015.6667,-1.366666667,201859,-2.1,150870.3333,-0.5,32412.33333,5.166666667,131.4,763,573971.01,532428,3088,2170,2933,22484.01
E08000006,Salford,2023Q4,213564.3333,-3.966666667,415524.6667,-4.533333333,262122,-4.266666667,204405.3333,-4.966666667,153075.6667,-2.566666667,33015.43,5.25,131.9666667,704,265236.99,392259.99,2879,2255,2756,28443
E08000006,Salford,2024Q1,210250,-1.633333333,408160.6667,-2.533333333,257892.6667,-1.833333333,201082.3333,-1.733333333,150986,-1.066666667,33618.52667,5.25,132.2666667,622,229845.99,454544.01,2872,2132,2704,10417.02
E08000006,Salford,2024Q2,216313.6667,4.666666667,415566,2.6,264309.3333,4.266666667,206840.3333,5.433333333,156481.3333,5.066666667,34217.23667,5.25,133.8333333,724,204254.01,728825.01,2809,2273,2564,5466
E08000006,Salford,2024Q3,218917,3.833333333,420255.6667,2.233333333,268003.6667,3.466666667,211034.3333,4.566666667,156966.3333,4.033333333,34509.08,5.083333333,134.1,1005,388326.99,555722.01,3021,2195,2819,8415.99
E08000006,Salford,2024Q4,221591,3.766666667,428742.6667,3.2,271617.3333,3.633333333,213325.6667,4.366666667,158468.3333,3.533333333,34644.44667,4.833333333,135.2333333,979,145505.01,420449.01,2646,2253,2600,16455
E08000006,Salford,2025Q1,223516.3333,6.333333333,433535,6.233333333,274394.3333,6.4,215223.3333,7.033333333,159471.6667,5.633333333,34779.31667,4.583333333,135.9666667,1155,151643.01,452067.99,2553,2281,2659,16068
E08000006,Salford,2025Q2,229933,6.3,447518,7.666666667,283509,7.266666667,221364.6667,7.033333333,163129,4.266666667,34912.71333,4.333333333,138.5,623,185370,790707.99,2689,2416,2990,12370.02
E08000006,Salford,2025Q3,224660.6667,2.633333333,436929,3.966666667,278226.6667,3.8,217480.3333,3.033333333,157725.3333,0.5,34958,4.083333333,139.2,744,376097.01,568923.99,2761,2368,2918,13254.99
E08000006,Salford,2025Q4,227414.6667,2.633333333,439583,2.533333333,281839.6667,3.766666667,220575,3.4,159519,0.666666667,34958,3.916666667,139.8,669,116405.01,429636,2548,2110,2869,13194
E08000014,Sefton,2015Q2,132824.6667,0.733333333,235702,1.133333333,143144,0.866666667,104741.3333,0.3,86440.66667,0.4,24620.67,0.5,100.0666667,942,124947,668316,2515,834,631,3248.01
E08000014,Sefton,2015Q3,136263.3333,0.666666667,241442,0.966666667,147059.6667,0.933333333,107727,0.3,88143.66667,0.1,24727,0.5,100.1666667,1133,240512.01,539514.99,2443,887,660,3229.98
E08000014,Sefton,2015Q4,139054.6667,3.333333333,247630.6667,3.866666667,150096.3333,3.6,109552.6667,2.966666667,89794,2.366666667,24964.43333,0.5,100.3,1132,95876.01,339126.99,2594,869,612,3192.99
E08000014,Sefton,2016Q1,140295,6.5,249784.3333,6.8,151691,7,110429,6.4,90254,4.966666667,25201.86333,0.5,99.83333333,1068,89624.01,356235.99,2299,832,669,2772
E08000014,Sefton,2016Q2,141109.6667,6.233333333,249899,6.033333333,152453,6.5,111466.6667,6.4,91133.66667,5.433333333,25437.56667,0.5,100.4,951,147306.99,652428.99,2290,976,796,2474.01
E08000014,Sefton,2016Q3,147335.3333,8.133333333,260883,8.066666667,159049.3333,8.166666667,116451.3333,8.133333333,95336.66667,8.133333333,25731.58667,0.333333333,100.8666667,1091,245307,527103,2457,988,1070,2117.01
E08000014,Sefton,2016Q4,145051,4.333333333,258301,4.333333333,156663.3333,4.4,113540,3.666666667,94293.66667,5,26054.05,0.25,101.5,1042,94007.01,366960,2671,880,956,2580.99
E08000014,Sefton,2017Q1,142951,1.9,254754.6667,2,154292,1.766666667,111776.3333,1.233333333,93151.33333,3.233333333,26375.34333,0.25,102,822,96450.99,417771.99,2598,962,900,2469
E08000014,Sefton,2017Q2,147548.6667,4.566666667,261738.6667,4.7,159111.3333,4.366666667,115360.3333,3.5,96920.66667,6.333333333,26693.12,0.25,103.1666667,1039,159168.99,725610,2794,1135,1233,2187
E08000014,Sefton,2017Q3,152191.3333,3.3,268673.3333,2.966666667,164138,3.2,119389.3333,2.533333333,100084,5,27056.53,0.25,103.7,1166,257796.99,563834.01,2669,1089,1169,2041.98
E08000014,Sefton,2017Q4,156022,7.6,276746.3333,7.133333333,168550.3333,7.6,122230.3333,7.7,101711,7.866666667,27440.52333,0.416666667,104.5666667,1188,98865.99,388368,2835,1148,1210,1866
E08000014,Sefton,2018Q1,153130,7.133333333,271807.6667,6.7,165682.6667,7.4,120018,7.366666667,99227.66667,6.533333333,27823.12667,0.5,104.7666667,894,97074.99,416469,2453,1225,1383,2325.99
E08000014,Sefton,2018Q2,150422,1.966666667,266888.3333,1.966666667,163208,2.6,118197.6667,2.466666667,96362.66667,-0.6,28201.53667,0.5,105.6666667,1000,172416.99,764279.01,2449,1518,1834,2382
E08000014,Sefton,2018Q3,153684.3333,0.966666667,273588.6667,1.833333333,166772.3333,1.6,120573.6667,0.966666667,98204.66667,-1.9,28277.35667,0.666666667,106.3,1135,284828.01,624605.01,2390,1499,1653,2611.98
E08000014,Sefton,2018Q4,158239.3333,1.433333333,282168,1.966666667,171779,1.933333333,124074.6667,1.533333333,100868.3333,-0.833333333,28198.24667,0.75,106.9333333,1240,108036,434286,2426,1401,1453,2776.98
E08000014,Sefton,2019Q1,157275.3333,2.733333333,281095.6667,3.466666667,170900,3.2,122905.6667,2.466666667,100095,0.966666667,28119.42667,0.75,106.7,898,112719,453599.01,2130,1444,1443,3853.98
E08000014,Sefton,2019Q2,157512.6667,4.733333333,280218.3333,4.966666667,171497,5.1,123632,4.6,99597.33333,3.366666667,28041.46333,0.75,107.8,1002,193596.99,792681.99,2289,1532,1482,3580.02
E08000014,Sefton,2019Q3,160918,4.7,285927.6667,4.533333333,174978.6667,4.933333333,126811,5.2,101773.3333,3.633333333,28269.67,0.75,108.2666667,1116,321639.99,689672.01,2394,1662,1783,3656.01
E08000014,Sefton,2019Q4,162596.6667,2.766666667,289209,2.5,177052.6667,3.066666667,127849.3333,3.033333333,102568,1.7,28652.36,0.75,108.4333333,1136,130221.99,477507.99,2425,1578,1580,3990
E08000014,Sefton,2020Q1,157094,-0.133333333,279715,-0.466666667,171383,0.266666667,123655.3333,0.6,98285.66667,-1.8,29035.05667,0.533333333,108.4666667,904,108819,364535.01,1983,1515,1577,4024.02
E08000014,Sefton,2020Q2,156537.6667,-0.6,279516.3333,-0.233333333,170950,-0.3,123461,-0.133333333,97064,-2.566666667,29414.97,0.1,108.5333333,532,9206.01,6153.99,1444,1405,1898,1573.02
E08000014,Sefton,2020Q3,160871.3333,-0.066666667,286425.3333,0.166666667,176033.3333,0.633333333,126903,0.066666667,99468.66667,-2.266666667,29671.01667,0.1,108.9333333,952,188156.01,63846.99,1937,1729,2046,1110
E08000014,Sefton,2020Q4,169067.6667,4.033333333,302612.6667,4.666666667,185098.6667,4.566666667,133638.3333,4.566666667,103415.6667,0.866666667,29863.39,0.1,109.0666667,1323,154866.99,66060,1852,1554,1873,2266.02
E08000014,Sefton,2021Q1,176343,12.26666667,310547.6667,11.03333333,192511.6667,12.33333333,140545.3333,13.66666667,109892,11.8,30055.06667,0.1,109.1666667,1319,132414,37779.99,1670,1379,2034,3291
E08000014,Sefton,2021Q2,177107,13.13333333,309752.3333,10.8,192652,12.7,142381,15.3,111262.3333,14.63333333,30244.64,0.1,110.7333333,1430,155789.01,49665,1905,1968,2611,3336
E08000014,Sefton,2021Q3,179581.6667,11.63333333,315078,10,195759,11.2,144122.3333,13.56666667,111879.3333,12.5,30428.99333,0.1,111.9333333,1372,397026.99,105240.99,2204,2213,2777,3003.99
E08000014,Sefton,2021Q4,183480.3333,8.533333333,325750.3333,7.633333333,200513,8.366666667,146058.6667,9.333333333,112849,9.166666667,30609.31333,0.15,114.4,1055,212738.01,209291.01,2090,2100,2494,3322.02
E08000014,Sefton,2022Q1,189019,7.2,335234.6667,7.966666667,206986.6667,7.533333333,150727.6667,7.266666667,115471,5.066666667,30788.97667,0.5,115.9333333,1006,231531.99,244452,1957,2013,2712,3880.98
E08000014,Sefton,2022Q2,193281.6667,9.133333333,341998.3333,10.4,211814.6667,9.966666667,154792.3333,8.766666667,117579.3333,5.666666667,30966.67667,1,120.8666667,1097,320414.01,366537,1981,2301,2813,3633
E08000014,Sefton,2022Q3,201287.3333,12.06666667,354654.6667,12.56666667,220967,12.86666667,162144.3333,12.5,121547.3333,8.666666667,31464.53,1.75,123.1333333,1158,580814.01,433932.99,1918,2191,2961,4697.01
E08000014,Sefton,2022Q4,203205.6667,10.76666667,359142.6667,10.23333333,222985.3333,11.2,163749.6667,12.13333333,122171,8.266666667,32122.02,2.916666667,126.7,1137,294774.99,351239.01,1849,2030,2491,5063.01
E08000014,Sefton,2023Q1,200262,6,355836,6.133333333,219919,6.266666667,160392.3333,6.433333333,120063,4.033333333,32777.11667,3.916666667,127.7333333,856,297594.99,399660.99,1903,1927,2483,4217.01
E08000014,Sefton,2023Q2,199809.3333,3.366666667,356780,4.333333333,219576.6667,3.666666667,158804.3333,2.566666667,119778.6667,1.866666667,33425.04,4.583333333,131.0666667,711,295668,630632.01,1769,2266,2558,6334.02
E08000014,Sefton,2023Q3,202530,0.6,359774.6667,1.433333333,222729.3333,0.8,162094.3333,-0.033333333,120812.6667,-0.6,34173.33333,5.166666667,131.4,859,573971.01,532428,1670,2011,2155,22484.01
E08000014,Sefton,2023Q4,201241,-0.966666667,357212.3333,-0.533333333,221096.6667,-0.833333333,161204.3333,-1.533333333,120308.3333,-1.5,34967.27667,5.25,131.9666667,928,265236.99,392259.99,1590,1759,1881,28443
E08000014,Sefton,2024Q1,198958.6667,-0.633333333,352684.6667,-0.866666667,218570.6667,-0.6,159352.3333,-0.666666667,119162.3333,-0.733333333,35761.22,5.25,132.2666667,749,229845.99,454544.01,1506,1637,1893,10417.02
E08000014,Sefton,2024Q2,199738.3333,-0.033333333,351848.3333,-1.366666667,219162.3333,-0.2,160338.6667,0.966666667,120477,0.6,36549.39,5.25,133.8333333,857,204254.01,728825.01,1705,1881,2167,5466
E08000014,Sefton,2024Q3,206835.3333,2.133333333,364141.6667,1.2,227131,1.966666667,167192,3.166666667,123431.3333,2.2,36835.39,5.083333333,134.1,1013,388326.99,555722.01,1811,2030,1988,8415.99
E08000014,Sefton,2024Q4,213805.6667,6.266666667,378553.6667,6,234922.6667,6.266666667,172535.3333,7.033333333,126938,5.5,36866.03,4.833333333,135.2333333,1146,145505.01,420449.01,1777,1714,1794,16455
E08000014,Sefton,2025Q1,213537.3333,7.333333333,377820,7.133333333,234943.3333,7.5,172938.6667,8.533333333,125870.6667,5.633333333,36896.55667,4.583333333,135.9666667,1130,151643.01,452067.99,1550,1614,1819,16068
E08000014,Sefton,2025Q2,214136.6667,7.2,379410.3333,7.833333333,236362,7.833333333,173594.6667,8.266666667,124803,3.566666667,36926.75,4.333333333,138.5,623,185370,790707.99,1658,1928,2041,12370.02
E08000014,Sefton,2025Q3,216247,4.6,382445,5.1,239464,5.466666667,176276,5.466666667,124356.3333,0.8,36937,4.083333333,139.2,745,376097.01,568923.99,1682,1903,2178,13254.99
E08000014,Sefton,2025Q4,217714.3333,1.833333333,383998,1.433333333,241482.3333,2.8,178131.3333,3.233333333,124484.6667,-1.933333333,36937,3.916666667,139.8,684,116405.01,429636,1650,1790,1912,13194
E08000039,Sheffield,2015Q2,134598,3.966666667,236059.3333,4.5,142275.6667,4.2,118365.6667,3.6,93521.66667,3.766666667,25236.94333,0.5,100.0666667,1742,124947,668316,7240,1842,1081,3248.01
E08000039,Sheffield,2015Q3,141771.3333,6.9,248509.3333,7.333333333,150079.3333,7.233333333,124880.3333,6.566666667,97782,6.566666667,25415.66667,0.5,100.1666667,2256,240512.01,539514.99,7154,1755,1057,3229.98
E08000039,Sheffield,2015Q4,140885.3333,3.266666667,248882.6667,4.1,149245.6667,3.533333333,123830,3,96747.66667,2.433333333,25612.02333,0.5,100.3,2116,95876.01,339126.99,7584,1918,1081,3192.99
E08000039,Sheffield,2016Q1,140399,4.033333333,247535,4.666666667,149067.6667,4.5,123201,3.866666667,96480.66667,2.666666667,25808.38,0.5,99.83333333,1923,89624.01,356235.99,7195,1877,1194,2772
E08000039,Sheffield,2016Q2,142360.6667,5.766666667,250072.6667,5.933333333,150833.6667,6.033333333,125219.3333,5.766666667,98126,4.9,26003.31,0.5,100.4,1477,147306.99,652428.99,7392,2149,1316,2474.01
E08000039,Sheffield,2016Q3,146578,3.433333333,257099,3.466666667,155101.3333,3.366666667,129003.6667,3.3,101361,3.666666667,26207.37667,0.333333333,100.8666667,2096,245307,527103,7308,2022,1338,2117.01
E08000039,Sheffield,2016Q4,144464,2.566666667,255692.6667,2.766666667,153280,2.7,126257,1.966666667,100070,3.433333333,26415.32333,0.25,101.5,1938,94007.01,366960,8801,2322,1888,2580.99
E08000039,Sheffield,2017Q1,145315.3333,3.5,257560,4.033333333,153872,3.233333333,126826,2.933333333,101325,5.033333333,26622.51333,0.25,102,1716,96450.99,417771.99,8354,2574,2585,2469
E08000039,Sheffield,2017Q2,145299.6667,2.066666667,256314.6667,2.5,153646,1.866666667,126804,1.3,102054.3333,3.966666667,26827.43333,0.25,103.1666667,1756,159168.99,725610,8869,2875,2434,2187
E08000039,Sheffield,2017Q3,152421.3333,3.966666667,267688,4.1,161250,3.966666667,133305.3333,3.366666667,106894.6667,5.466666667,27025.35,0.25,103.7,2166,257796.99,563834.01,8483,2876,3033,2041.98
E08000039,Sheffield,2017Q4,154513.6667,6.933333333,272873,6.733333333,164087.3333,7.066666667,134959,6.9,107279,7.2,27218.22667,0.416666667,104.5666667,2100,98865.99,388368,8608,2774,2805,1866
E08000039,Sheffield,2018Q1,153681.3333,5.766666667,271090,5.266666667,163565,6.333333333,134237.6667,5.866666667,106336,4.966666667,27410.40333,0.5,104.7666667,1637,97074.99,416469,7571,2433,2521,2325.99
E08000039,Sheffield,2018Q2,156822,7.966666667,276764,8,167159,8.833333333,137338,8.333333333,107492,5.333333333,27600.47333,0.5,105.6666667,1751,172416.99,764279.01,7510,2988,3458,2382
E08000039,Sheffield,2018Q3,159046,4.366666667,281148.3333,5.066666667,169526.6667,5.166666667,139215.6667,4.433333333,108955.3333,1.933333333,27794.18667,0.666666667,106.3,2022,284828.01,624605.01,7226,2949,3767,2611.98
E08000039,Sheffield,2018Q4,159955,3.533333333,283836,4.033333333,170786.6667,4.1,139818.6667,3.633333333,109040,1.666666667,27988.31667,0.75,106.9333333,2103,108036,434286,7680,3036,3340,2776.98
E08000039,Sheffield,2019Q1,159287,3.666666667,283374,4.566666667,170483.3333,4.233333333,138870.6667,3.466666667,108298.3333,1.866666667,28181.74333,0.75,106.7,1772,112719,453599.01,7148,2763,3290,3853.98
E08000039,Sheffield,2019Q2,159455,1.666666667,282277.3333,2,170829,2.2,139554.3333,1.633333333,107842,0.3,28373.05333,0.75,107.8,1778,193596.99,792681.99,7236,3064,3475,3580.02
E08000039,Sheffield,2019Q3,160897.6667,1.2,283916.6667,0.966666667,172050.3333,1.5,141196.3333,1.4,109066.6667,0.1,28425,0.75,108.2666667,1948,321639.99,689672.01,7423,3324,4047,3656.01
E08000039,Sheffield,2019Q4,164195.3333,2.666666667,290542.3333,2.333333333,176294,3.2,144013.6667,3.033333333,109995.3333,0.866666667,28405.46333,0.75,108.4333333,2035,130221.99,477507.99,7910,3368,4075,3990
E08000039,Sheffield,2020Q1,165035,3.633333333,292797.6667,3.333333333,177605.3333,4.2,144862,4.3,109451.3333,1.066666667,28385.93,0.533333333,108.4666667,1563,108819,364535.01,6994,3019,3966,4024.02
E08000039,Sheffield,2020Q2,159624.3333,0.1,284111.3333,0.633333333,171841.3333,0.6,140139.6667,0.433333333,105404.3333,-2.233333333,28366.53667,0.1,108.5333333,921,9206.01,6153.99,4248,2682,4190,1573.02
E08000039,Sheffield,2020Q3,165407.3333,2.8,293333.6667,3.3,178136.3333,3.533333333,145699,3.166666667,108819,-0.233333333,28727.17,0.1,108.9333333,1453,188156.01,63846.99,5856,3193,4365,1110
E08000039,Sheffield,2020Q4,172189.6667,4.866666667,307271.6667,5.766666667,185095,5,152143.6667,5.633333333,112362,2.133333333,29278.92667,0.1,109.0666667,2103,154866.99,66060,6026,2652,4363,2266.02
E08000039,Sheffield,2021Q1,181334.3333,9.866666667,318202,8.7,194038.6667,9.233333333,161009,11.16666667,120580,10.16666667,29828.68,0.1,109.1666667,2358,132414,37779.99,5396,2757,3907,3291
E08000039,Sheffield,2021Q2,180637,13.16666667,314261.3333,10.6,192600.3333,12.1,160956.6667,14.83333333,121365.3333,15.16666667,30372.41333,0.1,110.7333333,2169,155789.01,49665,5307,3282,4335,3336
E08000039,Sheffield,2021Q3,181708,9.866666667,317785.6667,8.366666667,194434.6667,9.166666667,161579.6667,10.9,120793.6667,11,30679.50333,0.1,111.9333333,1948,397026.99,105240.99,5947,3688,4530,3003.99
E08000039,Sheffield,2021Q4,186397,8.266666667,330415.3333,7.566666667,200069,8.1,165041,8.5,122135.6667,8.7,30863.58667,0.15,114.4,1702,212738.01,209291.01,6693,3927,4238,3322.02
E08000039,Sheffield,2022Q1,190882.6667,5.266666667,337629,6.1,205273,5.8,169169.6667,5.066666667,124491,3.3,31047.00333,0.5,115.9333333,1716,231531.99,244452,6707,3820,4277,3880.98
E08000039,Sheffield,2022Q2,194950.3333,7.9,343556,9.3,209550.6667,8.8,173363.6667,7.7,126790.3333,4.5,31228.41667,1,120.8666667,1647,320414.01,366537,6981,3876,4661,3633
E08000039,Sheffield,2022Q3,202951.6667,11.7,355868.3333,11.96666667,218439.3333,12.33333333,181494.3333,12.3,130619.3333,8.166666667,31648.48,1.75,123.1333333,1932,580814.01,433932.99,6811,3915,4874,4697.01
E08000039,Sheffield,2022Q4,214846.6667,15.26666667,378227,14.46666667,231331,15.63333333,191975,16.33333333,137783,12.83333333,32187.18,2.916666667,126.7,1873,294774.99,351239.01,7094,3887,4374,5063.01
E08000039,Sheffield,2023Q1,207907.3333,8.933333333,367119.3333,8.733333333,224086,9.166666667,184911.3333,9.333333333,133999.6667,7.666666667,32723.91667,3.916666667,127.7333333,1544,297594.99,399660.99,6950,3644,4492,4217.01
E08000039,Sheffield,2023Q2,201105.6667,3.166666667,356538.6667,3.8,216792.3333,3.5,178097.3333,2.733333333,130291.3333,2.733333333,33254.78,4.583333333,131.0666667,1158,295668,630632.01,7155,3919,4982,6334.02
E08000039,Sheffield,2023Q3,208967.3333,2.966666667,368152,3.466666667,225048.3333,3.033333333,186205.6667,2.6,134597,3.033333333,33975.33333,5.166666667,131.4,1540,573971.01,532428,6690,3685,4395,22484.01
E08000039,Sheffield,2023Q4,211258.6667,-1.666666667,371888.3333,-1.666666667,227619.3333,-1.6,188085.6667,-2.033333333,136289.6667,-1.066666667,34787.31,5.25,131.9666667,1467,265236.99,392259.99,6897,3687,4115,28443
E08000039,Sheffield,2024Q1,205436,-1.166666667,361125.3333,-1.6,221468,-1.133333333,182928.6667,-1.033333333,132499.6667,-1.1,35599.28667,5.25,132.2666667,1320,229845.99,454544.01,7182,3625,4020,10417.02
E08000039,Sheffield,2024Q2,207366.3333,3.1,362099.3333,1.566666667,223050.6667,2.9,185020.3333,3.866666667,134748,3.433333333,36405.35667,5.25,133.8333333,1407,204254.01,728825.01,6861,3756,4495,5466
E08000039,Sheffield,2024Q3,212921,1.9,371075,0.8,228983.3333,1.733333333,191015.6667,2.6,136960,1.766666667,36878.88333,5.083333333,134.1,1802,388326.99,555722.01,6779,3852,4287,8415.99
E08000039,Sheffield,2024Q4,215331.3333,1.933333333,378015.3333,1.666666667,231944,1.9,192689.3333,2.466666667,137773.6667,1.1,37182.26333,4.833333333,135.2333333,1860,145505.01,420449.01,6958,4013,3985,16455
E08000039,Sheffield,2025Q1,218425,6.3,382208,5.833333333,235708.3333,6.433333333,195951.6667,7.133333333,138755,4.733333333,37484.54,4.583333333,135.9666667,1799,151643.01,452067.99,6247,3591,4019,16068
E08000039,Sheffield,2025Q2,213206.3333,2.866666667,373209.3333,3.066666667,230889,3.5,191361.3333,3.466666667,134175.6667,-0.4,37783.50667,4.333333333,138.5,943,185370,790707.99,6025,3871,4383,12370.02
E08000039,Sheffield,2025Q3,214278,0.6,374353.3333,0.9,232705,1.633333333,193151.3333,1.133333333,133013,-2.9,37885,4.083333333,139.2,1213,376097.01,568923.99,6107,3909,4463,13254.99
E08000039,Sheffield,2025Q4,218467.3333,1.433333333,379450.6667,0.366666667,237627.6667,2.466666667,197224,2.333333333,135463.6667,-1.633333333,37885,3.916666667,139.8,1242,116405.01,429636,6217,3713,4203,13194
E06000051,Shropshire,2015Q2,181658.3333,2.4,272967.6667,2.966666667,166133,2.333333333,134563,1.766666667,101810.6667,1.8,25544.76667,0.5,100.0666667,1232,124947,668316,1889,1146,550,3248.01
E06000051,Shropshire,2015Q3,187450.6667,4.233333333,281733,4.666666667,171738.3333,4.3,138957.6667,3.666666667,104129,3.466666667,25846.5,0.5,100.1666667,1412,240512.01,539514.99,2033,1010,559,3229.98
E06000051,Shropshire,2015Q4,189450.3333,4.4,285585.3333,4.966666667,173457.3333,4.433333333,140054.3333,3.833333333,104835,2.966666667,26272.52333,0.5,100.3,1419,95876.01,339126.99,1967,1030,580,3192.99
E06000051,Shropshire,2016Q1,192105,5.7,289731,6.2,176234.3333,6.1,141644.6667,5.233333333,106154.3333,3.833333333,26698.55,0.5,99.83333333,1309,89624.01,356235.99,1887,991,607,2772
E06000051,Shropshire,2016Q2,190042,4.633333333,285634.6667,4.666666667,173961.6667,4.733333333,140814.6667,4.666666667,105993,4.133333333,27121.47667,0.5,100.4,1166,147306.99,652428.99,1940,1075,628,2474.01
E06000051,Shropshire,2016Q3,195557.6667,4.3,293893.3333,4.333333333,178902.6667,4.2,144991.3333,4.333333333,109142,4.833333333,27252.13,0.333333333,100.8666667,1397,245307,527103,1979,1185,643,2117.01
E06000051,Shropshire,2016Q4,197077,4,297610.6667,4.2,180260.6667,3.966666667,144843.6667,3.433333333,110288.6667,5.2,27234.30333,0.25,101.5,1500,94007.01,366960,1966,1129,693,2580.99
E06000051,Shropshire,2017Q1,198192.3333,3.166666667,299535.6667,3.366666667,180968.6667,2.7,145472.3333,2.7,111634.6667,5.166666667,27216.53667,0.25,102,1139,96450.99,417771.99,1873,1172,719,2469
E06000051,Shropshire,2017Q2,198143.6667,4.266666667,298733,4.6,181085,4.133333333,145477.6667,3.3,112667,6.3,27198.96667,0.25,103.1666667,1423,159168.99,725610,2182,1326,792,2187
E06000051,Shropshire,2017Q3,200329,2.433333333,301478.6667,2.6,183328,2.5,147352.3333,1.633333333,113863,4.333333333,27266.53,0.25,103.7,1546,257796.99,563834.01,2338,1250,753,2041.98
E06000051,Shropshire,2017Q4,202475,2.766666667,305427,2.633333333,185473,2.866666667,148621,2.6,113881.6667,3.266666667,27377.03667,0.416666667,104.5666667,1536,98865.99,388368,2178,1235,696,1866
E06000051,Shropshire,2018Q1,203826.6667,2.833333333,307816.3333,2.733333333,186931.6667,3.3,149394.3333,2.7,113878,2.033333333,27487.13667,0.5,104.7666667,1138,97074.99,416469,2092,1176,667,2325.99
E06000051,Shropshire,2018Q2,203338.3333,2.6,307012.6667,2.766666667,186645.6667,3.1,149460,2.766666667,112403,-0.2,27596.03333,0.5,105.6666667,1374,172416.99,764279.01,2338,1287,837,2382
E06000051,Shropshire,2018Q3,210393.6667,5,317743,5.4,193244.3333,5.433333333,154608.6667,4.933333333,115881,1.766666667,27959.06,0.666666667,106.3,1517,284828.01,624605.01,2411,1363,912,2611.98
E06000051,Shropshire,2018Q4,210461.3333,3.933333333,318207.6667,4.166666667,193374,4.233333333,154348,3.866666667,115599.6667,1.5,28449.03667,0.75,106.9333333,1541,108036,434286,2492,1337,788,2776.98
E06000051,Shropshire,2019Q1,209716,2.9,317845,3.266666667,192622.3333,3.033333333,153211.3333,2.566666667,114935.6667,0.933333333,28937.23,0.75,106.7,1092,112719,453599.01,2341,1235,897,3853.98
E06000051,Shropshire,2019Q2,209678.3333,3.1,316937,3.233333333,192884.6667,3.333333333,153921.6667,3,114334.6667,1.733333333,29420.08,0.75,107.8,1273,193596.99,792681.99,1974,1287,940,3580.02
E06000051,Shropshire,2019Q3,209844.3333,-0.233333333,316882.6667,-0.266666667,192875.3333,-0.2,154533.3333,-0.033333333,114414.3333,-1.266666667,29670.83,0.75,108.2666667,1474,321639.99,689672.01,2150,1534,977,3656.01
E06000051,Shropshire,2019Q4,214432.3333,1.9,323677.3333,1.733333333,197643.6667,2.2,157620,2.1,116453.3333,0.766666667,29801.32333,0.75,108.4333333,1458,130221.99,477507.99,2086,1528,973,3990
E06000051,Shropshire,2020Q1,212901,1.5,321738.3333,1.233333333,196371.3333,1.966666667,156475.6667,2.166666667,114495.3333,-0.4,29931.81,0.533333333,108.4666667,986,108819,364535.01,1856,1269,931,4024.02
E06000051,Shropshire,2020Q2,208401,-0.6,315379.6667,-0.5,192213.3333,-0.333333333,153289,-0.4,111000,-2.9,30061.34667,0.1,108.5333333,651,9206.01,6153.99,1365,1126,1050,1573.02
E06000051,Shropshire,2020Q3,215932.6667,2.9,326730,3.1,199351.3333,3.366666667,158852,2.8,114642.3333,0.2,30006.73,0.1,108.9333333,1115,188156.01,63846.99,1626,1368,1168,1110
E06000051,Shropshire,2020Q4,225523.3333,5.2,343032.3333,6,207428.6667,4.966666667,165896.6667,5.266666667,118150.3333,1.466666667,29859.05667,0.1,109.0666667,1644,154866.99,66060,1643,1140,985,2266.02
E06000051,Shropshire,2021Q1,230047.6667,8.066666667,346470.3333,7.7,211876.6667,7.866666667,170796.6667,9.166666667,123546,7.9,29711.92667,0.1,109.1666667,1913,132414,37779.99,1383,1038,1032,3291
E06000051,Shropshire,2021Q2,231573.6667,11.1,346995,10.03333333,213250,10.93333333,173038.3333,12.86666667,125804,13.33333333,29566.40333,0.1,110.7333333,1826,155789.01,49665,1558,1380,1163,3336
E06000051,Shropshire,2021Q3,237201.6667,9.866666667,355372.3333,8.766666667,218987.3333,9.866666667,177122.3333,11.53333333,127892.6667,11.56666667,30089.89667,0.1,111.9333333,1620,397026.99,105240.99,1542,1503,1235,3003.99
E06000051,Shropshire,2021Q4,240129.3333,6.466666667,363465.6667,5.933333333,220973.6667,6.533333333,177309,6.9,126859.6667,7.366666667,30950.81333,0.15,114.4,1252,212738.01,209291.01,1616,1431,1121,3322.02
E06000051,Shropshire,2022Q1,248558.3333,8.033333333,376052.3333,8.533333333,229246,8.2,183557.6667,7.466666667,130405.6667,5.6,31808.59667,0.5,115.9333333,1186,231531.99,244452,1802,1452,1345,3880.98
E06000051,Shropshire,2022Q2,251334.6667,8.566666667,379279.3333,9.3,232127.3333,8.866666667,186498.3333,7.8,131397.3333,4.466666667,32656.98333,1,120.8666667,1295,320414.01,366537,1892,1484,1581,3633
E06000051,Shropshire,2022Q3,262409,10.6,395215.6667,11.23333333,242696.6667,10.86666667,195683.6667,10.46666667,135973,6.333333333,33206.71667,1.75,123.1333333,1442,580814.01,433932.99,1842,1505,1423,4697.01
E06000051,Shropshire,2022Q4,268655.6667,11.86666667,405868.3333,11.66666667,248039,12.23333333,199927,12.76666667,138250,8.966666667,33600.00333,2.916666667,126.7,1333,294774.99,351239.01,1947,1405,1329,5063.01
E06000051,Shropshire,2023Q1,266594.6667,7.233333333,403578.3333,7.3,246505,7.533333333,197239.3333,7.433333333,136889.3333,4.966666667,33991.86,3.916666667,127.7333333,1018,297594.99,399660.99,1876,1407,1261,4217.01
E06000051,Shropshire,2023Q2,259884,3.433333333,393520.3333,3.766666667,240367.6667,3.533333333,191631.3333,2.733333333,133876.6667,1.866666667,34379.42667,4.583333333,131.0666667,874,295668,630632.01,1962,1528,1331,6334.02
E06000051,Shropshire,2023Q3,265619.6667,1.233333333,401401,1.6,245745,1.266666667,196992.3333,0.7,135911.6667,-0.033333333,34838.33,5.166666667,131.4,1004,573971.01,532428,2087,1481,1263,22484.01
E06000051,Shropshire,2023Q4,266389.3333,-0.833333333,402484,-0.833333333,246571.3333,-0.566666667,197402.3333,-1.233333333,136475.3333,-1.3,35330.23,5.25,131.9666667,1069,265236.99,392259.99,1859,1343,1189,28443
E06000051,Shropshire,2024Q1,260563,-2.266666667,392775.6667,-2.666666667,241385.6667,-2.066666667,193376,-1.966666667,133933.3333,-2.133333333,35822.12333,5.25,132.2666667,858,229845.99,454544.01,1675,1262,1063,10417.02
E06000051,Shropshire,2024Q2,262371,0.966666667,393570,0,243144.6667,1.166666667,195691.3333,2.1,136051.6667,1.6,36310.44,5.25,133.8333333,1055,204254.01,728825.01,1716,1317,1163,5466
E06000051,Shropshire,2024Q3,266178.3333,0.2,398936.6667,-0.633333333,246783,0.4,199652,1.333333333,136465.6667,0.4,36561.23667,5.083333333,134.1,1286,388326.99,555722.01,1748,1374,1091,8415.99
E06000051,Shropshire,2024Q4,269419.6667,1.166666667,405507.6667,0.766666667,249869,1.366666667,201126.6667,1.9,136920.3333,0.333333333,36690.82667,4.833333333,135.2333333,1276,145505.01,420449.01,1609,1310,1089,16455
E06000051,Shropshire,2025Q1,273088.3333,4.8,410560,4.533333333,253987.3333,5.2,204003.3333,5.466666667,138032,3.066666667,36819.94333,4.583333333,135.9666667,1283,151643.01,452067.99,1576,1176,1140,16068
E06000051,Shropshire,2025Q2,274705,4.7,412758.3333,4.866666667,256491.6667,5.466666667,205163.3333,4.833333333,137366.3333,0.966666667,36947.64667,4.333333333,138.5,733,185370,790707.99,1576,1396,1294,12370.02
E06000051,Shropshire,2025Q3,285572.6667,7.3,428515.6667,7.4,267507,8.366666667,213933.3333,7.166666667,140839,3.233333333,36991,4.083333333,139.2,921,376097.01,568923.99,1472,1309,1283,13254.99
E06000051,Shropshire,2025Q4,282581.3333,4.9,422972.6667,4.3,265692.6667,6.333333333,212020,5.433333333,138605.6667,1.266666667,36991,3.916666667,139.8,1071,116405.01,429636,1412,1304,1090,13194
E06000066,Somerset,2015Q2,188785.3333,3.5,306569,3.966666667,187273.3333,3.666666667,154312.3333,2.933333333,104649.6667,3.133333333,25341.82333,0.5,100.0666667,2655,124947,668316,4363,1855,1205,3248.01
E06000066,Somerset,2015Q3,194484.6667,4.033333333,315908.3333,4.533333333,193240.6667,4.3,159084,3.466666667,107059,3.566666667,25334.66667,0.5,100.1666667,2999,240512.01,539514.99,4271,1892,1452,3229.98
E06000066,Somerset,2015Q4,196011,5.166666667,319418.3333,5.866666667,194658.6667,5.466666667,159977.3333,4.6,107683.6667,4.066666667,25337.17,0.5,100.3,2985,95876.01,339126.99,3890,1893,1557,3192.99
E06000066,Somerset,2016Q1,198797.6667,6.266666667,324411,6.933333333,197550.3333,6.566666667,161886.6667,5.8,109314,5.1,25339.67667,0.5,99.83333333,2827,89624.01,356235.99,4366,1959,1970,2772
E06000066,Somerset,2016Q2,201147.3333,6.566666667,326919.6667,6.633333333,199292.3333,6.433333333,164554.3333,6.666666667,111285.6667,6.333333333,25342.16,0.5,100.4,2322,147306.99,652428.99,4697,2312,2651,2474.01
E06000066,Somerset,2016Q3,204992.3333,5.433333333,332795,5.333333333,203567.6667,5.333333333,167804.6667,5.5,112935,5.5,25545.55333,0.333333333,100.8666667,2900,245307,527103,4746,2507,2698,2117.01
E06000066,Somerset,2016Q4,207165.6667,5.7,338278,5.933333333,205903.6667,5.766666667,168213,5.133333333,114631.3333,6.433333333,25849.93667,0.25,101.5,2881,94007.01,366960,4346,2293,2358,2580.99
E06000066,Somerset,2017Q1,208863.6667,5.066666667,341768.3333,5.333333333,207119.3333,4.866666667,169377.6667,4.633333333,115881.3333,6,26153.21333,0.25,102,2342,96450.99,417771.99,4441,2284,2550,2469
E06000066,Somerset,2017Q2,212201.3333,5.5,346362.6667,5.966666667,210376,5.566666667,172056,4.566666667,118687,6.633333333,26453.17,0.25,103.1666667,2626,159168.99,725610,4821,2551,2630,2187
E06000066,Somerset,2017Q3,216735,5.733333333,352864,6,215045.6667,5.633333333,176126.3333,4.933333333,121066,7.2,26721.28667,0.25,103.7,2957,257796.99,563834.01,4723,2588,2806,2041.98
E06000066,Somerset,2017Q4,220240.6667,6.3,359821,6.333333333,218905,6.333333333,178693,6.2,121873.3333,6.3,26971.17333,0.416666667,104.5666667,2937,98865.99,388368,4252,2460,2321,1866
E06000066,Somerset,2018Q1,220457.6667,5.533333333,360350,5.466666667,219718,6.066666667,178747.3333,5.533333333,121295,4.7,27220.15333,0.5,104.7666667,2042,97074.99,416469,4079,2258,2244,2325.99
E06000066,Somerset,2018Q2,221672.3333,4.466666667,362428.6667,4.633333333,221111.6667,5.1,180284,4.8,120560.3333,1.6,27466.4,0.5,105.6666667,2525,172416.99,764279.01,4671,2720,2780,2382
E06000066,Somerset,2018Q3,225580,4.1,369287,4.633333333,225293,4.766666667,183302,4.066666667,122146,0.9,27823.75,0.666666667,106.3,2728,284828.01,624605.01,4571,2697,2807,2611.98
E06000066,Somerset,2018Q4,226958.6667,3.033333333,372096.3333,3.433333333,226938.6667,3.666666667,184096,3,122613.3333,0.6,28235.11667,0.75,106.9333333,2845,108036,434286,4366,2502,2358,2776.98
E06000066,Somerset,2019Q1,224522.6667,1.833333333,368837,2.366666667,224627.6667,2.233333333,181668.6667,1.633333333,121298.6667,0,28644.99,0.75,106.7,2017,112719,453599.01,4441,2573,2379,3853.98
E06000066,Somerset,2019Q2,223598,0.866666667,366179.6667,1.033333333,223883.6667,1.266666667,181814,0.833333333,120092,-0.4,29050.37667,0.75,107.8,2314,193596.99,792681.99,4555,2742,3007,3580.02
E06000066,Somerset,2019Q3,228507,1.266666667,373910.6667,1.266666667,228380.6667,1.366666667,186322,1.633333333,122655.6667,0.433333333,29256.33333,0.75,108.2666667,2384,321639.99,689672.01,4642,2796,3052,3656.01
E06000066,Somerset,2019Q4,228761.3333,0.766666667,374438,0.633333333,229196.6667,0.966666667,186191.3333,1.133333333,122555.3333,-0.066666667,29359.02,0.75,108.4333333,2611,130221.99,477507.99,4398,2724,2679,3990
E06000066,Somerset,2020Q1,228887,1.933333333,374749.3333,1.633333333,229894.3333,2.366666667,186340.6667,2.566666667,121704,0.333333333,29461.70667,0.533333333,108.4666667,1997,108819,364535.01,3966,2634,2780,4024.02
E06000066,Somerset,2020Q2,227103.6667,1.566666667,372071.3333,1.566666667,228363.6667,1.966666667,185144.6667,1.866666667,119720.6667,-0.333333333,29563.64667,0.1,108.5333333,1231,9206.01,6153.99,2937,2405,3054,1573.02
E06000066,Somerset,2020Q3,232115.6667,1.6,380366,1.733333333,233742.6667,2.333333333,189382.3333,1.633333333,121549.6667,-0.9,29443.24333,0.1,108.9333333,1983,188156.01,63846.99,3505,3059,3449,1110
E06000066,Somerset,2020Q4,240184.3333,5,395951,5.766666667,241195.3333,5.233333333,196119.6667,5.333333333,124091.6667,1.266666667,29210.68667,0.1,109.0666667,3023,154866.99,66060,3008,2436,2760,2266.02
E06000066,Somerset,2021Q1,244671.6667,6.9,398623.6667,6.333333333,245610,6.866666667,200879.3333,7.8,129233.6667,6.166666667,28978.97333,0.1,109.1666667,3470,132414,37779.99,2548,2179,2806,3291
E06000066,Somerset,2021Q2,244990,7.9,396359,6.533333333,245612.6667,7.566666667,202055,9.133333333,131020,9.433333333,28749.80333,0.1,110.7333333,3761,155789.01,49665,3002,3019,3357,3336
E06000066,Somerset,2021Q3,248459.3333,7.033333333,402129,5.733333333,249708.3333,6.833333333,204734,8.1,132165,8.733333333,28943.07333,0.1,111.9333333,3165,397026.99,105240.99,3176,3568,3757,3003.99
E06000066,Somerset,2021Q4,255843.6667,6.533333333,419589.3333,5.966666667,256842.3333,6.466666667,209058.3333,6.633333333,133727,7.766666667,29350.42667,0.15,114.4,2329,212738.01,209291.01,3404,3285,3409,3322.02
E06000066,Somerset,2022Q1,264684,8.166666667,434043,8.866666667,266328.3333,8.433333333,216339.6667,7.7,137451.6667,6.366666667,29756.29667,0.5,115.9333333,2259,231531.99,244452,3271,3153,3306,3880.98
E06000066,Somerset,2022Q2,273301.6667,11.53333333,446707.3333,12.7,275207.3333,12.03333333,224426,11.06666667,141358.6667,7.9,30157.72333,1,120.8666667,2593,320414.01,366537,4004,3428,3698,3633
E06000066,Somerset,2022Q3,283845.6667,14.26666667,462904.3333,15.13333333,286157.3333,14.6,234084,14.36666667,145627,10.16666667,30294,1.75,123.1333333,2621,580814.01,433932.99,3829,3389,3531,4697.01
E06000066,Somerset,2022Q4,287839.6667,12.5,471203.3333,12.3,289838,12.86666667,236986.3333,13.33333333,146758.3333,9.733333333,30294,2.916666667,126.7,2679,294774.99,351239.01,3244,2903,2967,5063.01
E06000066,Somerset,2023Q1,283541.6667,7.133333333,465208.3333,7.2,286314,7.5,232419.6667,7.466666667,144191.3333,4.933333333,30294,3.916666667,127.7333333,1844,297594.99,399660.99,3411,2994,3069,4217.01
E06000066,Somerset,2023Q2,275779.3333,0.9,453060.6667,1.433333333,278903.6667,1.366666667,225299.6667,0.4,140173.3333,-0.8,30294,4.583333333,131.0666667,1631,295668,630632.01,3819,3397,3201,6334.02
E06000066,Somerset,2023Q3,278843,-1.766666667,456731,-1.3,281854,-1.5,229289.6667,-2.033333333,140723.6667,-3.366666667,30294,5.166666667,131.4,2023,573971.01,532428,4010,3502,3107,22484.01
E06000066,Somerset,2023Q4,276980.6667,-3.766666667,453273,-3.8,280226.3333,-3.3,227529,-3.966666667,140128.3333,-4.533333333,30294,5.25,131.9666667,1881,265236.99,392259.99,3666,3417,2922,28443
E06000066,Somerset,2024Q1,270216.6667,-4.7,441293.3333,-5.166666667,273626.6667,-4.4,222086.3333,-4.433333333,136981,-4.966666667,30294,5.25,132.2666667,1583,229845.99,454544.01,3821,3615,3463,10417.02
E06000066,Somerset,2024Q2,266081.3333,-3.5,431800.6667,-4.666666667,269449.6667,-3.366666667,219373.3333,-2.666666667,136071.3333,-2.933333333,30294,5.25,133.8333333,1881,204254.01,728825.01,4369,4148,3960,5466
E06000066,Somerset,2024Q3,273825.3333,-1.8,443875.6667,-2.8,277273,-1.633333333,226979.6667,-1,138624,-1.5,30294,5.083333333,134.1,2364,388326.99,555722.01,4312,4173,4005,8415.99
E06000066,Somerset,2024Q4,274814.6667,-0.766666667,447659,-1.233333333,278468.6667,-0.6,227073.6667,-0.2,138227.3333,-1.366666667,30294,4.833333333,135.2333333,2526,145505.01,420449.01,3876,3891,3735,16455
E06000066,Somerset,2025Q1,276441,2.3,449968.3333,1.966666667,280800.6667,2.6,228679.3333,2.966666667,138234.6667,0.933333333,30294,4.583333333,135.9666667,2516,151643.01,452067.99,3824,3610,3623,16068
E06000066,Somerset,2025Q2,274758.3333,3.233333333,447480.6667,3.6,280323.3333,4.033333333,227166.6667,3.533333333,136004.3333,-0.066666667,30294,4.333333333,138.5,1350,185370,790707.99,4569,4004,4422,12370.02
E06000066,Somerset,2025Q3,278573.6667,1.766666667,453107.6667,2.066666667,285218,2.833333333,231089.6667,1.833333333,136068,-1.866666667,30294,4.083333333,139.2,1885,376097.01,568923.99,4360,3952,4501,13254.99
E06000066,Somerset,2025Q4,279942.6667,1.866666667,454055.3333,1.4,287540.3333,3.3,232440.6667,2.366666667,136421,-1.3,30294,3.916666667,139.8,1839,116405.01,429636,4052,3931,4014,13194
E06000025,South Gloucestershire,2015Q2,213653.6667,8.3,351168.3333,9.1,227545.6667,8.5,182575,7.766666667,126270.6667,7.833333333,28995.88,0.5,100.0666667,1322,124947,668316,2238,687,585,3248.01
E06000025,South Gloucestershire,2015Q3,222102.6667,8.633333333,364742,9.066666667,236839,8.933333333,190270.6667,8.333333333,130310.3333,8.133333333,29149,0.5,100.1666667,1447,240512.01,539514.99,2140,707,706,3229.98
E06000025,South Gloucestershire,2015Q4,226750.3333,8.733333333,374247.3333,9.366666667,241694.6667,9.033333333,193920.3333,8.466666667,132568.3333,7.7,29326.32333,0.5,100.3,1276,95876.01,339126.99,2241,699,728,3192.99
E06000025,South Gloucestershire,2016Q1,229830.6667,10.2,379461.6667,10.7,245642.3333,10.7,196032.3333,10.06666667,134416.3333,8.733333333,29503.64333,0.5,99.83333333,1262,89624.01,356235.99,2375,807,849,2772
E06000025,South Gloucestershire,2016Q2,238222.3333,11.5,391414.3333,11.5,254025.6667,11.63333333,203580.6667,11.5,140499.3333,11.3,29679.67667,0.5,100.4,1059,147306.99,652428.99,2305,899,1116,2474.01
E06000025,South Gloucestershire,2016Q3,246817,11.1,405483.3333,11.16666667,262941,11,211119,10.93333333,145552.6667,11.7,29822.39333,0.333333333,100.8666667,1247,245307,527103,2075,815,993,2117.01
E06000025,South Gloucestershire,2016Q4,244782,7.933333333,405048.3333,8.233333333,261007.3333,7.966666667,207846,7.2,144918,9.333333333,29947.71333,0.25,101.5,1275,94007.01,366960,2248,872,968,2580.99
E06000025,South Gloucestershire,2017Q1,246640.6667,7.333333333,408740.3333,7.7,262704.3333,6.966666667,208866,6.533333333,146839,9.266666667,30072.57667,0.25,102,1056,96450.99,417771.99,2289,799,992,2469
E06000025,South Gloucestershire,2017Q2,251290,5.5,413977.6667,5.8,267738,5.366666667,212767.6667,4.533333333,150888.6667,7.366666667,30196.07667,0.25,103.1666667,1242,159168.99,725610,2499,829,1026,2187
E06000025,South Gloucestershire,2017Q3,261076.6667,5.766666667,428732.3333,5.733333333,278332.6667,5.866666667,221453,4.9,156672,7.633333333,30288.14,0.25,103.7,1345,257796.99,563834.01,2406,858,1077,2041.98
E06000025,South Gloucestershire,2017Q4,260565.3333,6.433333333,430108,6.166666667,278270.3333,6.633333333,220831,6.266666667,154963.3333,6.9,30363.47667,0.416666667,104.5666667,1324,98865.99,388368,2416,929,1018,1866
E06000025,South Gloucestershire,2018Q1,257815.6667,4.5,426174,4.266666667,275842,5.033333333,218400.3333,4.566666667,152679.6667,3.966666667,30438.54667,0.5,104.7666667,976,97074.99,416469,2068,923,1018,2325.99
E06000025,South Gloucestershire,2018Q2,262594.6667,4.5,434081.3333,4.866666667,281562.6667,5.166666667,223227,4.933333333,153722.6667,1.9,30512.79333,0.5,105.6666667,1173,172416.99,764279.01,2116,1016,1155,2382
E06000025,South Gloucestershire,2018Q3,265908,1.866666667,439992.6667,2.633333333,285476,2.6,226073,2.1,154936.6667,-1.1,30721.50333,0.666666667,106.3,1317,284828.01,624605.01,2082,921,1180,2611.98
E06000025,South Gloucestershire,2018Q4,267605.3333,2.7,443974,3.233333333,287401,3.3,227140.6667,2.9,155680,0.466666667,30997.25333,0.75,106.9333333,1296,108036,434286,2132,943,966,2776.98
E06000025,South Gloucestershire,2019Q1,266815.3333,3.5,444120.6667,4.2,286922,4,225677,3.333333333,155113,1.633333333,31272.00333,0.75,106.7,964,112719,453599.01,2107,981,1056,3853.98
E06000025,South Gloucestershire,2019Q2,266015,1.333333333,441226.6667,1.666666667,286367,1.7,225862,1.2,153751.6667,0.033333333,31543.75,0.75,107.8,1201,193596.99,792681.99,2123,1100,1191,3580.02
E06000025,South Gloucestershire,2019Q3,268001,0.766666667,444316.6667,1,288224.3333,0.966666667,228056.3333,0.9,154554.6667,-0.266666667,31690.83333,0.75,108.2666667,1264,321639.99,689672.01,1993,1069,1298,3656.01
E06000025,South Gloucestershire,2019Q4,268196.6667,0.233333333,444507.6667,0.133333333,289316.6667,0.666666667,228217.6667,0.466666667,153715,-1.3,31773.23333,0.75,108.4333333,1363,130221.99,477507.99,2227,1028,1106,3990
E06000025,South Gloucestershire,2020Q1,267225.6667,0.166666667,443901.6667,-0.033333333,288421,0.533333333,227367.6667,0.766666667,152472,-1.7,31855.63333,0.533333333,108.4666667,915,108819,364535.01,2060,1055,1233,4024.02
E06000025,South Gloucestershire,2020Q2,272425.3333,2.4,453411.3333,2.733333333,294128.3333,2.7,231778,2.6,154880.6667,0.766666667,31937.43333,0.1,108.5333333,498,9206.01,6153.99,1361,924,1238,1573.02
E06000025,South Gloucestershire,2020Q3,272079.6667,1.533333333,452439,1.833333333,294140,2.066666667,232181,1.8,153507,-0.7,31890.29667,0.1,108.9333333,911,188156.01,63846.99,1835,1176,1321,1110
E06000025,South Gloucestershire,2020Q4,278103,3.733333333,465420,4.7,300113.3333,3.733333333,238177.6667,4.333333333,154684.6667,0.633333333,31778.03667,0.1,109.0666667,1301,154866.99,66060,1784,925,1134,2266.02
E06000025,South Gloucestershire,2021Q1,278536.6667,4.233333333,459128.6667,3.433333333,299903.6667,4,239983.6667,5.533333333,157820.6667,3.5,31666.18333,0.1,109.1666667,1681,132414,37779.99,1480,844,1206,3291
E06000025,South Gloucestershire,2021Q2,282042,3.533333333,461894.6667,1.9,302884.3333,2.966666667,243609,5.1,161705,4.4,31555.55333,0.1,110.7333333,1778,155789.01,49665,1624,1166,1369,3336
E06000025,South Gloucestershire,2021Q3,291921.6667,7.266666667,479124.6667,5.866666667,314405.6667,6.9,251803,8.433333333,166048.3333,8.166666667,31783.72667,0.1,111.9333333,1376,397026.99,105240.99,1765,1173,1508,3003.99
E06000025,South Gloucestershire,2021Q4,301847,8.533333333,501395.3333,7.733333333,325750,8.566666667,259147.3333,8.833333333,168857.3333,9.166666667,32183.04,0.15,114.4,996,212738.01,209291.01,1705,1218,1427,3322.02
E06000025,South Gloucestershire,2022Q1,305246.6667,9.566666667,506590.6667,10.36666667,330307.3333,10.13333333,262269.6667,9.3,169724.6667,7.533333333,32580.90333,0.5,115.9333333,1058,231531.99,244452,1805,1201,1307,3880.98
E06000025,South Gloucestershire,2022Q2,314992.3333,11.66666667,520903.3333,12.76666667,340913.6667,12.56666667,271786.6667,11.56666667,174582,7.933333333,32974.41,1,120.8666667,1153,320414.01,366537,1971,1184,1379,3633
E06000025,South Gloucestershire,2022Q3,327098.3333,12.06666667,539330,12.56666667,354503.3333,12.76666667,283591,12.6,179569,8.133333333,33783.84667,1.75,123.1333333,1314,580814.01,433932.99,1904,1261,1390,4697.01
E06000025,South Gloucestershire,2022Q4,336011,11.33333333,556044.3333,10.86666667,364048.3333,11.73333333,291086,12.33333333,183455,8.666666667,34799.46333,2.916666667,126.7,1266,294774.99,351239.01,1940,1172,1333,5063.01
E06000025,South Gloucestershire,2023Q1,330470.3333,8.266666667,548981.6667,8.366666667,358776.3333,8.6,284724.6667,8.533333333,180442,6.333333333,35811.38667,3.916666667,127.7333333,906,297594.99,399660.99,2053,1279,1378,4217.01
E06000025,South Gloucestershire,2023Q2,325467.6667,3.333333333,541746.3333,4.033333333,353683.6667,3.766666667,279352.3333,2.8,177893.3333,1.933333333,36812.23,4.583333333,131.0666667,795,295668,630632.01,2004,1264,1372,6334.02
E06000025,South Gloucestershire,2023Q3,323570,-1.066666667,535651,-0.666666667,351904.6667,-0.733333333,279603.3333,-1.4,175684.3333,-2.166666667,37500.5,5.166666667,131.4,970,573971.01,532428,2085,1282,1376,22484.01
E06000025,South Gloucestershire,2023Q4,323107.6667,-3.833333333,534633.6667,-3.866666667,351263,-3.5,278913.6667,-4.166666667,176039,-4.033333333,38024.20333,5.25,131.9666667,879,265236.99,392259.99,1906,1394,1405,28443
E06000025,South Gloucestershire,2024Q1,314072,-4.966666667,519076.3333,-5.466666667,341277.3333,-4.866666667,271139.6667,-4.766666667,171571.6667,-4.933333333,38547.90333,5.25,132.2666667,788,229845.99,454544.01,1902,1542,1511,10417.02
E06000025,South Gloucestershire,2024Q2,324726.6667,-0.2,533089,-1.6,352339.6667,-0.366666667,281154.6667,0.633333333,178794.3333,0.5,39067.79667,5.25,133.8333333,919,204254.01,728825.01,2063,1666,1656,5466
E06000025,South Gloucestershire,2024Q3,324493,0.3,532311,-0.633333333,352179,0.066666667,282583,1.066666667,176714.6667,0.6,39491.68,5.083333333,134.1,1161,388326.99,555722.01,2145,1642,1713,8415.99
E06000025,South Gloucestershire,2024Q4,326865,1.166666667,539510,0.9,354890.6667,1.066666667,283805.6667,1.766666667,177227.3333,0.666666667,39865.38,4.833333333,135.2333333,1281,145505.01,420449.01,2097,1440,1477,16455
E06000025,South Gloucestershire,2025Q1,332319.6667,5.833333333,548549,5.7,361472.3333,5.933333333,288760.3333,6.5,179309.6667,4.5,40237.71667,4.583333333,135.9666667,1256,151643.01,452067.99,1983,1391,1733,16068
E06000025,South Gloucestershire,2025Q2,333598.3333,2.766666667,552381,3.6,364039,3.3,289464,2.933333333,178254.6667,-0.266666667,40605.98,4.333333333,138.5,689,185370,790707.99,2263,1480,1852,12370.02
E06000025,South Gloucestershire,2025Q3,333582,2.833333333,551495.3333,3.6,365378,3.733333333,290339,2.733333333,176048.3333,-0.4,40731,4.083333333,139.2,852,376097.01,568923.99,2164,1589,2087,13254.99
E06000025,South Gloucestershire,2025Q4,333762.6667,2.133333333,550014,1.966666667,366117.3333,3.166666667,291160.3333,2.6,175765.6667,-0.833333333,40731,3.916666667,139.8,846,116405.01,429636,2179,1555,1889,13194
E08000007,Stockport,2015Q2,179468.6667,5.4,314642,5.866666667,191758.3333,5.566666667,140250.3333,5,112999.6667,4.833333333,27567.13,0.5,100.0666667,1212,124947,668316,3138,1025,574,3248.01
E08000007,Stockport,2015Q3,183938.3333,4.5,321957,4.833333333,196846.3333,4.733333333,143951.6667,4.1,115014.3333,3.8,27611.83333,0.5,100.1666667,1446,240512.01,539514.99,3041,974,555,3229.98
E08000007,Stockport,2015Q4,186409,6.466666667,328418.6667,7.166666667,199505,6.733333333,145351.6667,6,116267.3333,5.233333333,27779.89,0.5,100.3,1398,95876.01,339126.99,3175,1007,503,3192.99
E08000007,Stockport,2016Q1,188628.6667,5.8,331946.6667,6.233333333,202249.3333,6.3,146990,5.5,117284.3333,4.033333333,27947.94333,0.5,99.83333333,1389,89624.01,356235.99,3062,1001,483,2772
E08000007,Stockport,2016Q2,192806.6667,7.4,337478.3333,7.233333333,206367.3333,7.6,150868.6667,7.566666667,120554.6667,6.666666667,28114.78,0.5,100.4,1116,147306.99,652428.99,3285,994,587,2474.01
E08000007,Stockport,2016Q3,200723,9.1,350719,8.933333333,214709,9.066666667,157208.6667,9.233333333,125880.3333,9.433333333,28317.56667,0.333333333,100.8666667,1431,245307,527103,3376,1080,569,2117.01
E08000007,Stockport,2016Q4,200613,7.6,353299.6667,7.566666667,214861.3333,7.7,155700.6667,7.1,126445.6667,8.766666667,28537.81667,0.25,101.5,1250,94007.01,366960,3544,1133,682,2580.99
E08000007,Stockport,2017Q1,199525.6667,5.8,352177,6.1,213372,5.5,154648.6667,5.233333333,126416,7.8,28757.27,0.25,102,1141,96450.99,417771.99,3815,1298,1150,2469
E08000007,Stockport,2017Q2,206525.6667,7.133333333,362838.6667,7.5,220645,6.933333333,160367.3333,6.3,131853.3333,9.4,28974.31667,0.25,103.1666667,1281,159168.99,725610,4142,1410,1297,2187
E08000007,Stockport,2017Q3,210848.3333,5.033333333,368613.6667,5.1,225518,5.033333333,164041.6667,4.333333333,134639.6667,6.966666667,29378.74,0.25,103.7,1489,257796.99,563834.01,3747,1420,1486,2041.98
E08000007,Stockport,2017Q4,210617.3333,5,370242,4.766666667,225518.6667,4.933333333,163471.3333,5,133390,5.5,29875.74333,0.416666667,104.5666667,1327,98865.99,388368,3643,1403,1449,1866
E08000007,Stockport,2018Q1,214248.6667,7.4,376567.3333,6.933333333,229847,7.7,166117.3333,7.4,135184.6667,6.933333333,30370.94667,0.5,104.7666667,1124,97074.99,416469,3411,1347,1454,2325.99
E08000007,Stockport,2018Q2,216468.3333,4.833333333,379856.6667,4.666666667,232551.6667,5.4,168500.3333,5.1,135108.6667,2.466666667,30860.72667,0.5,105.6666667,1191,172416.99,764279.01,3393,1395,1430,2382
E08000007,Stockport,2018Q3,223180.3333,5.833333333,392806,6.566666667,240009.3333,6.4,173312.6667,5.633333333,138814.6667,3.133333333,31230.72,0.666666667,106.3,1437,284828.01,624605.01,3025,1359,1268,2611.98
E08000007,Stockport,2018Q4,226092.3333,7.333333333,399295.3333,7.866666667,243172.6667,7.833333333,175264.3333,7.233333333,140279,5.166666667,31536.86667,0.75,106.9333333,1318,108036,434286,3147,1313,1134,2776.98
E08000007,Stockport,2019Q1,223777.6667,4.433333333,396107,5.166666667,241029.6667,4.833333333,172901,4.1,138653.3333,2.566666667,31841.89333,0.75,106.7,1006,112719,453599.01,3306,1358,1153,3853.98
E08000007,Stockport,2019Q2,225008.3333,3.966666667,396468.3333,4.366666667,242664.6667,4.333333333,174551.6667,3.6,138638,2.6,32143.58333,0.75,107.8,1193,193596.99,792681.99,3012,1413,1230,3580.02
E08000007,Stockport,2019Q3,228253.6667,2.266666667,401371.6667,2.2,246044.6667,2.533333333,177599.3333,2.466666667,140439.6667,1.2,32541.83,0.75,108.2666667,1380,321639.99,689672.01,2079,793,728,3656.01
E08000007,Stockport,2019Q4,231379.3333,2.333333333,407462,2.066666667,249872.6667,2.766666667,179624,2.466666667,141734,1.033333333,32986.39333,0.75,108.4333333,1262,130221.99,477507.99,3135,1359,1205,3990
E08000007,Stockport,2020Q1,232686.6667,3.966666667,410768.3333,3.7,251552.6667,4.366666667,180548.6667,4.433333333,141462.3333,2.033333333,33430.95,0.533333333,108.4666667,1047,108819,364535.01,2934,1378,1194,4024.02
E08000007,Stockport,2020Q2,232501,3.333333333,412495.3333,4.033333333,251402.6667,3.6,180350.6667,3.3,140077.6667,1.033333333,33872.27667,0.1,108.5333333,530,9206.01,6153.99,1885,1214,1399,1573.02
E08000007,Stockport,2020Q3,239066,4.733333333,422654,5.3,259039,5.266666667,185487,4.433333333,143673,2.3,33427.54667,0.1,108.9333333,1109,188156.01,63846.99,2593,1544,1710,1110
E08000007,Stockport,2020Q4,247365.3333,6.933333333,439855,7.966666667,267848.3333,7.2,192138.6667,6.966666667,147137.3333,3.8,32535.74333,0.1,109.0666667,1411,154866.99,66060,2701,1357,1629,2266.02
E08000007,Stockport,2021Q1,251784,8.2,441104.6667,7.366666667,271988,8.133333333,196869,9.033333333,152709,7.966666667,31647.18,0.1,109.1666667,1753,132414,37779.99,2376,1444,1963,3291
E08000007,Stockport,2021Q2,253580.3333,9.066666667,441122.3333,6.933333333,272913.3333,8.533333333,199542,10.63333333,155421.3333,10.96666667,30768.34667,0.1,110.7333333,1756,155789.01,49665,2394,1851,2334,3336
E08000007,Stockport,2021Q3,255825.3333,7.033333333,447633,5.933333333,275623,6.4,201063.6667,8.4,155116.6667,7.966666667,31159.05,0.1,111.9333333,1418,397026.99,105240.99,2537,1613,2125,3003.99
E08000007,Stockport,2021Q4,264339.6667,6.833333333,468103.6667,6.433333333,285806,6.733333333,206316,7.4,157626.3333,7.1,32194.50667,0.15,114.4,981,212738.01,209291.01,2846,1700,1930,3322.02
E08000007,Stockport,2022Q1,273283.6667,8.566666667,483001.6667,9.5,296102.3333,8.866666667,213593.3333,8.466666667,161820.3333,5.966666667,33226.19667,0.5,115.9333333,1070,231531.99,244452,2602,1696,2139,3880.98
E08000007,Stockport,2022Q2,279016.6667,10.03333333,491800.6667,11.46666667,302339,10.76666667,218808,9.666666667,164731,6,34246.59333,1,120.8666667,1098,320414.01,366537,2808,1798,2196,3633
E08000007,Stockport,2022Q3,291587,14,511441,14.23333333,316345.6667,14.76666667,229792,14.26666667,170642,10.03333333,34920.22667,1.75,123.1333333,1285,580814.01,433932.99,2969,1783,2584,4697.01
E08000007,Stockport,2022Q4,297385.3333,12.53333333,523312,11.8,322404.6667,12.8,234368.6667,13.63333333,173079.3333,9.8,35411.96,2.916666667,126.7,1211,294774.99,351239.01,2655,1681,2300,5063.01
E08000007,Stockport,2023Q1,292754.6667,7.133333333,516777,7,317938.3333,7.366666667,229633,7.533333333,170012.6667,5.033333333,35901.91,3.916666667,127.7333333,922,297594.99,399660.99,2669,1778,2380,4217.01
E08000007,Stockport,2023Q2,284118,1.833333333,503259.6667,2.333333333,308928.3333,2.2,221718.3333,1.366666667,165054,0.233333333,36386.49,4.583333333,131.0666667,808,295668,630632.01,2781,1822,2449,6334.02
E08000007,Stockport,2023Q3,288409.6667,-1.066666667,508026.3333,-0.666666667,313589,-0.833333333,226479.6667,-1.4,166520,-2.433333333,36714.66667,5.166666667,131.4,971,573971.01,532428,2610,1676,2022,22484.01
E08000007,Stockport,2023Q4,288475.3333,-3,507159.6667,-3.066666667,313488,-2.766666667,226779.6667,-3.266666667,166909.3333,-3.566666667,36960.61333,5.25,131.9666667,891,265236.99,392259.99,2605,1643,1990,28443
E08000007,Stockport,2024Q1,289545,-1.066666667,507874.6667,-1.733333333,314561.6667,-1.1,227842.6667,-0.8,167941,-1.2,37206.56,5.25,132.2666667,861,229845.99,454544.01,2340,1680,1930,10417.02
E08000007,Stockport,2024Q2,289855,2,505474.3333,0.466666667,314481.6667,1.8,228765.3333,3.2,169301,2.566666667,37450.72,5.25,133.8333333,840,204254.01,728825.01,2223,1758,2046,5466
E08000007,Stockport,2024Q3,294670,2.166666667,513305.3333,1.033333333,319816.6667,2,233813.3333,3.233333333,170213.3333,2.233333333,37831.31667,5.083333333,134.1,1233,388326.99,555722.01,2294,1651,1959,8415.99
E08000007,Stockport,2024Q4,300020.6667,3.966666667,526614,3.866666667,325632,3.9,237397.3333,4.7,172304,3.233333333,38279.60333,4.833333333,135.2333333,1262,145505.01,420449.01,2236,1685,1991,16455
E08000007,Stockport,2025Q1,297684.3333,2.8,521444,2.7,323553.6667,2.866666667,235947,3.533333333,170030.6667,1.233333333,38726.26,4.583333333,135.9666667,1344,151643.01,452067.99,1978,1572,1844,16068
E08000007,Stockport,2025Q2,302442.3333,4.366666667,531531.3333,5.133333333,329596,4.8,239227.3333,4.566666667,171244.3333,1.166666667,39168.02667,4.333333333,138.5,735,185370,790707.99,2139,1799,2026,12370.02
E08000007,Stockport,2025Q3,307304.6667,4.266666667,538833.3333,5,335967.6667,5.066666667,243897,4.333333333,171732.6667,0.9,39318,4.083333333,139.2,955,376097.01,568923.99,2087,1714,2032,13254.99
E08000007,Stockport,2025Q4,306780.3333,2.266666667,534808.3333,1.533333333,335281.3333,2.966666667,244528,3,171663.3333,-0.366666667,39318,3.916666667,139.8,936,116405.01,429636,2116,1639,1857,13194
E06000030,Swindon,2015Q2,169726,8.6,300816.6667,9.4,181977,8.833333333,146861.6667,8.2,112107.3333,8.3,28051.16333,0.5,100.0666667,1180,124947,668316,2615,1232,600,3248.01
E06000030,Swindon,2015Q3,176934.6667,9.166666667,312984.3333,9.5,189824.3333,9.566666667,153470.6667,8.9,116302.3333,8.9,28310.5,0.5,100.1666667,1285,240512.01,539514.99,2729,1262,611,3229.98
E06000030,Swindon,2015Q4,183983,10.8,327528.3333,11.33333333,197519.3333,11.23333333,159269,10.6,120482,9.866666667,28592.26333,0.5,100.3,1291,95876.01,339126.99,2538,1309,833,3192.99
E06000030,Swindon,2016Q1,188638.3333,12.93333333,335808.3333,13.43333333,203046.6667,13.5,163081.3333,12.86666667,123530.6667,11.66666667,28874.02333,0.5,99.83333333,1277,89624.01,356235.99,2252,1213,863,2772
E06000030,Swindon,2016Q2,194525,14.63333333,345348.3333,14.8,208903.6667,14.8,168363.3333,14.66666667,127842,14,29153.73667,0.5,100.4,1009,147306.99,652428.99,2513,1348,865,2474.01
E06000030,Swindon,2016Q3,198772,12.36666667,352784,12.7,213278,12.36666667,172084,12.16666667,130746.6667,12.43333333,29162.43333,0.333333333,100.8666667,1223,245307,527103,2687,1516,851,2117.01
E06000030,Swindon,2016Q4,199593.3333,8.5,357386,9.166666667,214599,8.666666667,171647.6667,7.8,131771.6667,9.366666667,29033.85,0.25,101.5,1246,94007.01,366960,3113,1508,722,2580.99
E06000030,Swindon,2017Q1,200633.6667,6.366666667,360317.6667,7.266666667,215507,6.133333333,172123.3333,5.533333333,132905,7.6,28905.73,0.25,102,930,96450.99,417771.99,2850,1394,738,2469
E06000030,Swindon,2017Q2,203142,4.433333333,362767,5.033333333,218242.6667,4.5,174220,3.5,135364.3333,5.866666667,28779.01667,0.25,103.1666667,1139,159168.99,725610,2620,1348,684,2187
E06000030,Swindon,2017Q3,207620,4.466666667,369001.6667,4.6,223046.3333,4.6,178521.3333,3.733333333,138216,5.7,28950.25,0.25,103.7,1197,257796.99,563834.01,3098,1320,712,2041.98
E06000030,Swindon,2017Q4,210312.3333,5.366666667,376025.6667,5.233333333,226560,5.566666667,180768.3333,5.3,138797,5.333333333,29272.21667,0.416666667,104.5666667,1281,98865.99,388368,2803,1257,651,1866
E06000030,Swindon,2018Q1,212962.3333,6.133333333,381913.6667,6,229993,6.733333333,182816.3333,6.2,140056,5.4,29593.01,0.5,104.7666667,877,97074.99,416469,2321,1274,641,2325.99
E06000030,Swindon,2018Q2,211358,4.066666667,378834.3333,4.433333333,228796.6667,4.833333333,182309.6667,4.666666667,137459.6667,1.533333333,29910.29,0.5,105.6666667,1137,172416.99,764279.01,2279,1402,808,2382
E06000030,Swindon,2018Q3,214847,3.466666667,385101.6667,4.366666667,232853.3333,4.4,185407.3333,3.833333333,139360,0.8,30125.12667,0.666666667,106.3,1101,284828.01,624605.01,2359,1350,780,2611.98
E06000030,Swindon,2018Q4,213444,1.5,383742.3333,2.066666667,231546.6667,2.233333333,183991.3333,1.8,138065.6667,-0.5,30286.10667,0.75,106.9333333,1153,108036,434286,2120,1239,776,2776.98
E06000030,Swindon,2019Q1,212350.3333,-0.266666667,383472.3333,0.4,230863,0.366666667,182411.3333,-0.2,137128.3333,-2.1,30446.50333,0.75,106.7,821,112719,453599.01,2131,1278,837,3853.98
E06000030,Swindon,2019Q2,211002.6667,-0.166666667,379828.3333,0.233333333,229552.6667,0.333333333,181824.3333,-0.233333333,135625.6667,-1.333333333,30605.14333,0.75,107.8,948,193596.99,792681.99,2219,1341,865,3580.02
E06000030,Swindon,2019Q3,209408.6667,-2.5,376109.6667,-2.333333333,227399.3333,-2.333333333,180929.3333,-2.433333333,134562,-3.433333333,30867.83,0.75,108.2666667,1024,321639.99,689672.01,2273,1370,965,3656.01
E06000030,Swindon,2019Q4,209493.6667,-1.866666667,376333.6667,-1.933333333,228342,-1.366666667,181055.6667,-1.6,133680.6667,-3.166666667,31181.65667,0.75,108.4333333,1071,130221.99,477507.99,2082,1250,854,3990
E06000030,Swindon,2020Q1,209528,-1.3,377704.6667,-1.5,228753.3333,-0.933333333,181080,-0.733333333,132809.6667,-3.133333333,31495.47667,0.533333333,108.4666667,737,108819,364535.01,1737,1343,935,4024.02
E06000030,Swindon,2020Q2,212725.6667,0.833333333,385249.6667,1.433333333,232689.3333,1.366666667,183718.3333,1.066666667,133644.6667,-1.466666667,31807.01333,0.1,108.5333333,422,9206.01,6153.99,1178,1178,992,1573.02
E06000030,Swindon,2020Q3,214804.3333,2.566666667,387581.3333,3.066666667,234953.3333,3.3,186043.6667,2.833333333,134838,0.2,31691.89667,0.1,108.9333333,695,188156.01,63846.99,1654,1409,1085,1110
E06000030,Swindon,2020Q4,217428,3.766666667,393795,4.633333333,237020.6667,3.8,188932.6667,4.333333333,135358.3333,1.266666667,31361.14667,0.1,109.0666667,979,154866.99,66060,1442,1163,905,2266.02
E06000030,Swindon,2021Q1,219931.6667,5,391343.6667,3.633333333,238669.6667,4.333333333,192544.3333,6.333333333,139863,5.333333333,31031.59667,0.1,109.1666667,1219,132414,37779.99,1169,1042,907,3291
E06000030,Swindon,2021Q2,221665,4.2,391381.6667,1.566666667,239646,2.966666667,194842,6.033333333,142442.3333,6.6,30705.65,0.1,110.7333333,1399,155789.01,49665,1575,1450,1015,3336
E06000030,Swindon,2021Q3,228381.6667,6.3,403822,4.2,247668.3333,5.433333333,200764.6667,7.9,145359,7.8,31095.70333,0.1,111.9333333,1286,397026.99,105240.99,1421,1544,1083,3003.99
E06000030,Swindon,2021Q4,231872,6.666666667,415027,5.433333333,251863,6.266666667,202945.6667,7.4,145622.3333,7.6,31848.12,0.15,114.4,1000,212738.01,209291.01,1461,1535,960,3322.02
E06000030,Swindon,2022Q1,238957.6667,8.666666667,426929.6667,9.1,260119.6667,9,209396,8.733333333,149323.3333,6.766666667,32597.80333,0.5,115.9333333,901,231531.99,244452,1340,1360,1020,3880.98
E06000030,Swindon,2022Q2,245985.3333,10.96666667,438206,11.96666667,267912.3333,11.8,216095,10.9,153253,7.566666667,33339.28333,1,120.8666667,888,320414.01,366537,1564,1608,1149,3633
E06000030,Swindon,2022Q3,257743,12.86666667,457460,13.3,280965,13.43333333,227602.6667,13.36666667,158906.6667,9.3,33876.61333,1.75,123.1333333,1112,580814.01,433932.99,1808,1650,1114,4697.01
E06000030,Swindon,2022Q4,259616.6667,11.96666667,461933.3333,11.3,282950,12.33333333,229277.3333,12.96666667,159312.6667,9.4,34305.81667,2.916666667,126.7,1098,294774.99,351239.01,1637,1603,988,5063.01
E06000030,Swindon,2023Q1,261533.6667,9.466666667,468151.6667,9.633333333,285503.6667,9.766666667,229600.6667,9.666666667,160728.3333,7.633333333,34733.45667,3.916666667,127.7333333,808,297594.99,399660.99,1604,1447,1062,4217.01
E06000030,Swindon,2023Q2,258864.6667,5.3,465372,6.233333333,282935.6667,5.633333333,226077.3333,4.633333333,159421.3333,4.033333333,35156.41333,4.583333333,131.0666667,668,295668,630632.01,1685,1540,1039,6334.02
E06000030,Swindon,2023Q3,258501.3333,0.3,461567.6667,0.9,282818.6667,0.633333333,227388,-0.066666667,158078,-0.533333333,35750.16667,5.166666667,131.4,770,573971.01,532428,1927,1534,1070,22484.01
E06000030,Swindon,2023Q4,256950.6667,-1,458609.3333,-0.7,281038.6667,-0.633333333,225921.3333,-1.466666667,157385.3333,-1.2,36426.64667,5.25,131.9666667,822,265236.99,392259.99,1651,1450,1003,28443
E06000030,Swindon,2024Q1,251880.6667,-3.666666667,449353,-4.033333333,275386.6667,-3.566666667,221317,-3.6,154659,-3.8,37103.12667,5.25,132.2666667,674,229845.99,454544.01,1318,1303,923,10417.02
E06000030,Swindon,2024Q2,251672,-2.766666667,445862.3333,-4.166666667,274507.6667,-3,221514.3333,-2,155966.3333,-2.166666667,37774.68667,5.25,133.8333333,859,204254.01,728825.01,1605,1502,1045,5466
E06000030,Swindon,2024Q3,258365.6667,-0.066666667,457169.6667,-0.933333333,281783.6667,-0.366666667,228622,0.566666667,158418.3333,0.233333333,38151.24333,5.083333333,134.1,865,388326.99,555722.01,1413,1360,966,8415.99
E06000030,Swindon,2024Q4,260561.6667,1.4,464185.3333,1.233333333,284675,1.3,229991.3333,1.8,158800,0.9,38377.02,4.833333333,135.2333333,1034,145505.01,420449.01,1354,1413,996,16455
E06000030,Swindon,2025Q1,255967.6667,1.6,456433.3333,1.6,280296.3333,1.8,226238,2.233333333,154880.6667,0.166666667,38601.97333,4.583333333,135.9666667,999,151643.01,452067.99,1440,1474,1032,16068
E06000030,Swindon,2025Q2,256781.3333,2.033333333,459838.6667,3.1,282328.3333,2.833333333,226608.6667,2.3,153673,-1.466666667,38824.47,4.333333333,138.5,558,185370,790707.99,1643,1576,1259,12370.02
E06000030,Swindon,2025Q3,259677.6667,0.5,463791.6667,1.433333333,286619.3333,1.7,229909.3333,0.566666667,153390.6667,-3.2,38900,4.083333333,139.2,710,376097.01,568923.99,1551,1606,1195,13254.99
E06000030,Swindon,2025Q4,260906.3333,0.166666667,464005.6667,-0.066666667,289149.3333,1.566666667,231274.6667,0.6,153320,-3.433333333,38900,3.916666667,139.8,693,116405.01,429636,1422,1496,1094,13194
E08000036,Wakefield,2015Q2,121666.6667,4.033333333,194405.6667,4.666666667,120351,4.166666667,96495,3.5,71382.66667,3.633333333,23512.52,0.5,100.0666667,1273,124947,668316,4164,1511,1016,3248.01
E08000036,Wakefield,2015Q3,123612.6667,2.666666667,196994,2.966666667,122433,2.966666667,98174.66667,2.133333333,72123,1.9,23682,0.5,100.1666667,1443,240512.01,539514.99,3866,1532,954,3229.98
E08000036,Wakefield,2015Q4,122911,2.133333333,197104.6667,2.733333333,121621,2.333333333,97305.66667,1.633333333,71282.33333,0.7,23863.83,0.5,100.3,1461,95876.01,339126.99,4051,1621,1031,3192.99
E08000036,Wakefield,2016Q1,124963.6667,5.866666667,200151.3333,6.266666667,123909.6667,6.2,98770.33333,5.466666667,72544.33333,4.433333333,24045.66,0.5,99.83333333,1279,89624.01,356235.99,3987,1804,1719,2772
E08000036,Wakefield,2016Q2,127172.6667,4.533333333,203500,4.7,125751.3333,4.5,100873,4.566666667,74134.66667,3.866666667,24226.17,0.5,100.4,1411,147306.99,652428.99,4191,1816,1693,2474.01
E08000036,Wakefield,2016Q3,129215,4.533333333,206685.3333,4.9,127646,4.266666667,102658,4.566666667,75266,4.366666667,24394.96333,0.333333333,100.8666667,1497,245307,527103,4617,1943,1745,2117.01
E08000036,Wakefield,2016Q4,130251.3333,5.966666667,210108.6667,6.6,128781.3333,5.9,102602.3333,5.433333333,76152.33333,6.8,24557.19667,0.25,101.5,1519,94007.01,366960,4554,1825,1714,2580.99
E08000036,Wakefield,2017Q1,129623.3333,3.733333333,210109.3333,4.966666667,127959,3.266666667,101826.3333,3.066666667,76166,5,24718.84667,0.25,102,1280,96450.99,417771.99,4346,1866,1883,2469
E08000036,Wakefield,2017Q2,130766.6667,2.833333333,211081,3.733333333,129136,2.7,102951.6667,2.066666667,77350.66667,4.333333333,24878.72333,0.25,103.1666667,1559,159168.99,725610,4348,2241,2091,2187
E08000036,Wakefield,2017Q3,136660.3333,5.766666667,219578.3333,6.233333333,135083.6667,5.833333333,107901,5.1,80842.66667,7.433333333,25116.83667,0.25,103.7,1503,257796.99,563834.01,4527,2326,2174,2041.98
E08000036,Wakefield,2017Q4,135525,4.033333333,218418.6667,3.966666667,134188.3333,4.233333333,106668.6667,3.966666667,79269,4.1,25393.09333,0.416666667,104.5666667,1581,98865.99,388368,4806,2405,2230,1866
E08000036,Wakefield,2018Q1,135524.6667,4.566666667,218913,4.233333333,134409.6667,5.033333333,106282.3333,4.366666667,78916.66667,3.6,25668.34333,0.5,104.7666667,1226,97074.99,416469,4293,2569,2248,2325.99
E08000036,Wakefield,2018Q2,134392,2.766666667,216929.3333,2.766666667,133225,3.166666667,105735.3333,2.7,77387,0.066666667,25940.58,0.5,105.6666667,1497,172416.99,764279.01,4673,2866,2596,2382
E08000036,Wakefield,2018Q3,138949,1.666666667,224093.6667,2.033333333,137861.6667,2.066666667,109331,1.366666667,79755,-1.366666667,26133.10667,0.666666667,106.3,1455,284828.01,624605.01,4804,3062,3085,2611.98
E08000036,Wakefield,2018Q4,141407.6667,4.333333333,228642.6667,4.666666667,140332.6667,4.6,110969.6667,4.066666667,81002,2.166666667,26283.54,0.75,106.9333333,1661,108036,434286,4898,3020,3087,2776.98
E08000036,Wakefield,2019Q1,140004.3333,3.3,227001.3333,3.666666667,139105.3333,3.466666667,109450,2.966666667,79792.66667,1.133333333,26433.42667,0.75,106.7,1267,112719,453599.01,4127,2705,3091,3853.98
E08000036,Wakefield,2019Q2,140463.6667,4.533333333,226971.3333,4.633333333,139723.6667,4.9,110134.6667,4.133333333,79470.66667,2.7,26581.67333,0.75,107.8,1476,193596.99,792681.99,4211,2773,3039,3580.02
E08000036,Wakefield,2019Q3,142729,2.733333333,230061.6667,2.666666667,141825.3333,2.866666667,112361,2.766666667,80856.33333,1.366666667,26544.33333,0.75,108.2666667,1395,321639.99,689672.01,4690,2708,3428,3656.01
E08000036,Wakefield,2019Q4,143443.3333,1.433333333,230843,0.966666667,142906,1.833333333,112735,1.6,80990.66667,0,26412.59333,0.75,108.4333333,1553,130221.99,477507.99,4299,2735,3164,3990
E08000036,Wakefield,2020Q1,142992.6667,2.133333333,230716.3333,1.633333333,142574,2.5,112072.3333,2.4,80006.33333,0.3,26280.85667,0.533333333,108.4666667,1075,108819,364535.01,4251,2623,3151,4024.02
E08000036,Wakefield,2020Q2,145667.6667,3.733333333,235933.6667,3.933333333,145181.6667,3.933333333,113955.3333,3.466666667,80559.66667,1.366666667,26150.07333,0.1,108.5333333,761,9206.01,6153.99,2943,2132,3489,1573.02
E08000036,Wakefield,2020Q3,146174,2.433333333,236227.3333,2.7,145757.6667,2.8,114562.6667,1.933333333,80711.33333,-0.2,26419.86,0.1,108.9333333,1110,188156.01,63846.99,3474,2666,3764,1110
E08000036,Wakefield,2020Q4,150461.3333,4.9,243976,5.7,149440.3333,4.566666667,118362,5,82254.66667,1.566666667,26891.50333,0.1,109.0666667,1446,154866.99,66060,3336,2250,3311,2266.02
E08000036,Wakefield,2021Q1,157140.3333,9.9,251624.6667,9.033333333,156106,9.5,124833.6667,11.4,87903.66667,9.866666667,27361.43,0.1,109.1666667,1586,132414,37779.99,3117,2200,3592,3291
E08000036,Wakefield,2021Q2,162595.3333,11.6,258658.6667,9.633333333,161411,11.16666667,129973.3333,14.03333333,92009.66667,14.2,27826.21333,0.1,110.7333333,1887,155789.01,49665,3255,2787,4133,3336
E08000036,Wakefield,2021Q3,167298.6667,14.46666667,265824.3333,12.53333333,166331.3333,14.13333333,133803,16.76666667,93746.33333,16.16666667,28140.09333,0.1,111.9333333,1874,397026.99,105240.99,3712,2973,4154,3003.99
E08000036,Wakefield,2021Q4,169844,12.93333333,273068.3333,11.96666667,168605.6667,12.86666667,134964.3333,14.06666667,93754.33333,14.03333333,28374.66,0.15,114.4,1417,212738.01,209291.01,4175,2967,4215,3322.02
E08000036,Wakefield,2022Q1,173429,10.36666667,278365,10.63333333,172461.6667,10.5,137796,10.4,95191,8.333333333,28608.37333,0.5,115.9333333,1334,231531.99,244452,4075,3059,4329,3880.98
E08000036,Wakefield,2022Q2,176951,8.8,283409.6667,9.6,176016,9.066666667,140865,8.4,96782,5.2,28839.52667,1,120.8666667,1559,320414.01,366537,4375,3308,4545,3633
E08000036,Wakefield,2022Q3,184808.3333,10.46666667,294462,10.76666667,184023.6667,10.63333333,147818.6667,10.46666667,100258.6667,6.933333333,29071.58667,1.75,123.1333333,1488,580814.01,433932.99,4318,3286,4626,4697.01
E08000036,Wakefield,2022Q4,186894.3333,10.03333333,298586.3333,9.366666667,185980.6667,10.3,149386,10.66666667,100676.6667,7.4,29302.38333,2.916666667,126.7,1402,294774.99,351239.01,4194,3333,4098,5063.01
E08000036,Wakefield,2023Q1,186754.3333,7.7,300051.3333,7.8,186065.3333,7.9,148289.6667,7.666666667,100548.3333,5.633333333,29532.34333,3.916666667,127.7333333,954,297594.99,399660.99,4668,3403,4583,4217.01
E08000036,Wakefield,2023Q2,182536,3.2,294501.6667,3.933333333,181893.3333,3.366666667,144398,2.533333333,98141,1.433333333,29759.78667,4.583333333,131.0666667,925,295668,630632.01,4267,3323,4300,6334.02
E08000036,Wakefield,2023Q3,186339,0.833333333,298458,1.366666667,185615.6667,0.9,148394.3333,0.4,99529.66667,-0.733333333,30314.16667,5.166666667,131.4,1033,573971.01,532428,4243,3196,4020,22484.01
E08000036,Wakefield,2023Q4,184746,-1.166666667,295709,-0.933333333,184009,-1.033333333,147168.6667,-1.466666667,98872,-1.8,31031.22,5.25,131.9666667,1041,265236.99,392259.99,4120,3101,3373,28443
E08000036,Wakefield,2024Q1,184115.6667,-1.4,294426.3333,-1.866666667,183519.6667,-1.333333333,146576,-1.133333333,98714.66667,-1.8,31748.27333,5.25,132.2666667,906,229845.99,454544.01,4019,2847,3345,10417.02
E08000036,Wakefield,2024Q2,183989,0.8,292426,-0.7,183331.6667,0.766666667,146970,1.8,99505,1.366666667,32460.11333,5.25,133.8333333,1099,204254.01,728825.01,3834,3098,3526,5466
E08000036,Wakefield,2024Q3,190967.6667,2.5,302984,1.5,190185,2.466666667,153209.3333,3.266666667,101975.6667,2.466666667,32984.11,5.083333333,134.1,1240,388326.99,555722.01,4110,3156,3700,8415.99
E08000036,Wakefield,2024Q4,189413,2.5,302135,2.166666667,188677.6667,2.533333333,151547.3333,2.966666667,100316,1.466666667,33411.05,4.833333333,135.2333333,1363,145505.01,420449.01,3770,3031,3350,16455
E08000036,Wakefield,2025Q1,191887.3333,4.233333333,305956.6667,3.933333333,191642.3333,4.433333333,153308.6667,4.6,100886.3333,2.2,33836.44,4.583333333,135.9666667,1313,151643.01,452067.99,3587,2832,3393,16068
E08000036,Wakefield,2025Q2,192005,4.333333333,306190,4.7,192398.6667,4.933333333,152836.6667,4,100056.6667,0.533333333,34257.17,4.333333333,138.5,839,185370,790707.99,3551,3198,3753,12370.02
E08000036,Wakefield,2025Q3,194580.3333,1.866666667,309390.6667,2.133333333,195265.3333,2.666666667,155300.6667,1.366666667,99928,-2,34400,4.083333333,139.2,998,376097.01,568923.99,3385,3110,3622,13254.99
E08000036,Wakefield,2025Q4,197740.6667,4.4,313444.6667,3.733333333,199001.3333,5.466666667,157701,4.066666667,100948.6667,0.633333333,34400,3.916666667,139.8,1056,116405.01,429636,3337,2835,3251,13194
E09000032,Wandsworth,2015Q2,640338.3333,2.866666667,2029634.333,2.9,1107329,2.9,822913,2.933333333,516805,2.866666667,39531.45667,0.5,100.0666667,1522,124947,668316,3653,1376,897,3248.01
E09000032,Wandsworth,2015Q3,666316.3333,2,2113584.667,2.366666667,1155225,2.2,861566,2.033333333,536498,1.966666667,39851.67,0.5,100.1666667,1797,240512.01,539514.99,3415,1379,955,3229.98
E09000032,Wandsworth,2015Q4,680878.6667,6.266666667,2171436,6.766666667,1177807,6.266666667,878617.6667,6.566666667,548642.3333,6.2,40294.47,0.5,100.3,1484,95876.01,339126.99,3696,1296,926,3192.99
E09000032,Wandsworth,2016Q1,685576.6667,7,2190617.333,7.966666667,1194533.667,7.7,885067.3333,7.6,552143.6667,6.7,40737.27667,0.5,99.83333333,1576,89624.01,356235.99,3540,1256,880,2772
E09000032,Wandsworth,2016Q2,698808,9.133333333,2194581.667,8.133333333,1199387,8.333333333,897147.3333,9.033333333,564471.3333,9.233333333,41176.86,0.5,100.4,1237,147306.99,652428.99,3777,1347,976,2474.01
E09000032,Wandsworth,2016Q3,702472.3333,5.433333333,2191632,3.733333333,1203006,4.166666667,900979.6667,4.6,567737,5.866666667,41124.12,0.333333333,100.8666667,1314,245307,527103,4236,1289,1105,2117.01
E09000032,Wandsworth,2016Q4,706852.3333,3.833333333,2209326,1.733333333,1207192,2.5,899081,2.333333333,573072.6667,4.466666667,40822.24667,0.25,101.5,1201,94007.01,366960,4063,1255,909,2580.99
E09000032,Wandsworth,2017Q1,701289,2.3,2185756.333,-0.2,1188380.333,-0.533333333,886319.6667,0.133333333,570189.6667,3.3,40521.47333,0.25,102,1212,96450.99,417771.99,3583,1278,955,2469
E09000032,Wandsworth,2017Q2,719132,2.9,2254264.333,2.7,1218654.667,1.6,903773.3333,0.766666667,585966,3.833333333,40223.99,0.25,103.1666667,1236,159168.99,725610,3885,1402,1039,2187
E09000032,Wandsworth,2017Q3,720745,2.566666667,2250211,2.666666667,1225645.667,1.866666667,909683,0.966666667,586216.6667,3.3,40390.56333,0.25,103.7,1634,257796.99,563834.01,3871,1430,977,2041.98
E09000032,Wandsworth,2017Q4,694675.6667,-1.733333333,2194921,-0.633333333,1191243,-1.333333333,881502.3333,-1.966666667,563472,-1.666666667,40792.64,0.416666667,104.5666667,1096,98865.99,388368,4093,1458,1091,1866
E09000032,Wandsworth,2018Q1,681321,-2.833333333,2134644,-2.3,1165249.333,-1.9,862678.6667,-2.666666667,553260,-2.966666667,41193.25667,0.5,104.7666667,978,97074.99,416469,4049,1376,901,2325.99
E09000032,Wandsworth,2018Q2,683771.6667,-4.933333333,2151455,-4.533333333,1180520.333,-3.1,875486.6667,-3.1,553210.3333,-5.566666667,41589.48667,0.5,105.6666667,1259,172416.99,764279.01,3936,1591,1121,2382
E09000032,Wandsworth,2018Q3,691127,-4.1,2225148,-1.1,1206526.333,-1.566666667,889578.6667,-2.2,557875,-4.8,42012.28667,0.666666667,106.3,1384,284828.01,624605.01,3913,1531,1177,2611.98
E09000032,Wandsworth,2018Q4,681919.3333,-1.8,2192546,-0.1,1189794.333,-0.1,876345,-0.566666667,550724.3333,-2.266666667,42445.50667,0.75,106.9333333,1115,108036,434286,3755,1390,1068,2776.98
E09000032,Wandsworth,2019Q1,665508,-2.366666667,2146609,0.566666667,1162694.667,-0.2,853641.3333,-1.066666667,537681.3333,-2.833333333,42877.15333,0.75,106.7,943,112719,453599.01,3841,1422,1121,3853.98
E09000032,Wandsworth,2019Q2,662565,-3.066666667,2123890.667,-1.266666667,1159600.667,-1.766666667,857459,-2.033333333,533471.3333,-3.6,43304.06667,0.75,107.8,996,193596.99,792681.99,3855,1493,1138,3580.02
E09000032,Wandsworth,2019Q3,679924,-1.6,2178529.333,-2.1,1192030,-1.2,883986,-0.633333333,546412.6667,-2.066666667,43945.83,0.75,108.2666667,1452,321639.99,689672.01,4026,1443,1179,3656.01
E09000032,Wandsworth,2019Q4,690136.6667,1.2,2246135.667,2.433333333,1220769.667,2.6,898085.6667,2.466666667,553989.6667,0.6,44692.44333,0.75,108.4333333,1223,130221.99,477507.99,4025,1407,1192,3990
E09000032,Wandsworth,2020Q1,698166.3333,4.933333333,2277875.333,6.166666667,1241071.333,6.766666667,911632,6.8,559470,4.066666667,45439.05,0.533333333,108.4666667,989,108819,364535.01,3559,1384,1376,4024.02
E09000032,Wandsworth,2020Q2,692472,4.5,2302361,8.4,1240933.333,7.033333333,909306,6.033333333,553216.6667,3.733333333,46180.22667,0.1,108.5333333,517,9206.01,6153.99,2647,1294,1323,1573.02
E09000032,Wandsworth,2020Q3,701423,3.133333333,2306402.333,5.833333333,1260827,5.766666667,929016,5.066666667,558468.3333,2.2,45955.37,0.1,108.9333333,1098,188156.01,63846.99,3859,1675,1435,1110
E09000032,Wandsworth,2020Q4,708107,2.633333333,2356183.667,4.9,1283898.333,5.2,950822,5.866666667,560310,1.166666667,45242.12667,0.1,109.0666667,1531,154866.99,66060,3470,1461,1412,2266.02
E09000032,Wandsworth,2021Q1,676516.3333,-3.066666667,2217054.333,-2.6,1211915.333,-2.333333333,899493.3333,-1.3,538003.3333,-3.833333333,44531.48,0.1,109.1666667,1856,132414,37779.99,3078,1302,1382,3291
E09000032,Wandsworth,2021Q2,660868.6667,-4.533333333,2143841.667,-6.8,1172669.667,-5.466666667,871605.3333,-4.1,527721.6667,-4.6,43828.61333,0.1,110.7333333,2362,155789.01,49665,3270,1651,1345,3336
E09000032,Wandsworth,2021Q3,688583.6667,-1.766666667,2310631.333,0.2,1243007.667,-1.4,913872.3333,-1.566666667,547388.6667,-1.966666667,44312.64,0.1,111.9333333,1127,397026.99,105240.99,3622,1722,1353,3003.99
E09000032,Wandsworth,2021Q4,702192.6667,-0.833333333,2430787.667,3.2,1295462.333,0.9,937371.6667,-1.4,555626.6667,-0.833333333,45398.57667,0.15,114.4,1050,212738.01,209291.01,3566,1729,1394,3322.02
E09000032,Wandsworth,2022Q1,717333.3333,6.066666667,2480279.333,11.93333333,1328519,9.666666667,961771,6.966666667,566479.6667,5.333333333,46480.56667,0.5,115.9333333,1217,231531.99,244452,3154,1589,1421,3880.98
E09000032,Wandsworth,2022Q2,735204,11.26666667,2557155.667,19.26666667,1364794.667,16.4,988289.6667,13.4,579668,9.866666667,47550.70667,1,120.8666667,1481,320414.01,366537,3273,1654,1295,3633
E09000032,Wandsworth,2022Q3,745677.3333,8.266666667,2585233.667,11.93333333,1392370.667,12,1013288,10.9,584505.6667,6.8,48313.76,1.75,123.1333333,1723,580814.01,433932.99,3494,1575,1238,4697.01
E09000032,Wandsworth,2022Q4,759342,8.133333333,2659217,9.433333333,1422260.667,9.8,1035205.667,10.46666667,593942.3333,6.9,48914.49,2.916666667,126.7,1598,294774.99,351239.01,3481,1495,1119,5063.01
E09000032,Wandsworth,2023Q1,719393.6667,0.3,2504744,1.033333333,1347621.333,1.466666667,975735,1.466666667,564287.6667,-0.4,49513.03333,3.916666667,127.7333333,943,297594.99,399660.99,3495,1442,1215,4217.01
E09000032,Wandsworth,2023Q2,697144,-5.166666667,2427025.667,-5.066666667,1305643.333,-4.333333333,942605.3333,-4.633333333,547787,-5.466666667,50105.02667,4.583333333,131.0666667,918,295668,630632.01,3968,1769,1200,6334.02
E09000032,Wandsworth,2023Q3,705824.3333,-5.333333333,2473046,-4.366666667,1330572.667,-4.4,965032.6667,-4.733333333,550944.6667,-5.733333333,50321.33333,5.166666667,131.4,1306,573971.01,532428,4061,1706,1203,22484.01
E09000032,Wandsworth,2023Q4,731257,-3.666666667,2534012.333,-4.7,1372602.333,-3.466666667,996085.6667,-3.766666667,572277,-3.633333333,50344.37667,5.25,131.9666667,1072,265236.99,392259.99,3946,1652,1220,28443
E09000032,Wandsworth,2024Q1,716889.3333,-0.3,2459806.333,-1.766666667,1339696.333,-0.566666667,974754,-0.066666667,561865.6667,-0.433333333,50367.41333,5.25,132.2666667,902,229845.99,454544.01,3870,1498,1154,10417.02
E09000032,Wandsworth,2024Q2,728365.3333,4.5,2511291.333,3.466666667,1359403.667,4.1,987299.6667,4.733333333,571609.3333,4.366666667,50390.29333,5.25,133.8333333,1128,204254.01,728825.01,3725,1543,1044,5466
E09000032,Wandsworth,2024Q3,734197.3333,4.033333333,2528116,2.233333333,1375000.333,3.366666667,1006464.667,4.333333333,573161,4.033333333,51097.57667,5.083333333,134.1,1510,388326.99,555722.01,3831,1611,1189,8415.99
E09000032,Wandsworth,2024Q4,707299.3333,-3.266666667,2448154,-3.366666667,1327180.333,-3.3,970701.6667,-2.5,551746.3333,-3.566666667,52148.85667,4.833333333,135.2333333,1312,145505.01,420449.01,3710,1477,1206,16455
E09000032,Wandsworth,2025Q1,711152.3333,-0.8,2444928.333,-0.6,1333309,-0.433333333,977833.6667,0.3,554320,-1.333333333,53196.31333,4.583333333,135.9666667,1578,151643.01,452067.99,3379,1501,1165,16068
E09000032,Wandsworth,2025Q2,701435,-3.7,2471584.667,-1.566666667,1348156.667,-0.833333333,975215,-1.233333333,543283.3333,-4.933333333,54232.3,4.333333333,138.5,674,185370,790707.99,3507,1668,1375,12370.02
E09000032,Wandsworth,2025Q3,705712,-3.866666667,2460747.333,-2.666666667,1358093.333,-1.233333333,993072.3333,-1.333333333,544001,-5.066666667,54584,4.083333333,139.2,1034,376097.01,568923.99,3699,1710,1524,13254.99
E09000032,Wandsworth,2025Q4,692533.3333,-2.1,2406202,-1.733333333,1326376,-0.066666667,971202.3333,0.033333333,534773.3333,-3.066666667,54584,3.916666667,139.8,732,116405.01,429636,3380,1608,1337,13194
E06000062,West Northamptonshire,2015Q2,194613.3333,7.233333333,321214,8.133333333,184732,7.3,151558,6.5,105130.6667,6.4,33548,0.5,100.0666667,1751,124947,668316,3795,2118,874,3248.01
E06000062,West Northamptonshire,2015Q3,200883.6667,6.933333333,331397,7.533333333,190878,7.1,156621,6.333333333,107957.3333,6.333333333,33548,0.5,100.1666667,2126,240512.01,539514.99,4018,2169,684,3229.98
E06000062,West Northamptonshire,2015Q4,204742,7.933333333,337965.3333,8,194549.3333,8.166666667,159580.3333,7.933333333,109896.6667,7.366666667,33548,0.5,100.3,2344,95876.01,339126.99,4277,2098,750,3192.99
E06000062,West Northamptonshire,2016Q1,207652.3333,9.6,343222.3333,9.9,197481.3333,9.9,161485.3333,9.433333333,111550,8.5,33548,0.5,99.83333333,2173,89624.01,356235.99,4524,2005,788,2772
E06000062,West Northamptonshire,2016Q2,212652.6667,9.266666667,350260.3333,9.066666667,202099.6667,9.366666667,165768,9.4,114948,9.366666667,33548,0.5,100.4,1781,147306.99,652428.99,4365,2115,708,2474.01
E06000062,West Northamptonshire,2016Q3,219066.6667,9.066666667,359306.6667,8.433333333,208306,9.133333333,171349.3333,9.433333333,118601.6667,9.866666667,33548,0.333333333,100.8666667,2156,245307,527103,4661,2205,714,2117.01
E06000062,West Northamptonshire,2016Q4,222089.6667,8.466666667,368293.3333,8.966666667,211381.3333,8.666666667,171753.6667,7.633333333,119974.3333,9.2,33548,0.25,101.5,2003,94007.01,366960,4966,2264,725,2580.99
E06000062,West Northamptonshire,2017Q1,225957,8.833333333,374787.3333,9.166666667,214676,8.7,174545.6667,8.066666667,122803.3333,10.1,33548,0.25,102,1603,96450.99,417771.99,4846,2343,757,2469
E06000062,West Northamptonshire,2017Q2,227486.6667,7,373058.6667,6.5,216191,7,176659.6667,6.566666667,125672,9.333333333,33548,0.25,103.1666667,1953,159168.99,725610,4583,2389,821,2187
E06000062,West Northamptonshire,2017Q3,233604,6.633333333,381157.3333,6.066666667,222087.3333,6.6,182131,6.266666667,129293.3333,9,33548,0.25,103.7,1994,257796.99,563834.01,4708,2360,795,2041.98
E06000062,West Northamptonshire,2017Q4,236350.3333,6.4,386972.6667,5.1,224945.6667,6.4,184071.6667,7.166666667,129549,7.966666667,33548,0.416666667,104.5666667,2017,98865.99,388368,4550,2464,881,1866
E06000062,West Northamptonshire,2018Q1,237668.6667,5.166666667,391560,4.466666667,226647.6667,5.6,184243.6667,5.566666667,129115.6667,5.166666667,33548,0.5,104.7666667,1530,97074.99,416469,4363,2273,937,2325.99
E06000062,West Northamptonshire,2018Q2,241564.3333,6.2,397243.6667,6.5,230790.3333,6.733333333,188044.3333,6.466666667,130273.6667,3.666666667,33548,0.5,105.6666667,1851,172416.99,764279.01,3385,2591,1192,2382
E06000062,West Northamptonshire,2018Q3,243614.3333,4.3,400836,5.166666667,232624.3333,4.733333333,189826.6667,4.233333333,130976,1.3,33548,0.666666667,106.3,1882,284828.01,624605.01,4694,2610,1363,2611.98
E06000062,West Northamptonshire,2018Q4,241772.6667,2.266666667,397997.6667,2.866666667,231090.3333,2.733333333,188229,2.266666667,129745.3333,0.133333333,33548,0.75,106.9333333,1950,108036,434286,4512,2541,1365,2776.98
E06000062,West Northamptonshire,2019Q1,240663.3333,1.266666667,396519,1.266666667,230240.6667,1.6,186994,1.466666667,129156.6667,0.033333333,33548,0.75,106.7,1358,112719,453599.01,4554,2555,1436,3853.98
E06000062,West Northamptonshire,2019Q2,238772.3333,-1.133333333,390998,-1.6,228667.6667,-0.9,186959.6667,-0.6,127633.6667,-2.033333333,33548,0.75,107.8,1753,193596.99,792681.99,4167,2792,1500,3580.02
E06000062,West Northamptonshire,2019Q3,238647,-2.033333333,389701,-2.8,228020,-1.966666667,187794,-1.066666667,127870.3333,-2.366666667,33548,0.75,108.2666667,1811,321639.99,689672.01,4155,2876,1591,3656.01
E06000062,West Northamptonshire,2019Q4,239360,-1,391093.3333,-1.7,229446,-0.733333333,187943.6667,-0.133333333,127518.3333,-1.733333333,33548,0.75,108.4333333,1754,130221.99,477507.99,3983,2822,1725,3990
E06000062,West Northamptonshire,2020Q1,238366,-0.933333333,390935.3333,-1.433333333,228773,-0.6,186770,-0.133333333,125607.6667,-2.733333333,33548,0.533333333,108.4666667,1335,108819,364535.01,3701,2909,2202,4024.02
E06000062,West Northamptonshire,2020Q2,241589.3333,1.166666667,397822.3333,1.733333333,232049.3333,1.5,188989.3333,1.1,125697.3333,-1.5,33548,0.1,108.5333333,893,9206.01,6153.99,2507,2620,2208,1573.02
E06000062,West Northamptonshire,2020Q3,241527.6667,1.2,396550,1.766666667,232050.3333,1.733333333,189661.3333,1,125505,-1.866666667,33548,0.1,108.9333333,1491,188156.01,63846.99,2981,3143,2794,1110
E06000062,West Northamptonshire,2020Q4,248167.6667,3.7,410206.3333,4.9,237719.3333,3.6,194685.3333,3.566666667,127185,-0.266666667,33548,0.1,109.0666667,1943,154866.99,66060,3277,2872,2795,2266.02
E06000062,West Northamptonshire,2021Q1,252773.3333,6.033333333,411613.6667,5.333333333,242096.6667,5.833333333,200383.6667,7.3,133059,5.966666667,33548,0.1,109.1666667,2384,132414,37779.99,2922,2394,2571,3291
E06000062,West Northamptonshire,2021Q2,251886,4.266666667,406679,2.2,240839,3.8,201138.3333,6.433333333,134699.6667,7.166666667,33548,0.1,110.7333333,2478,155789.01,49665,2903,2841,2614,3336
E06000062,West Northamptonshire,2021Q3,258216,6.9,417919,5.4,247707.3333,6.766666667,205524.6667,8.366666667,136855.3333,9.033333333,33548,0.1,111.9333333,2096,397026.99,105240.99,3014,3020,2226,3003.99
E06000062,West Northamptonshire,2021Q4,264351.6667,6.533333333,433279.6667,5.633333333,253489.6667,6.633333333,208816.3333,7.266666667,137467.6667,8.1,33548,0.15,114.4,1588,212738.01,209291.01,3284,3010,2367,3322.02
E06000062,West Northamptonshire,2022Q1,272285.6667,7.7,445675,8.3,261636.3333,8.066666667,215495.3333,7.533333333,140717,5.766666667,33548,0.5,115.9333333,1655,231531.99,244452,3350,2830,2363,3880.98
E06000062,West Northamptonshire,2022Q2,279451,10.93333333,455993.6667,12.13333333,268752.3333,11.6,222062.3333,10.4,144074.6667,6.966666667,33548,1,120.8666667,1738,320414.01,366537,3284,3075,2627,3633
E06000062,West Northamptonshire,2022Q3,285003.3333,10.36666667,463704.3333,10.96666667,274392.3333,10.76666667,227593.6667,10.73333333,145643,6.4,33649.94667,1.75,123.1333333,2021,580814.01,433932.99,3408,3262,2449,4697.01
E06000062,West Northamptonshire,2022Q4,290811,10,474109,9.4,279662.6667,10.3,232206,11.2,147817.3333,7.533333333,33803.14333,2.916666667,126.7,1946,294774.99,351239.01,3321,2821,2309,5063.01
E06000062,West Northamptonshire,2023Q1,288423.3333,5.933333333,472090.3333,5.933333333,277701,6.133333333,228936.3333,6.233333333,146247,3.966666667,33955.78,3.916666667,127.7333333,1230,297594.99,399660.99,3422,2711,2325,4217.01
E06000062,West Northamptonshire,2023Q2,281328,0.7,461872.3333,1.3,271172.3333,0.9,222187.3333,0.1,142422.6667,-1.133333333,34106.74667,4.583333333,131.0666667,1170,295668,630632.01,3413,2851,2363,6334.02
E06000062,West Northamptonshire,2023Q3,282290,-0.966666667,460901.6667,-0.6,272110.3333,-0.8,224695,-1.266666667,142136,-2.4,34653.83,5.166666667,131.4,1404,573971.01,532428,3206,2946,2135,22484.01
E06000062,West Northamptonshire,2023Q4,280079,-3.666666667,457100,-3.6,270259,-3.366666667,222635,-4.1,141307,-4.4,35398.94,5.25,131.9666667,1357,265236.99,392259.99,3429,2659,1992,28443
E06000062,West Northamptonshire,2024Q1,275888,-4.333333333,449782.3333,-4.7,266363.6667,-4.1,219379.6667,-4.166666667,139305,-4.733333333,36144.04333,5.25,132.2666667,1118,229845.99,454544.01,3182,2652,2071,10417.02
E06000062,West Northamptonshire,2024Q2,277372,-1.366666667,449517,-2.666666667,267786.6667,-1.266666667,221272,-0.4,141440.3333,-0.7,36883.73,5.25,133.8333333,1398,204254.01,728825.01,3275,2793,2203,5466
E06000062,West Northamptonshire,2024Q3,282091.6667,-0.1,456313.6667,-1,272223.3333,0.033333333,226414,0.766666667,142484.3333,0.266666667,37277.89667,5.083333333,134.1,1678,388326.99,555722.01,3563,2669,2204,8415.99
E06000062,West Northamptonshire,2024Q4,284157.3333,1.466666667,461881.3333,1.066666667,274546.6667,1.566666667,227132.3333,2.033333333,142491.3333,0.866666667,37495.63667,4.833333333,135.2333333,1826,145505.01,420449.01,3266,2644,2017,16455
E06000062,West Northamptonshire,2025Q1,287199,4.1,466716.6667,3.766666667,278130.6667,4.4,229906,4.8,142950,2.6,37712.58333,4.583333333,135.9666667,1854,151643.01,452067.99,3322,2371,2109,16068
E06000062,West Northamptonshire,2025Q2,289822.3333,4.533333333,471962.6667,5,281222.6667,5.033333333,231888.6667,4.8,142333.3333,0.666666667,37927.15333,4.333333333,138.5,1080,185370,790707.99,3124,2562,2340,12370.02
E06000062,West Northamptonshire,2025Q3,292682.3333,3.766666667,475511,4.2,284903.6667,4.666666667,234927.6667,3.766666667,141895.3333,-0.4,38000,4.083333333,139.2,1351,376097.01,568923.99,3475,2505,2315,13254.99
E06000062,West Northamptonshire,2025Q4,293834.6667,3.4,475441.3333,2.966666667,287117.3333,4.6,236190,4,142218,-0.2,38000,3.916666667,139.8,1239,116405.01,429636,3192,2364,2094,13194
E06000064,Westmorland and Furness,2015Q2,163438.6667,4.133333333,280148.6667,4.866666667,172562.3333,4.3,128798.6667,3.633333333,110536.3333,3.866666667,32142,0.5,100.0666667,976,124947,668316,1464,738,383,3248.01
E06000064,Westmorland and Furness,2015Q3,165518.3333,2.466666667,281732.6667,2.533333333,175089.3333,2.8,131301.3333,2.333333333,110316,1.7,32142,0.5,100.1666667,1224,240512.01,539514.99,1496,795,434,3229.98
E06000064,Westmorland and Furness,2015Q4,166001.3333,1.733333333,284621.6667,2.666666667,175620.3333,2.133333333,131276,1.366666667,109975,-0.233333333,32142,0.5,100.3,1147,95876.01,339126.99,1374,738,340,3192.99
E06000064,Westmorland and Furness,2016Q1,167108,3.866666667,287816,4.7,176708,4.133333333,131691.6667,3.6,111217.6667,2.033333333,32142,0.5,99.83333333,1038,89624.01,356235.99,1206,853,384,2772
E06000064,Westmorland and Furness,2016Q2,167117.6667,2.233333333,284807.3333,1.666666667,176512.6667,2.3,132702.3333,3.033333333,111071.3333,0.5,32142,0.5,100.4,808,147306.99,652428.99,1431,779,401,2474.01
E06000064,Westmorland and Furness,2016Q3,171685.6667,3.733333333,290368,3.1,181762,3.833333333,136963,4.3,113342.3333,2.733333333,32142,0.333333333,100.8666667,1098,245307,527103,1470,778,396,2117.01
E06000064,Westmorland and Furness,2016Q4,169385,2.033333333,287323.3333,0.966666667,179955,2.466666667,134482.3333,2.433333333,112142.6667,1.966666667,32142,0.25,101.5,1124,94007.01,366960,1303,780,356,2580.99
E06000064,Westmorland and Furness,2017Q1,171495.6667,2.633333333,293534,2,181754,2.866666667,135156.6667,2.6,115319.6667,3.7,32142,0.25,102,907,96450.99,417771.99,1325,711,353,2469
E06000064,Westmorland and Furness,2017Q2,174095.6667,4.166666667,298554.3333,4.8,184392.3333,4.433333333,136930.6667,3.2,117775,6.033333333,32142,0.25,103.1666667,1091,159168.99,725610,1303,920,371,2187
E06000064,Westmorland and Furness,2017Q3,178464,3.966666667,303800.6667,4.633333333,189199.3333,4.1,141132.6667,3.066666667,120069.6667,5.933333333,32142,0.25,103.7,1170,257796.99,563834.01,1294,875,350,2041.98
E06000064,Westmorland and Furness,2017Q4,177812,4.966666667,304045.3333,5.8,189002.3333,5.033333333,140410.6667,4.4,118272,5.466666667,32142,0.416666667,104.5666667,1096,98865.99,388368,1289,920,426,1866
E06000064,Westmorland and Furness,2018Q1,178095.6667,3.833333333,305328,4.033333333,189882.6667,4.5,140380,3.866666667,117695,2.033333333,32142,0.5,104.7666667,874,97074.99,416469,1238,1065,583,2325.99
E06000064,Westmorland and Furness,2018Q2,179964.3333,3.366666667,306455.3333,2.633333333,192181.3333,4.266666667,143184,4.566666667,116391.6667,-1.166666667,32142,0.5,105.6666667,1031,172416.99,764279.01,1533,1299,743,2382
E06000064,Westmorland and Furness,2018Q3,183639,2.9,313728,3.266666667,196374.3333,3.766666667,145802,3.333333333,118212.6667,-1.533333333,32142,0.666666667,106.3,1094,284828.01,624605.01,1429,1333,802,2611.98
E06000064,Westmorland and Furness,2018Q4,179012.6667,0.666666667,307745.3333,1.233333333,191269.3333,1.2,141152.3333,0.533333333,116651.3333,-1.366666667,32142,0.75,106.9333333,1197,108036,434286,1371,1150,783,2776.98
E06000064,Westmorland and Furness,2019Q1,180683.3333,1.466666667,308581,1.066666667,193287,1.8,143287.6667,2.1,116866.6667,-0.7,32142,0.75,106.7,873,112719,453599.01,1403,1247,887,3853.98
E06000064,Westmorland and Furness,2019Q2,185334,2.966666667,317365.3333,3.566666667,198671.3333,3.4,146422,2.266666667,120052.3333,3.166666667,32142,0.75,107.8,998,193596.99,792681.99,1521,1273,948,3580.02
E06000064,Westmorland and Furness,2019Q3,187618,2.166666667,321400.6667,2.466666667,200928.6667,2.333333333,148491,1.866666667,120898.3333,2.266666667,32142,0.75,108.2666667,1057,321639.99,689672.01,1437,1205,1026,3656.01
E06000064,Westmorland and Furness,2019Q4,185796,3.8,316979,3,199222.6667,4.166666667,147249.6667,4.333333333,120020.6667,2.866666667,32142,0.75,108.4333333,1117,130221.99,477507.99,1399,1171,987,3990
E06000064,Westmorland and Furness,2020Q1,183849.3333,1.8,313822.3333,1.733333333,197198.3333,2.033333333,145276.6667,1.4,119713.3333,2.466666667,32142,0.533333333,108.4666667,844,108819,364535.01,1282,1141,994,4024.02
E06000064,Westmorland and Furness,2020Q2,180180.6667,-2.766666667,308434.6667,-2.8,193441.6667,-2.633333333,142279.6667,-2.833333333,116295.3333,-3.133333333,32142,0.1,108.5333333,541,9206.01,6153.99,903,934,1076,1573.02
E06000064,Westmorland and Furness,2020Q3,189744.3333,1.133333333,324705.3333,1,204246,1.666666667,150031,1.066666667,121018,0.1,32142,0.1,108.9333333,798,188156.01,63846.99,1194,1237,1159,1110
E06000064,Westmorland and Furness,2020Q4,197526.6667,6.333333333,340108,7.3,211855,6.366666667,156061,6,125368.3333,4.433333333,32142,0.1,109.0666667,1327,154866.99,66060,1005,950,966,2266.02
E06000064,Westmorland and Furness,2021Q1,198266,7.833333333,337066.6667,7.4,211984.6667,7.5,157863.3333,8.633333333,127963,6.9,32142,0.1,109.1666667,1351,132414,37779.99,849,733,965,3291
E06000064,Westmorland and Furness,2021Q2,200864,11.5,338597.6667,9.8,214047.3333,10.66666667,161163.6667,13.26666667,130288.6667,12.03333333,32142,0.1,110.7333333,1513,155789.01,49665,1125,1183,1143,3336
E06000064,Westmorland and Furness,2021Q3,201263.3333,6.1,339027,4.433333333,214901.3333,5.233333333,161780.3333,7.833333333,129285.3333,6.833333333,32142,0.1,111.9333333,1420,397026.99,105240.99,1176,1294,1181,3003.99
E06000064,Westmorland and Furness,2021Q4,200592.6667,1.566666667,342373.3333,0.633333333,214442,1.233333333,160132.6667,2.6,127192.3333,1.466666667,32142,0.15,114.4,989,212738.01,209291.01,1224,1199,1130,3322.02
E06000064,Westmorland and Furness,2022Q1,208029.6667,4.933333333,354999.3333,5.333333333,222859,5.133333333,166115.3333,5.266666667,131131.3333,2.5,32142,0.5,115.9333333,982,231531.99,244452,1171,1304,1139,3880.98
E06000064,Westmorland and Furness,2022Q2,213949.3333,6.533333333,363738,7.433333333,229314,7.133333333,171421,6.366666667,134352.3333,3.133333333,32142,1,120.8666667,1026,320414.01,366537,1500,1417,1291,3633
E06000064,Westmorland and Furness,2022Q3,224473.3333,11.53333333,380323.3333,12.2,240846.6667,12.06666667,180571,11.6,139714.6667,8.1,32372.63,1.75,123.1333333,1149,580814.01,433932.99,1459,1448,1278,4697.01
E06000064,Westmorland and Furness,2022Q4,223338,11.36666667,380400.6667,11.13333333,239349.3333,11.6,179419.3333,12.03333333,138108.6667,8.566666667,32719.20667,2.916666667,126.7,1129,294774.99,351239.01,1127,1338,1238,5063.01
E06000064,Westmorland and Furness,2023Q1,218748.6667,5.166666667,374013,5.366666667,234854.3333,5.433333333,175000,5.366666667,135292,3.166666667,33064.52,3.916666667,127.7333333,803,297594.99,399660.99,1195,1127,1143,4217.01
E06000064,Westmorland and Furness,2023Q2,219036.3333,2.4,375374.3333,3.233333333,235424.3333,2.666666667,174603.6667,1.866666667,135908.3333,1.2,33406.05333,4.583333333,131.0666667,773,295668,630632.01,1397,1400,1255,6334.02
E06000064,Westmorland and Furness,2023Q3,217319.6667,-3.2,370982,-2.433333333,233529.3333,-3,174116.6667,-3.566666667,133679,-4.3,34715,5.166666667,131.4,911,573971.01,532428,1173,1209,1079,22484.01
E06000064,Westmorland and Furness,2023Q4,221616.3333,-0.733333333,378057.6667,-0.566666667,238161,-0.466666667,177581.6667,-1.033333333,136431.6667,-1.166666667,36507.76,5.25,131.9666667,907,265236.99,392259.99,1134,1227,1088,28443
E06000064,Westmorland and Furness,2024Q1,217808.6667,-0.433333333,370839,-0.866666667,234107,-0.333333333,174586.6667,-0.233333333,134456,-0.633333333,38300.52,5.25,132.2666667,722,229845.99,454544.01,1149,1304,1061,10417.02
E06000064,Westmorland and Furness,2024Q2,220245.3333,0.533333333,372400.3333,-0.8,236625.3333,0.5,177041,1.4,136951.3333,0.766666667,40080.24,5.25,133.8333333,831,204254.01,728825.01,1240,1454,1263,5466
E06000064,Westmorland and Furness,2024Q3,221792.3333,2.066666667,374268.3333,0.9,238131,1.966666667,179187.6667,2.933333333,136251.3333,1.933333333,40877.03667,5.083333333,134.1,908,388326.99,555722.01,1243,1474,1265,8415.99
E06000064,Westmorland and Furness,2024Q4,229453.3333,3.533333333,389581.3333,3.033333333,246535,3.533333333,184961.6667,4.2,139786,2.466666667,41173.13667,4.833333333,135.2333333,1009,145505.01,420449.01,1129,1355,1287,16455
E06000064,Westmorland and Furness,2025Q1,227738.3333,4.566666667,386509,4.2,245199.6667,4.733333333,183865.6667,5.333333333,137701.6667,2.4,41468.15333,4.583333333,135.9666667,1078,151643.01,452067.99,979,1241,1112,16068
E06000064,Westmorland and Furness,2025Q2,214681.3333,-2.533333333,364249.6667,-2.2,232038,-1.933333333,173227.6667,-2.133333333,128630.6667,-6.066666667,41759.94333,4.333333333,138.5,627,185370,790707.99,1169,1384,1301,12370.02
E06000064,Westmorland and Furness,2025Q3,220509,-0.6,373480,-0.233333333,238923.6667,0.333333333,178555,-0.366666667,129992,-4.6,41859,4.083333333,139.2,743,376097.01,568923.99,1237,1508,1294,13254.99
E06000064,Westmorland and Furness,2025Q4,228616,-0.366666667,387204,-0.6,247921,0.566666667,185253.3333,0.166666667,134042.6667,-4.1,41859,3.916666667,139.8,705,116405.01,429636,1129,1424,1238,13194
E08000010,Wigan,2015Q2,109238.6667,5.466666667,181076.6667,6.133333333,111941,5.6,87513,4.866666667,69390.66667,5.2,26115.06333,0.5,100.0666667,1114,124947,668316,3484,1254,868,3248.01
E08000010,Wigan,2015Q3,111275.3333,3,184031.3333,3.433333333,114097.6667,3.333333333,89258.66667,2.433333333,70309.33333,2.533333333,26339.83333,0.5,100.1666667,1246,240512.01,539514.99,3219,1285,910,3229.98
E08000010,Wigan,2015Q4,113323,3.6,188666,4.266666667,116165.6667,3.833333333,90600,3.033333333,71204,2.333333333,26566.49667,0.5,100.3,1306,95876.01,339126.99,3552,1192,802,3192.99
E08000010,Wigan,2016Q1,112213.6667,3.833333333,186491.6667,4.166666667,115176.6667,4.166666667,89673.66667,3.5,70550.33333,2.5,26793.15667,0.5,99.83333333,1246,89624.01,356235.99,3465,1175,656,2772
E08000010,Wigan,2016Q2,114546,4.833333333,189773.6667,4.8,117412.6667,4.9,91820.66667,4.933333333,72335,4.266666667,27018.17333,0.5,100.4,1025,147306.99,652428.99,3408,1176,767,2474.01
E08000010,Wigan,2016Q3,117482.6667,5.6,194626.3333,5.766666667,120317.3333,5.466666667,94279.33333,5.633333333,74142,5.433333333,27071.10333,0.333333333,100.8666667,1270,245307,527103,3575,1252,791,2117.01
E08000010,Wigan,2016Q4,119020.3333,5.033333333,199146.3333,5.566666667,122129,5.133333333,94671.66667,4.5,75342.66667,5.833333333,27036.69667,0.25,101.5,1303,94007.01,366960,4355,1708,1366,2580.99
E08000010,Wigan,2017Q1,119470,6.466666667,200875.6667,7.733333333,122496.3333,6.333333333,94775.33333,5.7,75841.66667,7.533333333,27002.41667,0.25,102,1089,96450.99,417771.99,4086,1768,1334,2469
E08000010,Wigan,2017Q2,121289.3333,5.866666667,202840,6.9,124420,5.966666667,96371,4.966666667,77573,7.233333333,26968.51333,0.25,103.1666667,1276,159168.99,725610,3908,1884,1430,2187
E08000010,Wigan,2017Q3,122088,3.933333333,203180.6667,4.366666667,125233.6667,4.066666667,97275.66667,3.133333333,78142.33333,5.4,26969.36667,0.25,103.7,1364,257796.99,563834.01,4117,2037,1922,2041.98
E08000010,Wigan,2017Q4,123231,3.533333333,205902,3.4,126567.3333,3.633333333,97923.33333,3.466666667,78151.33333,3.733333333,26987.95,0.416666667,104.5666667,1356,98865.99,388368,3938,1940,1703,1866
E08000010,Wigan,2018Q1,122775.6667,2.766666667,205544.3333,2.333333333,126349.6667,3.166666667,97307.66667,2.666666667,77425.66667,2.1,27006.47,0.5,104.7666667,1198,97074.99,416469,3506,1765,1541,2325.99
E08000010,Wigan,2018Q2,122424.6667,0.933333333,204699,0.933333333,125955,1.233333333,97277.33333,0.933333333,76417.66667,-1.466666667,27024.78333,0.5,105.6666667,1357,172416.99,764279.01,3731,2028,1863,2382
E08000010,Wigan,2018Q3,126286,3.466666667,211096,3.866666667,130044,3.833333333,100287.3333,3.1,78582.33333,0.566666667,27025.65,0.666666667,106.3,1394,284828.01,624605.01,3503,2001,1733,2611.98
E08000010,Wigan,2018Q4,126554.6667,2.733333333,212078.6667,2.966666667,130416.6667,3.033333333,100273.6667,2.4,78511.66667,0.466666667,27017.61667,0.75,106.9333333,1608,108036,434286,3719,1882,1498,2776.98
E08000010,Wigan,2019Q1,125587.3333,2.266666667,211134,2.733333333,129565.6667,2.533333333,99186,1.933333333,77739.66667,0.433333333,27009.61,0.75,106.7,1216,112719,453599.01,3865,1860,1647,3853.98
E08000010,Wigan,2019Q2,128626.6667,5.066666667,215270.6667,5.166666667,132847.6667,5.433333333,101863,4.7,78969.66667,3.333333333,27001.69,0.75,107.8,1351,193596.99,792681.99,3271,1990,1741,3580.02
E08000010,Wigan,2019Q3,129288.3333,2.4,215792,2.266666667,133282.3333,2.5,102818.3333,2.533333333,79370,1,27393.5,0.75,108.2666667,1371,321639.99,689672.01,2133,1128,943,3656.01
E08000010,Wigan,2019Q4,129726,2.5,216151,1.9,134116.3333,2.833333333,102982.6667,2.666666667,79247.66667,0.933333333,27986.32667,0.75,108.4333333,1450,130221.99,477507.99,3651,1908,1421,3990
E08000010,Wigan,2020Q1,130575.6667,4,218316.6667,3.4,135153.3333,4.333333333,103394.3333,4.266666667,79223.66667,1.9,28579.15667,0.533333333,108.4666667,1123,108819,364535.01,3584,1809,1576,4024.02
E08000010,Wigan,2020Q2,131734.3333,2.433333333,221203,2.733333333,136269,2.566666667,104207.6667,2.3,79291,0.433333333,29167.67333,0.1,108.5333333,823,9206.01,6153.99,2626,1848,2172,1573.02
E08000010,Wigan,2020Q3,134848.3333,4.3,225662.3333,4.566666667,139763.6667,4.866666667,106749.6667,3.8,80861.33333,1.866666667,29623.03667,0.1,108.9333333,1126,188156.01,63846.99,3182,2123,2495,1110
E08000010,Wigan,2020Q4,139934.6667,7.866666667,234662,8.566666667,144703.3333,7.866666667,111119,7.866666667,82841,4.533333333,30009.29333,0.1,109.0666667,1449,154866.99,66060,2921,1722,2248,2266.02
E08000010,Wigan,2021Q1,144254,10.46666667,238260.3333,9.133333333,149059.6667,10.3,115722.6667,11.93333333,86979.33333,9.766666667,30394.14333,0.1,109.1666667,1522,132414,37779.99,3045,1859,2852,3291
E08000010,Wigan,2021Q2,149500.3333,13.5,245532.6667,11.03333333,154026.6667,13,120707.3333,15.83333333,91129.33333,14.9,30774.78,0.1,110.7333333,1590,155789.01,49665,3236,2575,3281,3336
E08000010,Wigan,2021Q3,154214,14.4,252574.3333,11.9,159172,13.9,124642.3333,16.76666667,93187,15.23333333,30677.21333,0.1,111.9333333,1634,397026.99,105240.99,3707,2575,3357,3003.99
E08000010,Wigan,2021Q4,158162.6667,13.03333333,261151.3333,11.3,163438.3333,12.96666667,127134.6667,14.43333333,94412.66667,14,30336.41667,0.15,114.4,1318,212738.01,209291.01,3645,2545,3289,3322.02
E08000010,Wigan,2022Q1,161041,11.63333333,265360,11.4,166674.6667,11.83333333,129468.3333,11.9,95666.66667,10,29996.85667,0.5,115.9333333,1233,231531.99,244452,3350,2355,3070,3880.98
E08000010,Wigan,2022Q2,166796.3333,11.6,274379.3333,11.73333333,172716.3333,12.13333333,134252,11.23333333,98634,8.233333333,29661.01333,1,120.8666667,1405,320414.01,366537,3603,2466,3416,3633
E08000010,Wigan,2022Q3,174845.3333,13.36666667,285754.3333,13.16666667,181150.3333,13.8,141433.3333,13.46666667,102489.6667,10,29957.28667,1.75,123.1333333,1456,580814.01,433932.99,3235,2629,3845,4697.01
E08000010,Wigan,2022Q4,179411.3333,13.46666667,294054,12.6,185722.3333,13.63333333,145101,14.13333333,104652,10.86666667,30573.84,2.916666667,126.7,1358,294774.99,351239.01,3289,2306,3388,5063.01
E08000010,Wigan,2023Q1,176243.6667,9.433333333,291323.3333,9.8,182673,9.6,141546,9.366666667,102738,7.4,31188.15333,3.916666667,127.7333333,1012,297594.99,399660.99,3171,2311,3371,4217.01
E08000010,Wigan,2023Q2,171851,3.033333333,285696,4.133333333,178365.6667,3.3,137298.6667,2.3,100119.3333,1.5,31795.73333,4.583333333,131.0666667,889,295668,630632.01,3049,2503,3590,6334.02
E08000010,Wigan,2023Q3,175478.3333,0.366666667,289024.6667,1.166666667,181898.6667,0.466666667,141218,-0.1,101602.3333,-0.866666667,32408,5.166666667,131.4,1051,573971.01,532428,3203,2589,3528,22484.01
E08000010,Wigan,2023Q4,175345.3333,-2.266666667,288638.3333,-1.866666667,181667.6667,-2.2,141188.6667,-2.733333333,101736.6667,-2.766666667,33018.11,5.25,131.9666667,920,265236.99,392259.99,3028,2462,3064,28443
E08000010,Wigan,2024Q1,174842,-0.766666667,287955,-1.133333333,181272.3333,-0.733333333,140613.3333,-0.6,101593.6667,-1.1,33628.22,5.25,132.2666667,920,229845.99,454544.01,2801,2387,2894,10417.02
E08000010,Wigan,2024Q2,178185.6667,3.7,291371,2,184670,3.566666667,143714.6667,4.7,104473.6667,4.366666667,34233.89,5.25,133.8333333,1002,204254.01,728825.01,2942,2608,3005,5466
E08000010,Wigan,2024Q3,178535.6667,1.766666667,291071.3333,0.7,184878.6667,1.633333333,144684.6667,2.466666667,103379.3333,1.766666667,34929.17667,5.083333333,134.1,1208,388326.99,555722.01,2675,2366,3014,8415.99
E08000010,Wigan,2024Q4,184415,5.166666667,302579.6667,4.833333333,190960.6667,5.1,149146.6667,5.633333333,105861.3333,4.066666667,35667.28,4.833333333,135.2333333,1299,145505.01,420449.01,2515,2333,2750,16455
E08000010,Wigan,2025Q1,186732.3333,6.8,307182.3333,6.7,193755,6.9,150765.3333,7.233333333,106143.3333,4.5,36402.7,4.583333333,135.9666667,1275,151643.01,452067.99,2393,2308,2951,16068
E08000010,Wigan,2025Q2,185038,3.833333333,304961.3333,4.7,192495,4.233333333,149016.6667,3.7,104066,-0.4,37130.07,4.333333333,138.5,785,185370,790707.99,2714,2570,2991,12370.02
E08000010,Wigan,2025Q3,190212,6.533333333,312379.3333,7.333333333,198120,7.166666667,153632,6.2,105419,2,37377,4.083333333,139.2,906,376097.01,568923.99,2578,2463,2918,13254.99
E08000010,Wigan,2025Q4,191009.3333,3.6,313027.3333,3.466666667,199334.6667,4.4,154249.6667,3.4,105194,-0.633333333,37377,3.916666667,139.8,891,116405.01,429636,2684,2474,2774,13194
E06000054,Wiltshire,2015Q2,226386.6667,6.566666667,355684.6667,7.233333333,218639.3333,6.6,179362,5.966666667,124511.6667,6.1,27028.95333,0.5,100.0666667,2145,124947,668316,2953,1424,632,3248.01
E06000054,Wiltshire,2015Q3,236135.6667,7.233333333,370787.6667,7.533333333,228357,7.4,187384.6667,6.733333333,129146,6.766666667,27013.66667,0.5,100.1666667,2575,240512.01,539514.99,2865,1428,619,3229.98
E06000054,Wiltshire,2015Q4,241264.3333,7.4,380171.3333,7.866666667,233057,7.533333333,191081.6667,7.033333333,131440.6667,6.3,26966.58,0.5,100.3,2480,95876.01,339126.99,2651,1340,979,3192.99
E06000054,Wiltshire,2016Q1,245281.3333,9.733333333,386815.3333,10.16666667,237621.3333,10.16666667,193662.6667,9.366666667,133585.6667,8.366666667,26919.49667,0.5,99.83333333,2330,89624.01,356235.99,2689,1459,942,2772
E06000054,Wiltshire,2016Q2,249518.6667,10.23333333,392165.3333,10.26666667,241348,10.36666667,197628.6667,10.2,136727.3333,9.833333333,26872.75,0.5,100.4,1910,147306.99,652428.99,2725,1639,940,2474.01
E06000054,Wiltshire,2016Q3,256349.3333,8.533333333,402826.6667,8.633333333,247772.6667,8.466666667,203205.6667,8.466666667,140451,8.766666667,27237.20667,0.333333333,100.8666667,2538,245307,527103,2932,1681,949,2117.01
E06000054,Wiltshire,2016Q4,255156.6667,5.766666667,403179,6.066666667,246598,5.833333333,200761.6667,5.066666667,140186.3333,6.666666667,27808.55333,0.25,101.5,2280,94007.01,366960,2928,1650,839,2580.99
E06000054,Wiltshire,2017Q1,259097,5.633333333,409822,5.966666667,250062.3333,5.233333333,203436.6667,5.066666667,142905.3333,7,28377.82333,0.25,102,1935,96450.99,417771.99,2746,1689,868,2469
E06000054,Wiltshire,2017Q2,260247,4.3,410232,4.6,251307.3333,4.1,204261,3.366666667,144704.3333,5.8,28940.85667,0.25,103.1666667,2145,159168.99,725610,3361,1885,968,2187
E06000054,Wiltshire,2017Q3,271438.6667,5.866666667,426786,5.933333333,262464,5.933333333,213514.6667,5.1,150777.3333,7.366666667,29157.74,0.25,103.7,2410,257796.99,563834.01,3376,2110,1051,2041.98
E06000054,Wiltshire,2017Q4,270978.6667,6.233333333,427381.6667,6,262472.6667,6.466666667,212980,6.066666667,149168.3333,6.4,29196.41,0.416666667,104.5666667,2219,98865.99,388368,3587,1968,874,1866
E06000054,Wiltshire,2018Q1,270483.3333,4.4,427394.6667,4.3,262374,4.9,212258,4.333333333,148342.6667,3.8,29234.94667,0.5,104.7666667,1694,97074.99,416469,3017,1765,884,2325.99
E06000054,Wiltshire,2018Q2,273338,5.066666667,432154,5.366666667,265583,5.7,215199.6667,5.333333333,148299.3333,2.5,29273.06,0.5,105.6666667,2064,172416.99,764279.01,3305,2039,1070,2382
E06000054,Wiltshire,2018Q3,275613.6667,1.566666667,436078,2.166666667,268005.3333,2.133333333,217048.6667,1.666666667,148920.3333,-1.233333333,29387.61,0.666666667,106.3,2218,284828.01,624605.01,3373,1999,1169,2611.98
E06000054,Wiltshire,2018Q4,277941.3333,2.6,440464.3333,3.066666667,270357,3,218481.6667,2.566666667,149985.6667,0.533333333,29540.30333,0.75,106.9333333,2229,108036,434286,3299,2178,1069,2776.98
E06000054,Wiltshire,2019Q1,273292.6667,1.033333333,434330.3333,1.633333333,266106.6667,1.433333333,214005.6667,0.833333333,147206,-0.766666667,29692.44333,0.75,106.7,1685,112719,453599.01,3193,1986,1249,3853.98
E06000054,Wiltshire,2019Q2,267379.3333,-2.2,423653.6667,-1.933333333,260843.3333,-1.8,210328,-2.266666667,143327.3333,-3.333333333,29842.91667,0.75,107.8,1972,193596.99,792681.99,3177,2141,1167,3580.02
E06000054,Wiltshire,2019Q3,271663.6667,-1.433333333,430353,-1.3,264643.6667,-1.266666667,214180.3333,-1.3,145438.3333,-2.366666667,30107,0.75,108.2666667,2126,321639.99,689672.01,3513,2238,1386,3656.01
E06000054,Wiltshire,2019Q4,272289.6667,-2.033333333,431065.3333,-2.166666667,265961,-1.633333333,214558.3333,-1.8,145369.6667,-3.066666667,30427.08333,0.75,108.4333333,2153,130221.99,477507.99,3280,2075,1250,3990
E06000054,Wiltshire,2020Q1,267919.6667,-1.966666667,424621,-2.233333333,261919,-1.566666667,211172.6667,-1.333333333,142167,-3.4,30747.16333,0.533333333,108.4666667,1678,108819,364535.01,2770,1918,1386,4024.02
E06000054,Wiltshire,2020Q2,271613,1.6,431462.3333,1.833333333,265628,1.833333333,213980.3333,1.766666667,143065.3333,-0.2,31064.91667,0.1,108.5333333,957,9206.01,6153.99,1866,1825,1666,1573.02
E06000054,Wiltshire,2020Q3,275156,1.3,436729,1.5,269281,1.733333333,217356.3333,1.5,144190,-0.866666667,31061.87,0.1,108.9333333,1690,188156.01,63846.99,2416,2343,1747,1110
E06000054,Wiltshire,2020Q4,283765.6667,4.233333333,452799,5.033333333,276610.3333,4,224559.3333,4.7,146747.3333,0.966666667,30896.36333,0.1,109.0666667,2402,154866.99,66060,2279,1968,1394,2266.02
E06000054,Wiltshire,2021Q1,286825.6667,7.066666667,452582.6667,6.6,279415.6667,6.666666667,228825.6667,8.366666667,151731.3333,6.733333333,30731.46333,0.1,109.1666667,3043,132414,37779.99,1915,1704,1432,3291
E06000054,Wiltshire,2021Q2,285920,5.266666667,448719.3333,4.033333333,278299.3333,4.8,229097.3333,7.066666667,152906,6.9,30568.36667,0.1,110.7333333,3060,155789.01,49665,2369,2380,1592,3336
E06000054,Wiltshire,2021Q3,288047.3333,4.7,452553.6667,3.633333333,280984.3333,4.366666667,230531.3333,6.066666667,153026,6.166666667,30978.43667,0.1,111.9333333,2479,397026.99,105240.99,2359,2513,1703,3003.99
E06000054,Wiltshire,2021Q4,300773,6.033333333,477913.6667,5.533333333,293084,5.966666667,238850.6667,6.366666667,156948,6.966666667,31677.87,0.15,114.4,2131,212738.01,209291.01,2665,2316,1509,3322.02
E06000054,Wiltshire,2022Q1,306190,6.766666667,486191,7.433333333,299214.6667,7.066666667,243309,6.366666667,158759.3333,4.666666667,32374.75333,0.5,115.9333333,2030,231531.99,244452,2634,2222,1552,3880.98
E06000054,Wiltshire,2022Q2,313682,9.7,496566.6667,10.66666667,306796.3333,10.23333333,250439.3333,9.333333333,162141,6,33064.01,1,120.8666667,2085,320414.01,366537,2733,2551,1636,3633
E06000054,Wiltshire,2022Q3,326326,13.26666667,515575.3333,13.9,319562.6667,13.7,261635.6667,13.5,167319,9.366666667,33627.23333,1.75,123.1333333,2305,580814.01,433932.99,2633,2566,1718,4697.01
E06000054,Wiltshire,2022Q4,329150,9.433333333,521361.6667,9.133333333,322016,9.866666667,263656.3333,10.43333333,167791.6667,6.9,34121.98333,2.916666667,126.7,2231,294774.99,351239.01,2720,2306,1475,5063.01
E06000054,Wiltshire,2023Q1,327740,7.066666667,520701,7.066666667,321407.6667,7.466666667,261004.6667,7.266666667,166551.3333,4.933333333,34614.93,3.916666667,127.7333333,1462,297594.99,399660.99,2718,2234,1501,4217.01
E06000054,Wiltshire,2023Q2,321304.3333,2.433333333,511603.3333,3.033333333,315259,2.733333333,254726.6667,1.7,163258.6667,0.666666667,35102.48333,4.583333333,131.0666667,1371,295668,630632.01,2513,2360,1412,6334.02
E06000054,Wiltshire,2023Q3,322183.6667,-1.3,511328.6667,-0.833333333,316346,-1.033333333,257131.3333,-1.7,162668.6667,-2.766666667,35504.17,5.166666667,131.4,1660,573971.01,532428,2639,2166,1437,22484.01
E06000054,Wiltshire,2023Q4,320874.3333,-2.5,508854.3333,-2.366666667,315225.6667,-2.133333333,255806,-2.966666667,162510.6667,-3.166666667,35859.06,5.25,131.9666667,1673,265236.99,392259.99,2440,1992,1336,28443
E06000054,Wiltshire,2024Q1,315018,-3.9,498610,-4.266666667,309619,-3.7,251405,-3.666666667,159862.6667,-4.033333333,36213.95667,5.25,132.2666667,1415,229845.99,454544.01,2398,2064,1265,10417.02
E06000054,Wiltshire,2024Q2,312956,-2.6,492489.6667,-3.733333333,307564.6667,-2.433333333,250650.3333,-1.6,160215.6667,-1.833333333,36566.27,5.25,133.8333333,1724,204254.01,728825.01,2438,2226,1497,5466
E06000054,Wiltshire,2024Q3,321444.6667,-0.233333333,505629.6667,-1.133333333,315969.3333,-0.133333333,258894.6667,0.7,162892.3333,0.133333333,36873.18,5.083333333,134.1,2028,388326.99,555722.01,2393,2295,1484,8415.99
E06000054,Wiltshire,2024Q4,324229.3333,1.066666667,512411,0.733333333,318754.3333,1.133333333,260206.3333,1.733333333,163318,0.533333333,37155.96333,4.833333333,135.2333333,2095,145505.01,420449.01,2378,2155,1559,16455
E06000054,Wiltshire,2025Q1,323453.3333,2.7,510790.6667,2.433333333,318898,3,259948.6667,3.4,161866.6667,1.266666667,37437.72667,4.583333333,135.9666667,2208,151643.01,452067.99,2210,2150,1618,16068
E06000054,Wiltshire,2025Q2,327189.3333,4.566666667,517578.3333,5.1,323982.3333,5.333333333,262574.3333,4.766666667,161856.3333,1.033333333,37716.39667,4.333333333,138.5,1149,185370,790707.99,2464,2374,1817,12370.02
E06000054,Wiltshire,2025Q3,327070.6667,1.766666667,516551.6667,2.2,324981.3333,2.833333333,263405.6667,1.733333333,159867,-1.866666667,37811,4.083333333,139.2,1634,376097.01,568923.99,2377,2486,1796,13254.99
E06000054,Wiltshire,2025Q4,330102.6667,1.833333333,519281.6667,1.366666667,329179,3.3,266331.3333,2.366666667,161185.6667,-1.266666667,37811,3.916666667,139.8,1671,116405.01,429636,2372,2351,1578,13194
E08000015,Wirral,2015Q2,132962.6667,3.033333333,238610.6667,3.566666667,147145.6667,3.2,102514.6667,2.533333333,87626.66667,2.566666667,28058.86333,0.5,100.0666667,1155,124947,668316,3159,1200,740,3248.01
E08000015,Wirral,2015Q3,137418.6667,1.866666667,246263.6667,2.333333333,152254.3333,2.166666667,106136,1.333333333,90051.33333,1.366666667,28118.83333,0.5,100.1666667,1440,240512.01,539514.99,3245,1224,688,3229.98
E08000015,Wirral,2015Q4,138946,3.366666667,250604.6667,4.1,153907.3333,3.6,106965.6667,2.833333333,90974.33333,2.533333333,28138.12,0.5,100.3,1323,95876.01,339126.99,3093,1112,748,3192.99
E08000015,Wirral,2016Q1,138333.6667,4.833333333,249201.6667,5.333333333,153547,5.233333333,106492.3333,4.666666667,90111,3.2,28157.4,0.5,99.83333333,1333,89624.01,356235.99,2879,1054,839,2772
E08000015,Wirral,2016Q2,139903.3333,5.233333333,250898,5.166666667,155017.6667,5.366666667,108089.3333,5.433333333,91512.33333,4.433333333,28176.55,0.5,100.4,1004,147306.99,652428.99,2878,1200,831,2474.01
E08000015,Wirral,2016Q3,143226.6667,4.2,256564,4.2,158566.6667,4.133333333,110743.6667,4.333333333,93928.33333,4.3,28079.05,0.333333333,100.8666667,1338,245307,527103,2894,1079,947,2117.01
E08000015,Wirral,2016Q4,142918,2.866666667,257800.3333,2.866666667,158432.6667,2.933333333,109481.6667,2.366666667,94307,3.7,27922.84,0.25,101.5,1307,94007.01,366960,2936,1100,950,2580.99
E08000015,Wirral,2017Q1,143191.3333,3.533333333,258762,3.833333333,158577.3333,3.266666667,109575.6667,2.9,94799.33333,5.2,27767.19667,0.25,102,1150,96450.99,417771.99,2758,1109,956,2469
E08000015,Wirral,2017Q2,144955.6667,3.6,260896.6667,4,160470,3.5,110935.3333,2.633333333,96634.66667,5.6,27613.26,0.25,103.1666667,1306,159168.99,725610,3107,1326,1143,2187
E08000015,Wirral,2017Q3,150895,5.366666667,270084.3333,5.3,167158,5.433333333,115772.6667,4.533333333,100624,7.166666667,27585.56667,0.25,103.7,1468,257796.99,563834.01,3305,1323,1260,2041.98
E08000015,Wirral,2017Q4,151487,6,272599,5.733333333,168037,6.066666667,115992.3333,5.966666667,100231.6667,6.3,27622.48333,0.416666667,104.5666667,1355,98865.99,388368,3184,1374,1220,1866
E08000015,Wirral,2018Q1,147744.6667,3.166666667,265643.3333,2.633333333,164170.6667,3.5,113091.3333,3.233333333,97340.66667,2.7,27659.27,0.5,104.7666667,1105,97074.99,416469,2887,1619,1416,2325.99
E08000015,Wirral,2018Q2,149700.3333,3.233333333,268813,3.033333333,166566.6667,3.8,115001,3.666666667,97536,0.933333333,27695.65,0.5,105.6666667,1243,172416.99,764279.01,3049,1851,1826,2382
E08000015,Wirral,2018Q3,156172.6667,3.466666667,281272.3333,4.166666667,173894.3333,4.033333333,119703.6667,3.4,101541.6667,0.9,28001.30333,0.666666667,106.3,1350,284828.01,624605.01,2989,1867,1793,2611.98
E08000015,Wirral,2018Q4,156715.6667,3.466666667,283186,3.9,174491.3333,3.833333333,119973.3333,3.433333333,101662.3333,1.433333333,28442.05333,0.75,106.9333333,1340,108036,434286,2849,1694,1611,2776.98
E08000015,Wirral,2019Q1,154480,4.566666667,279819,5.333333333,172269.6667,4.9,117885,4.233333333,100013,2.733333333,28881.20333,0.75,106.7,1108,112719,453599.01,2618,1798,1657,3853.98
E08000015,Wirral,2019Q2,151372.6667,1.133333333,273043,1.566666667,169079.3333,1.5,115942.3333,0.8,97270.66667,-0.266666667,29315.55,0.75,107.8,1072,193596.99,792681.99,2516,1891,1694,3580.02
E08000015,Wirral,2019Q3,156408.3333,0.166666667,281088.6667,-0.066666667,174538.3333,0.366666667,120259.3333,0.466666667,100519.6667,-0.966666667,29385.33,0.75,108.2666667,1317,321639.99,689672.01,2591,1983,2026,3656.01
E08000015,Wirral,2019Q4,157896.3333,0.766666667,284093.3333,0.333333333,176585.3333,1.166666667,121083,0.933333333,101172,-0.466666667,29268.62333,0.75,108.4333333,1330,130221.99,477507.99,2312,1859,1851,3990
E08000015,Wirral,2020Q1,152791.3333,-1.1,275801.3333,-1.466666667,171076,-0.7,117160.6667,-0.6,97041.66667,-2.966666667,29151.91,0.533333333,108.4666667,1073,108819,364535.01,2449,1810,1998,4024.02
E08000015,Wirral,2020Q2,147296.3333,-2.7,267280.3333,-2.133333333,164946,-2.433333333,113026,-2.533333333,92541.33333,-4.833333333,29036.04667,0.1,108.5333333,608,9206.01,6153.99,1530,1664,2040,1573.02
E08000015,Wirral,2020Q3,159301,1.833333333,287995,2.433333333,178866,2.433333333,122142.6667,1.533333333,99950,-0.566666667,29081.56333,0.1,108.9333333,1090,188156.01,63846.99,2043,2001,2334,1110
E08000015,Wirral,2020Q4,168500.6667,6.733333333,306233.3333,7.8,189141.3333,7.066666667,129346.6667,6.8,104597.3333,3.4,29208.64,0.1,109.0666667,1460,154866.99,66060,1975,1558,1939,2266.02
E08000015,Wirral,2021Q1,176219.3333,15.43333333,315290.3333,14.4,197049.3333,15.3,136343.3333,16.5,111571,15.13333333,29335.25667,0.1,109.1666667,1589,132414,37779.99,1648,1583,2395,3291
E08000015,Wirral,2021Q2,178843.3333,21.43333333,317542.6667,18.83333333,199058.6667,20.7,139626.6667,23.53333333,114155,23.36666667,29460.48667,0.1,110.7333333,1649,155789.01,49665,1961,2145,2870,3336
E08000015,Wirral,2021Q3,181716.6667,14.16666667,325518.3333,13.1,202640.6667,13.36666667,142072.3333,16.43333333,113742.6667,13.86666667,29985.98667,0.1,111.9333333,1572,397026.99,105240.99,2175,2280,3080,3003.99
E08000015,Wirral,2021Q4,182479,8.333333333,330767.3333,8.033333333,204237.3333,8.033333333,141660,9.533333333,112834,7.9,30711.78333,0.15,114.4,1236,212738.01,209291.01,2276,2211,3124,3322.02
E08000015,Wirral,2022Q1,187600.6667,6.466666667,339826.3333,7.8,210553.3333,6.833333333,145897.3333,7,114756.6667,2.866666667,31434.94333,0.5,115.9333333,1330,231531.99,244452,2278,2072,3193,3880.98
E08000015,Wirral,2022Q2,190788.6667,6.7,344868,8.633333333,214335.3333,7.666666667,148890.3333,6.633333333,115968.3333,1.6,32150.18667,1,120.8666667,1206,320414.01,366537,2478,2325,3459,3633
E08000015,Wirral,2022Q3,200651,10.4,360650.6667,10.76666667,225709.3333,11.36666667,157480,10.83333333,121005,6.366666667,32786.24,1.75,123.1333333,1395,580814.01,433932.99,2211,2326,3408,4697.01
E08000015,Wirral,2022Q4,204304.6667,11.96666667,368710.3333,11.5,229676,12.43333333,160367.3333,13.2,122517.6667,8.566666667,33377.17667,2.916666667,126.7,1317,294774.99,351239.01,2233,2148,3078,5063.01
E08000015,Wirral,2023Q1,198336.6667,5.733333333,359241.3333,5.733333333,223380,6.1,154869.6667,6.133333333,118727.3333,3.433333333,33965.96667,3.916666667,127.7333333,979,297594.99,399660.99,2064,1987,3097,4217.01
E08000015,Wirral,2023Q2,197030,3.266666667,358495,3.966666667,222300.6667,3.733333333,152854.6667,2.666666667,117978,1.733333333,34548.30667,4.583333333,131.0666667,823,295668,630632.01,2083,2170,2845,6334.02
E08000015,Wirral,2023Q3,201849.3333,0.6,365187.3333,1.266666667,227846,0.966666667,157622,0.1,119967.3333,-0.866666667,35011,5.166666667,131.4,980,573971.01,532428,1945,2013,2364,22484.01
E08000015,Wirral,2023Q4,202671.6667,-0.833333333,365915.6667,-0.766666667,228510.6667,-0.533333333,158523,-1.166666667,120729.3333,-1.466666667,35409.22333,5.25,131.9666667,907,265236.99,392259.99,1760,1776,1936,28443
E08000015,Wirral,2024Q1,197761.6667,-0.233333333,356570.3333,-0.733333333,222885,-0.2,154670.6667,-0.1,118129,-0.5,35807.44667,5.25,132.2666667,887,229845.99,454544.01,1638,1783,2127,10417.02
E08000015,Wirral,2024Q2,199118,1.066666667,357159.3333,-0.366666667,224062.6667,0.8,156053.6667,2.1,119658,1.433333333,36202.77667,5.25,133.8333333,993,204254.01,728825.01,1805,1976,2228,5466
E08000015,Wirral,2024Q3,205639.3333,1.866666667,368266.3333,0.8,231505,1.633333333,162221.6667,2.933333333,122066.6667,1.733333333,36615.76333,5.083333333,134.1,1223,388326.99,555722.01,1687,1898,2176,8415.99
E08000015,Wirral,2024Q4,207210,2.266666667,373488.3333,2.1,233397.3333,2.133333333,163215.3333,2.966666667,122306,1.3,37036.17333,4.833333333,135.2333333,1219,145505.01,420449.01,1594,1803,2043,16455
E08000015,Wirral,2025Q1,206797.3333,4.566666667,371705.6667,4.233333333,233287.3333,4.7,163295,5.566666667,121463,2.8,37455.05667,4.583333333,135.9666667,1320,151643.01,452067.99,1504,1709,1994,16068
E08000015,Wirral,2025Q2,202655,1.766666667,364861,2.133333333,229222.3333,2.3,159990.6667,2.5,117885.6667,-1.5,37869.35333,4.333333333,138.5,832,185370,790707.99,1832,1872,2299,12370.02
E08000015,Wirral,2025Q3,212224,3.2,381095.3333,3.466666667,240667.6667,3.966666667,168296.3333,3.7,121696.3333,-0.333333333,38010,4.083333333,139.2,1012,376097.01,568923.99,1781,2065,2416,13254.99
E08000015,Wirral,2025Q4,216909,4.7,388827.3333,4.1,245976.3333,5.4,172608.3333,5.766666667,123780.6667,1.233333333,38010,3.916666667,139.8,945,116405.01,429636,1737,1862,1919,13194
